{"enet": [{"auroc": [0.5891428571428571, 0.5, 0.5, 0.5, 0.5, 0.5, 0.5, 0.5, 0.5, 0.5], "acc": [0.5833333333333334, 0.4166666666666667, 0.4166666666666667, 0.4166666666666667, 0.4166666666666667, 0.4166666666666667, 0.4166666666666667, 0.4166666666666667, 0.4166666666666667, 0.4166666666666667], "aps": [0.6657607633543786, 0.5833333333333334, 0.5833333333333334, 0.5833333333333334, 0.5833333333333334, 0.5833333333333334, 0.5833333333333334, 0.5833333333333334, 0.5833333333333334, 0.5833333333333334], "f1": [0.7368421052631579, 0.0, 0.0, 0.0, 0.0, 0.0, 0.0, 0.0, 0.0, 0.0], "auprc": [0.654859124022772, 0.7916666666666667, 0.7916666666666667, 0.7916666666666667, 0.7916666666666667, 0.7916666666666667, 0.7916666666666667, 0.7916666666666667, 0.7916666666666667, 0.7916666666666667]}]}