{"enet": [{"auroc": [0.5178571428571428, 0.5, 0.5178571428571428, 0.5, 0.5178571428571428, 0.5, 0.4464285714285714, 0.5, 0.5178571428571428, 0.5178571428571428], "acc": [0.5333333333333333, 0.5333333333333333, 0.5333333333333333, 0.5333333333333333, 0.5333333333333333, 0.5333333333333333, 0.5333333333333333, 0.5333333333333333, 0.5333333333333333, 0.5333333333333333], "aps": [0.49773242630385484, 0.4666666666666667, 0.49773242630385484, 0.4666666666666667, 0.49773242630385484, 0.4666666666666667, 0.5897959183673469, 0.4666666666666667, 0.49773242630385484, 0.49773242630385484], "f1": [0.0, 0.0, 0.0, 0.0, 0.0, 0.0, 0.22222222222222224, 0.0, 0.0, 0.0], "auprc": [0.42950898308041163, 0.7333333333333334, 0.42950898308041163, 0.7333333333333334, 0.42950898308041163, 0.7333333333333334, 0.5575281860996146, 0.7333333333333334, 0.42950898308041163, 0.42950898308041163]}]}