{"auroc": [0.5535714285714286, 0.5892857142857143, 0.3928571428571428, 0.6071428571428571, 0.625, 0.25, 0.49999999999999994, 0.5892857142857143, 0.4821428571428571, 0.48214285714285715], "acc": [0.5333333333333333, 0.5333333333333333, 0.5333333333333333, 0.5333333333333333, 0.5333333333333333, 0.5333333333333333, 0.5333333333333333, 0.5333333333333333, 0.5333333333333333, 0.5333333333333333], "aps": [0.5320037105751392, 0.6525775811490095, 0.4232073482073482, 0.6114778079063794, 0.5919501133786848, 0.38136982065553493, 0.5808080808080809, 0.5477324263038549, 0.4621624407338693, 0.543908472479901], "f1": [0.0, 0.0, 0.0, 0.0, 0.0, 0.0, 0.0, 0.0, 0.0, 0.0], "auprc": [0.4625592661306947, 0.6307105592819878, 0.37340794126508414, 0.5775076114361828, 0.5233865341008198, 0.3284852052709195, 0.5469100344100344, 0.4783601319315605, 0.40595495774067203, 0.5125176410890696]}