{"enet": [{"auroc": [0.4642857142857143, 0.5178571428571428, 0.5178571428571428, 0.5178571428571428, 0.5625, 0.3482142857142857, 0.4642857142857143, 0.5178571428571428, 0.4642857142857143, 0.5625], "acc": [0.4, 0.6, 0.6, 0.5333333333333333, 0.5333333333333333, 0.3333333333333333, 0.4, 0.6, 0.4, 0.5333333333333333], "aps": [0.5801278086992372, 0.6303331589045875, 0.6303331589045875, 0.5982683982683983, 0.5412698412698412, 0.40087610801896517, 0.5801278086992372, 0.6303331589045875, 0.5801278086992372, 0.5412698412698412], "f1": [0.47058823529411764, 0.6250000000000001, 0.6250000000000001, 0.36363636363636365, 0.36363636363636365, 0.16666666666666666, 0.47058823529411764, 0.6250000000000001, 0.47058823529411764, 0.36363636363636365], "auprc": [0.546362962434391, 0.6085339263910692, 0.6085339263910692, 0.5642547928262214, 0.54297052154195, 0.4234037787609216, 0.546362962434391, 0.6085339263910692, 0.546362962434391, 0.54297052154195]}]}