{"enet": [{"auroc": [0.6071428571428571, 0.5, 0.5535714285714286, 0.5535714285714286, 0.5, 0.5, 0.6964285714285714, 0.5, 0.5535714285714286, 0.6964285714285714], "acc": [0.5333333333333333, 0.5333333333333333, 0.5333333333333333, 0.5333333333333333, 0.5333333333333333, 0.5333333333333333, 0.5333333333333333, 0.6, 0.5333333333333333, 0.5333333333333333], "aps": [0.5738927738927738, 0.4666666666666667, 0.5473003187288901, 0.5473003187288901, 0.4666666666666667, 0.4666666666666667, 0.6386363636363637, 0.5756933542647829, 0.5473003187288901, 0.6386363636363637], "f1": [0.0, 0.0, 0.0, 0.0, 0.0, 0.0, 0.0, 0.4, 0.0, 0.0], "auprc": [0.5044067044067043, 0.7333333333333334, 0.47754626326054894, 0.47754626326054894, 0.7333333333333334, 0.7333333333333334, 0.5717145949288805, 0.6030743066457351, 0.47754626326054894, 0.5717145949288805]}]}