{"enet": [{"auroc": [0.5178571428571428, 0.5178571428571428, 0.6785714285714286, 0.6607142857142857, 0.5178571428571428, 0.5178571428571428, 0.6964285714285714, 0.5178571428571428, 0.7321428571428571, 0.6428571428571428], "acc": [0.5333333333333333, 0.5333333333333333, 0.6666666666666666, 0.5333333333333333, 0.5333333333333333, 0.5333333333333333, 0.6666666666666666, 0.5333333333333333, 0.6, 0.5333333333333333], "aps": [0.6047619047619047, 0.6047619047619047, 0.741017316017316, 0.758451072736787, 0.5663479377765093, 0.6135531135531136, 0.7936507936507936, 0.6047619047619047, 0.759065934065934, 0.7786848072562358], "f1": [0.0, 0.0, 0.4444444444444445, 0.0, 0.0, 0.0, 0.4444444444444445, 0.0, 0.25, 0.0], "auprc": [0.5707831850688994, 0.5707831850688994, 0.7216991341991341, 0.7443615907901622, 0.5334986442129299, 0.5808536701393844, 0.7836885336885336, 0.5707831850688994, 0.7397937380080237, 0.768855747427176]}]}