{"auroc": [0.46428571428571425, 0.625, 0.5535714285714285, 0.5357142857142856, 0.625, 0.6785714285714286, 0.625, 0.6071428571428571, 0.5178571428571429, 0.5178571428571428], "acc": [0.5333333333333333, 0.5333333333333333, 0.5333333333333333, 0.5333333333333333, 0.5333333333333333, 0.5333333333333333, 0.5333333333333333, 0.5333333333333333, 0.5333333333333333, 0.5333333333333333], "aps": [0.45422593279736134, 0.5639455782312925, 0.5126984126984127, 0.50717377860235, 0.555952380952381, 0.604421768707483, 0.551923076923077, 0.6375850340136054, 0.4845547309833024, 0.4824263038548753], "f1": [0.0, 0.0, 0.0, 0.0, 0.0, 0.0, 0.0, 0.0, 0.0, 0.0], "auprc": [0.40378748235891093, 0.5072278911564626, 0.4548491191348335, 0.44925233496662065, 0.4987833594976452, 0.5361983254840397, 0.49455564276992847, 0.6036148375434089, 0.43391786784643926, 0.43171986743415314]}