{"enet": [{"auroc": [0.6071428571428571, 0.6160714285714286, 0.6071428571428571, 0.6339285714285714, 0.6160714285714286, 0.5357142857142857, 0.6785714285714286, 0.5714285714285714, 0.6071428571428571, 0.6071428571428571], "acc": [0.6, 0.5333333333333333, 0.6, 0.6, 0.5333333333333333, 0.5333333333333333, 0.5333333333333333, 0.4666666666666667, 0.6, 0.6], "aps": [0.6090136054421769, 0.6191308691308691, 0.6090136054421769, 0.644047619047619, 0.6191308691308691, 0.5288283145426003, 0.7107975357975358, 0.5474446188731903, 0.6090136054421769, 0.6090136054421769], "f1": [0.5714285714285714, 0.4615384615384615, 0.5714285714285714, 0.5, 0.4615384615384615, 0.5333333333333333, 0.36363636363636365, 0.3333333333333333, 0.5714285714285714, 0.5714285714285714], "auprc": [0.5765044479330194, 0.6576379969237112, 0.5765044479330194, 0.6830627705627705, 0.6576379969237112, 0.6414288092859521, 0.689072237286523, 0.477618413332699, 0.5765044479330194, 0.5765044479330194]}]}