{"enet": [{"auroc": [0.5178571428571428, 0.5178571428571428, 0.5178571428571428, 0.5535714285714286, 0.4732142857142857, 0.6071428571428571, 0.5178571428571428, 0.5178571428571428, 0.5178571428571428, 0.5535714285714286], "acc": [0.5333333333333333, 0.5333333333333333, 0.5333333333333333, 0.4666666666666667, 0.4, 0.6, 0.5333333333333333, 0.5333333333333333, 0.5333333333333333, 0.4666666666666667], "aps": [0.5850340136054422, 0.5850340136054422, 0.5850340136054422, 0.4920333634619349, 0.4477324263038549, 0.5639455782312925, 0.5850340136054422, 0.5850340136054422, 0.5850340136054422, 0.4920333634619349], "f1": [0.0, 0.0, 0.0, 0.2, 0.18181818181818182, 0.5, 0.0, 0.0, 0.0, 0.2], "auprc": [0.5512622298336584, 0.5512622298336584, 0.5512622298336584, 0.5067309674452531, 0.4687225472939759, 0.6141001855287569, 0.5512622298336584, 0.5512622298336584, 0.5512622298336584, 0.5067309674452531]}]}