{"enet": [{"auroc": [0.48214285714285715, 0.48214285714285715, 0.48214285714285715, 0.4821428571428572, 0.48214285714285715, 0.42857142857142855, 0.48214285714285715, 0.48214285714285715, 0.48214285714285715, 0.48214285714285715], "acc": [0.5333333333333333, 0.5333333333333333, 0.5333333333333333, 0.5333333333333333, 0.5333333333333333, 0.6, 0.5333333333333333, 0.5333333333333333, 0.5333333333333333, 0.5333333333333333], "aps": [0.5522889808604095, 0.5522889808604095, 0.5522889808604095, 0.4756545042259328, 0.5522889808604095, 0.5927738927738928, 0.5522889808604095, 0.5522889808604095, 0.5522889808604095, 0.5522889808604095], "f1": [0.0, 0.0, 0.0, 0.22222222222222224, 0.0, 0.25, 0.0, 0.0, 0.0, 0.0], "auprc": [0.5187310705167848, 0.5187310705167848, 0.5187310705167848, 0.4823589109303395, 0.5187310705167848, 0.5722111222111221, 0.5187310705167848, 0.5187310705167848, 0.5187310705167848, 0.5187310705167848]}]}