{"enet": [{"auroc": [0.5178571428571429, 0.5178571428571429, 0.5178571428571429, 0.5535714285714286, 0.6071428571428572, 0.5178571428571429, 0.6071428571428572, 0.5535714285714286, 0.5178571428571429, 0.3392857142857143], "acc": [0.6666666666666666, 0.6666666666666666, 0.6666666666666666, 0.6, 0.6, 0.6666666666666666, 0.6, 0.6, 0.6666666666666666, 0.4666666666666667], "aps": [0.49169758812615955, 0.49169758812615955, 0.49169758812615955, 0.5167277167277167, 0.5952380952380952, 0.49169758812615955, 0.5952380952380952, 0.5167277167277167, 0.49169758812615955, 0.39282622139765], "f1": [0.6666666666666666, 0.6666666666666666, 0.6666666666666666, 0.5714285714285714, 0.5714285714285714, 0.6666666666666666, 0.5714285714285714, 0.5714285714285714, 0.6666666666666666, 0.5555555555555556], "auprc": [0.4351345083487941, 0.4351345083487941, 0.4351345083487941, 0.5306166056166055, 0.6805139305139305, 0.4351345083487941, 0.6805139305139305, 0.5306166056166055, 0.4351345083487941, 0.5211645497359783]}]}