{"auroc": [0.5178571428571428, 0.4642857142857143, 0.5357142857142857, 0.35714285714285715, 0.4285714285714285, 0.3392857142857143, 0.42857142857142855, 0.5535714285714285, 0.375, 0.23214285714285712], "acc": [0.6, 0.4666666666666667, 0.6666666666666666, 0.4666666666666667, 0.4666666666666667, 0.4666666666666667, 0.4666666666666667, 0.6666666666666666, 0.4666666666666667, 0.4], "aps": [0.6047619047619047, 0.5700680272108843, 0.6183673469387755, 0.4193611943611944, 0.5025641025641026, 0.40924036281179144, 0.5336469086469087, 0.5412698412698412, 0.4461142032570604, 0.46378859236002096], "f1": [0.25, 0.5, 0.6153846153846153, 0.5555555555555556, 0.5, 0.5, 0.2, 0.6153846153846153, 0.5, 0.30769230769230765], "auprc": [0.5707831850688994, 0.5364294435723007, 0.5847287633001919, 0.363677195820053, 0.4331763474620617, 0.35950200593057735, 0.5005557934129363, 0.4718099360956503, 0.37816568352282637, 0.434856413427842]}