{"enet": [{"auroc": [0.5714285714285714, 0.5714285714285714, 0.5714285714285714, 0.5714285714285714, 0.5714285714285714, 0.5892857142857142, 0.5535714285714286, 0.5892857142857142, 0.5535714285714286, 0.6071428571428571], "acc": [0.4666666666666667, 0.4666666666666667, 0.4666666666666667, 0.4666666666666667, 0.4666666666666667, 0.5333333333333333, 0.5333333333333333, 0.4666666666666667, 0.5333333333333333, 0.4], "aps": [0.5768398268398268, 0.5768398268398268, 0.5768398268398268, 0.5768398268398268, 0.5768398268398268, 0.5823343323343323, 0.5435897435897435, 0.5958874458874459, 0.5435897435897435, 0.6013819513819514], "f1": [0.5555555555555556, 0.5555555555555556, 0.5555555555555556, 0.5555555555555556, 0.5555555555555556, 0.631578947368421, 0.631578947368421, 0.5555555555555556, 0.631578947368421, 0.47058823529411764], "auprc": [0.5086163836163836, 0.5086163836163836, 0.5086163836163836, 0.5086163836163836, 0.5086163836163836, 0.5141108891108891, 0.4737635380492523, 0.5288544788544788, 0.4737635380492523, 0.5343489843489844]}]}