{"enet": [{"auroc": [0.625, 0.625, 0.7857142857142857, 0.5535714285714285, 0.625, 0.625, 0.75, 0.6071428571428572, 0.625, 0.625], "acc": [0.6, 0.6, 0.6666666666666666, 0.6, 0.6, 0.6, 0.6666666666666666, 0.6, 0.6, 0.6], "aps": [0.6145081109366823, 0.6145081109366823, 0.7006802721088435, 0.5103483817769532, 0.5607452071737786, 0.5607452071737786, 0.6682900432900434, 0.58217377860235, 0.6145081109366823, 0.6145081109366823], "f1": [0.5714285714285714, 0.5714285714285714, 0.7058823529411764, 0.5, 0.5, 0.5, 0.6153846153846153, 0.4, 0.5714285714285714, 0.5714285714285714], "auprc": [0.5819989534275247, 0.5819989534275247, 0.7974644403215831, 0.5238816738816738, 0.4911023500309215, 0.4911023500309215, 0.6957946815089672, 0.607727391655963, 0.5819989534275247, 0.5819989534275247]}]}