{"auroc": [0.6071428571428571, 0.39285714285714285, 0.3571428571428571, 0.4821428571428571, 0.4464285714285714, 0.46428571428571425, 0.4464285714285714, 0.44642857142857145, 0.3928571428571428, 0.3571428571428571], "acc": [0.5333333333333333, 0.5333333333333333, 0.5333333333333333, 0.5333333333333333, 0.5333333333333333, 0.5333333333333333, 0.5333333333333333, 0.5333333333333333, 0.5333333333333333, 0.5333333333333333], "aps": [0.5603483817769532, 0.5145992895992897, 0.4363636363636364, 0.5694444444444444, 0.5460927960927962, 0.5515040515040515, 0.46454339311482173, 0.5401404151404152, 0.5320425606139891, 0.41287284144427006], "f1": [0.0, 0.0, 0.0, 0.0, 0.0, 0.0, 0.0, 0.0, 0.0, 0.0], "auprc": [0.49056380127808696, 0.482724814867672, 0.3693568336425479, 0.5362395540966969, 0.5123445998445999, 0.5176476301476302, 0.3975799993657136, 0.5069771498342928, 0.49851081458224317, 0.367264085121228]}