{"auroc": [0.4642857142857143, 0.4642857142857143, 0.26785714285714285, 0.42857142857142855, 0.375, 0.4107142857142857, 0.4107142857142857, 0.4642857142857143, 0.4464285714285714, 0.48214285714285715], "acc": [0.6, 0.5333333333333333, 0.4, 0.4666666666666667, 0.4666666666666667, 0.5333333333333333, 0.4666666666666667, 0.4666666666666667, 0.5333333333333333, 0.4666666666666667], "aps": [0.5446188731903018, 0.5541950113378684, 0.37927746856318284, 0.4452380952380952, 0.5105442176870749, 0.5224489795918368, 0.5224489795918368, 0.5541950113378684, 0.5485260770975056, 0.6144601430315717], "f1": [0.6250000000000001, 0.5333333333333333, 0.39999999999999997, 0.6, 0.5, 0.5333333333333333, 0.5555555555555556, 0.42857142857142855, 0.588235294117647, 0.5], "auprc": [0.5121053549624979, 0.5205564276992849, 0.33539357467928893, 0.3944856730571016, 0.4794669616098187, 0.49119134833420547, 0.49119134833420547, 0.5205564276992849, 0.5146890807605093, 0.5928026338740624]}