{"auroc": [0.48214285714285715, 0.39285714285714285, 0.5, 0.625, 0.46428571428571425, 0.35714285714285715, 0.5178571428571428, 0.42857142857142855, 0.375, 0.42857142857142855], "acc": [0.5333333333333333, 0.4666666666666667, 0.4, 0.7333333333333333, 0.4666666666666667, 0.3333333333333333, 0.4, 0.4666666666666667, 0.4, 0.4], "aps": [0.5848373848373848, 0.5247776033490319, 0.6324564324564323, 0.5661564625850339, 0.5826530612244898, 0.4358887144601431, 0.6189952904238618, 0.5509070294784579, 0.4444745730460017, 0.5356833642547929], "f1": [0.22222222222222224, 0.42857142857142855, 0.47058823529411764, 0.75, 0.42857142857142855, 0.16666666666666666, 0.5263157894736842, 0.42857142857142855, 0.5714285714285714, 0.5263157894736842], "auprc": [0.551007127792842, 0.4915941201655487, 0.6105309373166515, 0.4967425431711146, 0.5488547167118596, 0.3691734852449137, 0.5863220113220112, 0.5172504083218369, 0.37665905523048376, 0.5029672708244137]}