{"enet": [{"auroc": [0.5178571428571428, 0.5, 0.5, 0.5178571428571428, 0.5, 0.5178571428571428, 0.6785714285714286, 0.5178571428571428, 0.4642857142857143, 0.6785714285714286], "acc": [0.5333333333333333, 0.5333333333333333, 0.5333333333333333, 0.5333333333333333, 0.5333333333333333, 0.5333333333333333, 0.5333333333333333, 0.6666666666666666, 0.5333333333333333, 0.5333333333333333], "aps": [0.5275200989486704, 0.4666666666666667, 0.4666666666666667, 0.5275200989486704, 0.4666666666666667, 0.5275200989486704, 0.65, 0.5659340659340659, 0.47069597069597063, 0.65], "f1": [0.0, 0.0, 0.0, 0.0, 0.0, 0.0, 0.0, 0.5454545454545454, 0.0, 0.0], "auprc": [0.4577660434803291, 0.7333333333333334, 0.7333333333333334, 0.4577660434803291, 0.7333333333333334, 0.4577660434803291, 0.5844821844821845, 0.5927584320441462, 0.4128161521018664, 0.5844821844821845]}]}