{"enet": [{"auroc": [0.4642857142857143, 0.5535714285714286, 0.5178571428571428, 0.39285714285714285, 0.375, 0.4642857142857143, 0.5535714285714286, 0.5178571428571428, 0.39285714285714285, 0.5535714285714286], "acc": [0.5333333333333333, 0.5333333333333333, 0.5333333333333333, 0.5333333333333333, 0.5333333333333333, 0.5333333333333333, 0.5333333333333333, 0.5333333333333333, 0.5333333333333333, 0.5333333333333333], "aps": [0.5016174301888587, 0.5642333856619571, 0.5460927960927962, 0.4306166056166057, 0.4499167499167499, 0.5564625850340135, 0.5642333856619571, 0.5460927960927962, 0.4306166056166057, 0.5642333856619571], "f1": [0.0, 0.0, 0.0, 0.0, 0.0, 0.0, 0.0, 0.0, 0.0, 0.0], "auprc": [0.4322451358165644, 0.495639281353567, 0.47764041514041505, 0.37483429269143553, 0.3817349317349317, 0.5224838653410082, 0.495639281353567, 0.47764041514041505, 0.37483429269143553, 0.495639281353567]}]}