{"auroc": [0.5178571428571428, 0.6428571428571428, 0.5714285714285714, 0.5535714285714286, 0.39285714285714285, 0.5892857142857142, 0.4107142857142857, 0.5535714285714286, 0.5178571428571428, 0.46428571428571425], "acc": [0.5333333333333333, 0.5333333333333333, 0.5333333333333333, 0.5333333333333333, 0.5333333333333333, 0.5333333333333333, 0.5333333333333333, 0.5333333333333333, 0.5333333333333333, 0.5333333333333333], "aps": [0.5164141414141414, 0.6829063793349508, 0.5460016174301888, 0.5770673770673771, 0.458843537414966, 0.6215118215118215, 0.5445578231292516, 0.6405895691609977, 0.5558132343846629, 0.4486703772418058], "f1": [0.0, 0.0, 0.0, 0.0, 0.0, 0.0, 0.0, 0.0, 0.0, 0.0], "auprc": [0.4475365903937332, 0.660840944769516, 0.47617541188969753, 0.5441459334316477, 0.3905213833785262, 0.587399901685616, 0.5110996146710433, 0.6187225472939759, 0.5244640280354567, 0.3994640280354566]}