{"auroc": [0.48214285714285715, 0.375, 0.5714285714285714, 0.5892857142857143, 0.48214285714285715, 0.5714285714285714, 0.4821428571428571, 0.5535714285714286, 0.39285714285714285, 0.4107142857142857], "acc": [0.5333333333333333, 0.5333333333333333, 0.5333333333333333, 0.5333333333333333, 0.5333333333333333, 0.5333333333333333, 0.5333333333333333, 0.5333333333333333, 0.5333333333333333, 0.5333333333333333], "aps": [0.48100470957613817, 0.5030346637489496, 0.6363945578231293, 0.6155071119356834, 0.5511294261294262, 0.5875592661306948, 0.5459397745112031, 0.5335299621013906, 0.507674468388754, 0.5261072261072262], "f1": [0.0, 0.0, 0.0, 0.0, 0.0, 0.0, 0.0, 0.0, 0.0, 0.0], "auprc": [0.4127091162805448, 0.47334490905919474, 0.6034992784992784, 0.5815630797773654, 0.5179245357816786, 0.5538291074005359, 0.5134306170020455, 0.46404389261532114, 0.4781415013557871, 0.49366585795157225]}