{"enet": [{"auroc": [0.5, 0.5, 0.4821428571428571, 0.5, 0.4642857142857142, 0.5, 0.4821428571428571, 0.4642857142857142, 0.5, 0.4642857142857142], "acc": [0.5333333333333333, 0.5333333333333333, 0.6, 0.4666666666666667, 0.6, 0.5333333333333333, 0.6, 0.6, 0.5333333333333333, 0.6], "aps": [0.6192220477934763, 0.6192220477934763, 0.5570905285190999, 0.5608534322820038, 0.5407338693052979, 0.6192220477934763, 0.5570905285190999, 0.5407338693052979, 0.6192220477934763, 0.5407338693052979], "f1": [0.0, 0.0, 0.25, 0.2, 0.25, 0.0, 0.25, 0.25, 0.0, 0.25], "auprc": [0.5975383743240885, 0.5975383743240885, 0.5242368742368742, 0.5280041387184244, 0.5083204493918779, 0.5975383743240885, 0.5242368742368742, 0.5083204493918779, 0.5975383743240885, 0.5083204493918779]}]}