{"enet": [{"auroc": [0.5, 0.5, 0.5, 0.5892857142857142, 0.6071428571428571, 0.5, 0.5, 0.5, 0.5, 0.5892857142857142], "acc": [0.5333333333333333, 0.5333333333333333, 0.5333333333333333, 0.6, 0.5333333333333333, 0.5333333333333333, 0.5333333333333333, 0.5333333333333333, 0.5333333333333333, 0.6], "aps": [0.5612244897959184, 0.5612244897959184, 0.5612244897959184, 0.6174603174603175, 0.5423469387755102, 0.5612244897959184, 0.4768707482993197, 0.5612244897959184, 0.5612244897959184, 0.6174603174603175], "f1": [0.0, 0.0, 0.0, 0.25, 0.36363636363636365, 0.0, 0.36363636363636365, 0.0, 0.0, 0.25], "auprc": [0.5274527060241345, 0.5274527060241345, 0.5274527060241345, 0.583420547706262, 0.5917822257107971, 0.5274527060241345, 0.49464028035456603, 0.5274527060241345, 0.5274527060241345, 0.583420547706262]}]}