{"enet": [{"auroc": [0.5, 0.5, 0.5, 0.4375, 0.5178571428571428, 0.4375, 0.5, 0.4107142857142857, 0.5, 0.4732142857142857], "acc": [0.5333333333333333, 0.5333333333333333, 0.5333333333333333, 0.4666666666666667, 0.6, 0.4666666666666667, 0.5333333333333333, 0.5333333333333333, 0.5333333333333333, 0.5333333333333333], "aps": [0.5602254887969174, 0.5602254887969174, 0.5602254887969174, 0.454029304029304, 0.6225579975579976, 0.454029304029304, 0.5602254887969174, 0.5166357452071737, 0.5602254887969174, 0.4777777777777778], "f1": [0.0, 0.0, 0.0, 0.2, 0.25, 0.2, 0.0, 0.0, 0.0, 0.36363636363636365], "auprc": [0.5265258550972837, 0.5265258550972837, 0.5265258550972837, 0.4701393844250987, 0.6012578691150119, 0.4701393844250987, 0.5265258550972837, 0.4856571999429142, 0.5265258550972837, 0.5323412698412698]}]}