{"enet": [{"auroc": [0.5178571428571429, 0.5714285714285714, 0.44642857142857145, 0.49999999999999994, 0.6607142857142857, 0.44642857142857145, 0.5178571428571429, 0.5178571428571429, 0.6607142857142857, 0.5178571428571429], "acc": [0.5333333333333333, 0.6666666666666666, 0.5333333333333333, 0.6, 0.5333333333333333, 0.5333333333333333, 0.5333333333333333, 0.5333333333333333, 0.5333333333333333, 0.5333333333333333], "aps": [0.5984126984126985, 0.7015873015873015, 0.5016483516483516, 0.5349206349206349, 0.6674912389198104, 0.5016483516483516, 0.5984126984126985, 0.5984126984126985, 0.6674912389198104, 0.5984126984126985], "f1": [0.0, 0.4444444444444445, 0.0, 0.4, 0.0, 0.0, 0.0, 0.0, 0.0, 0.0], "auprc": [0.564433978719693, 0.6866908884766028, 0.4320703106417392, 0.5605004122861265, 0.634611420325706, 0.4320703106417392, 0.564433978719693, 0.564433978719693, 0.634611420325706, 0.564433978719693]}]}