{"enet": [{"auroc": [0.5892857142857143, 0.5892857142857143, 0.5892857142857143, 0.5178571428571428, 0.4464285714285714, 0.5892857142857143, 0.5892857142857142, 0.4464285714285714, 0.5892857142857143, 0.5892857142857143], "acc": [0.6, 0.6, 0.6, 0.5333333333333333, 0.4666666666666667, 0.6, 0.6, 0.4666666666666667, 0.6, 0.6], "aps": [0.6042517006802721, 0.6042517006802721, 0.6042517006802721, 0.4790558647701505, 0.47868480725623586, 0.6042517006802721, 0.5414141414141415, 0.47868480725623586, 0.6042517006802721, 0.6042517006802721], "f1": [0.5714285714285714, 0.5714285714285714, 0.5714285714285714, 0.5333333333333333, 0.3333333333333333, 0.5714285714285714, 0.6250000000000001, 0.3333333333333333, 0.5714285714285714, 0.5714285714285714], "auprc": [0.5717687074829931, 0.5717687074829931, 0.5717687074829931, 0.5864667078952793, 0.4101822780394209, 0.5717687074829931, 0.6941764584621728, 0.4101822780394209, 0.5717687074829931, 0.5717687074829931]}]}