{"auroc": [0.5892857142857143, 0.4285714285714286, 0.5535714285714286, 0.5, 0.375, 0.4107142857142857, 0.49999999999999994, 0.5, 0.6428571428571428, 0.5178571428571429], "acc": [0.5333333333333333, 0.5333333333333333, 0.4666666666666667, 0.5333333333333333, 0.5333333333333333, 0.5333333333333333, 0.5333333333333333, 0.5333333333333333, 0.5333333333333333, 0.5333333333333333], "aps": [0.6705215419501134, 0.4469387755102041, 0.5181405895691609, 0.5754578754578754, 0.5187641723356009, 0.44994767137624286, 0.5231292517006803, 0.5054421768707482, 0.6743506493506493, 0.5133786848072562], "f1": [0.0, 0.0, 0.0, 0.0, 0.0, 0.0, 0.0, 0.0, 0.0, 0.0], "auprc": [0.6483405483405482, 0.3905741084312513, 0.46031746031746035, 0.5414137449851736, 0.48587285730142876, 0.3934648684648684, 0.45377638234781087, 0.4356421356421356, 0.6419372294372294, 0.4435786435786435]}