{"auroc": [0.4464285714285714, 0.5178571428571428, 0.5535714285714286, 0.6071428571428572, 0.5714285714285714, 0.5714285714285715, 0.6428571428571429, 0.6071428571428572, 0.6428571428571429, 0.6785714285714285], "acc": [0.5333333333333333, 0.5333333333333333, 0.5333333333333333, 0.5333333333333333, 0.4666666666666667, 0.5333333333333333, 0.5333333333333333, 0.5333333333333333, 0.5333333333333333, 0.5333333333333333], "aps": [0.4477324263038549, 0.5006802721088435, 0.5141112855398569, 0.5423469387755102, 0.5953514739229024, 0.5137755102040817, 0.5687074829931973, 0.5687074829931973, 0.5829931972789115, 0.6869047619047619], "f1": [0.0, 0.0, 0.0, 0.0, 0.0, 0.0, 0.0, 0.0, 0.0, 0.0], "auprc": [0.39729397586540444, 0.4427588284731142, 0.4561898419041276, 0.4848377812663527, 0.5283795569509855, 0.4574568288854003, 0.5119636316064887, 0.49978830693116405, 0.5141461712890285, 0.6545373277516133]}