{"auroc": [0.5357142857142857, 0.5714285714285714, 0.6071428571428572, 0.5714285714285714, 0.42857142857142855, 0.4642857142857143, 0.5, 0.48214285714285715, 0.375, 0.48214285714285715], "acc": [0.5333333333333333, 0.5333333333333333, 0.5333333333333333, 0.5333333333333333, 0.5333333333333333, 0.5333333333333333, 0.5333333333333333, 0.5333333333333333, 0.5333333333333333, 0.5333333333333333], "aps": [0.5041125541125541, 0.6034322820037106, 0.6466509680795394, 0.5437340437340437, 0.46944444444444444, 0.5368437118437119, 0.49384742241885093, 0.6173160173160173, 0.43588871446014305, 0.4794174079888366], "f1": [0.0, 0.0, 0.0, 0.0, 0.0, 0.0, 0.0, 0.0, 0.0, 0.0], "auprc": [0.4355184498041641, 0.5697021232735519, 0.6137295244438101, 0.4739078381935525, 0.40055143269428983, 0.5048292976864406, 0.4245030762887906, 0.5955473098330241, 0.37869729476872327, 0.41231229088371946]}