{"auroc": [0.5357142857142857, 0.42857142857142855, 0.4642857142857143, 0.23214285714285715, 0.5892857142857142, 0.6607142857142857, 0.6071428571428572, 0.6428571428571429, 0.375, 0.4107142857142857], "acc": [0.4, 0.6, 0.4666666666666667, 0.4, 0.4666666666666667, 0.6666666666666666, 0.6666666666666666, 0.5333333333333333, 0.4666666666666667, 0.4666666666666667], "aps": [0.5155071119356833, 0.5701377987092273, 0.539856968428397, 0.3681663574520717, 0.556235827664399, 0.6154761904761905, 0.5513914656771799, 0.6369408369408369, 0.47114512471655323, 0.5306689342403628], "f1": [0.18181818181818182, 0.4, 0.42857142857142855, 0.47058823529411764, 0.3333333333333333, 0.6666666666666666, 0.6666666666666666, 0.36363636363636365, 0.5, 0.3333333333333333], "auprc": [0.44703927025355594, 0.5366060526774812, 0.5085077620791907, 0.32686182864754293, 0.48648177219605787, 0.5473944706087562, 0.49437705151990863, 0.6030509173366316, 0.4025395239680954, 0.49759724402581545]}