{"enet": [{"auroc": [0.6785714285714286, 0.7321428571428572, 0.5357142857142857, 0.5357142857142857, 0.6071428571428571, 0.5357142857142857, 0.6785714285714286, 0.4642857142857143, 0.5357142857142857, 0.5357142857142857], "acc": [0.5333333333333333, 0.5333333333333333, 0.5333333333333333, 0.5333333333333333, 0.5333333333333333, 0.5333333333333333, 0.5333333333333333, 0.6, 0.5333333333333333, 0.5333333333333333], "aps": [0.6195887445887446, 0.6977118119975263, 0.5270364556078841, 0.5270364556078841, 0.5794483294483295, 0.5270364556078841, 0.6195887445887446, 0.6213976499690785, 0.5270364556078841, 0.5270364556078841], "f1": [0.0, 0.0, 0.0, 0.0, 0.0, 0.0, 0.0, 0.25, 0.0, 0.0], "auprc": [0.5514764996907854, 0.6647289218717789, 0.4575503861218147, 0.4575503861218147, 0.5108126000983144, 0.4575503861218147, 0.5514764996907854, 0.5997359783074069, 0.4575503861218147, 0.4575503861218147]}]}