{"enet": [{"auroc": [0.5, 0.4464285714285714, 0.5, 0.5, 0.5, 0.5, 0.5, 0.5, 0.5, 0.5178571428571428], "acc": [0.6, 0.5333333333333333, 0.6, 0.6, 0.6, 0.6, 0.6, 0.6, 0.6, 0.5333333333333333], "aps": [0.5024420024420024, 0.4649350649350649, 0.5024420024420024, 0.5024420024420024, 0.5024420024420024, 0.5024420024420024, 0.5024420024420024, 0.5024420024420024, 0.5024420024420024, 0.5507936507936508], "f1": [0.6250000000000001, 0.4615384615384615, 0.6250000000000001, 0.6250000000000001, 0.6250000000000001, 0.6250000000000001, 0.6250000000000001, 0.6250000000000001, 0.6250000000000001, 0.4615384615384615], "auprc": [0.4326574219431362, 0.4788806431663575, 0.4326574219431362, 0.4326574219431362, 0.4326574219431362, 0.4326574219431362, 0.4326574219431362, 0.4326574219431362, 0.4326574219431362, 0.5763387406244549]}]}