{"auroc": [0.44642857142857145, 0.42857142857142855, 0.6428571428571428, 0.5178571428571429, 0.37499999999999994, 0.33928571428571425, 0.23214285714285712, 0.3214285714285714, 0.3928571428571428, 0.46428571428571425], "acc": [0.5333333333333333, 0.3333333333333333, 0.4, 0.6, 0.5333333333333333, 0.3333333333333333, 0.26666666666666666, 0.4, 0.4666666666666667, 0.5333333333333333], "aps": [0.5403929403929404, 0.5404761904761906, 0.6806122448979592, 0.5746031746031746, 0.4169243454957741, 0.42823565323565327, 0.3721992293420865, 0.42670068027210883, 0.4445269016697589, 0.5444444444444445], "f1": [0.5333333333333333, 0.4444444444444444, 0.5714285714285714, 0.6250000000000001, 0.0, 0.4444444444444444, 0.0, 0.30769230769230765, 0.5, 0.0], "auprc": [0.5076114361828648, 0.5078683221540364, 0.6486239950525663, 0.5405174190888477, 0.371415687487116, 0.3619455940884512, 0.3275177203748632, 0.3594839684125398, 0.3871509442938015, 0.5116908884766027]}