{"auroc": [0.375, 0.3928571428571428, 0.6428571428571428, 0.3214285714285714, 0.4464285714285714, 0.30357142857142855, 0.2857142857142857, 0.5178571428571428, 0.375, 0.375], "acc": [0.5333333333333333, 0.26666666666666666, 0.6666666666666666, 0.3333333333333333, 0.4, 0.4, 0.4, 0.5333333333333333, 0.3333333333333333, 0.4666666666666667], "aps": [0.43883219954648534, 0.5085937871652157, 0.6156771799628942, 0.42621545121545124, 0.5330808080808082, 0.39569597069597073, 0.39073307644736216, 0.5285190999476713, 0.501722087436373, 0.44996907854050716], "f1": [0.22222222222222224, 0.3529411764705882, 0.5454545454545454, 0.2857142857142857, 0.18181818181818182, 0.47058823529411764, 0.47058823529411764, 0.36363636363636365, 0.2857142857142857, 0.42857142857142855], "auprc": [0.3733405483405483, 0.440953094524523, 0.5479746444032157, 0.35914977879263593, 0.5010925582354153, 0.34627099091384805, 0.33788354502640217, 0.4587345194488051, 0.47261429047143333, 0.381878835450264]}