{"enet": [{"auroc": [0.6071428571428572, 0.6071428571428572, 0.6071428571428572, 0.6071428571428572, 0.6071428571428572, 0.3482142857142857, 0.6517857142857142, 0.6071428571428572, 0.6071428571428572, 0.6071428571428572], "acc": [0.5333333333333333, 0.5333333333333333, 0.5333333333333333, 0.5333333333333333, 0.5333333333333333, 0.4666666666666667, 0.6, 0.5333333333333333, 0.5333333333333333, 0.5333333333333333], "aps": [0.5875850340136055, 0.5875850340136055, 0.5875850340136055, 0.5875850340136055, 0.5875850340136055, 0.40087610801896517, 0.5988095238095238, 0.5875850340136055, 0.5875850340136055, 0.5875850340136055], "f1": [0.588235294117647, 0.588235294117647, 0.588235294117647, 0.588235294117647, 0.588235294117647, 0.42857142857142855, 0.6666666666666665, 0.588235294117647, 0.588235294117647, 0.588235294117647], "auprc": [0.5190910280195994, 0.5190910280195994, 0.5190910280195994, 0.5190910280195994, 0.5190910280195994, 0.4234037787609216, 0.7268424036281179, 0.5190910280195994, 0.5190910280195994, 0.5190910280195994]}]}