{"enet": [{"auroc": [0.5357142857142857, 0.5535714285714286, 0.5535714285714286, 0.5535714285714286, 0.5892857142857143, 0.6428571428571428, 0.35714285714285715, 0.5535714285714286, 0.6428571428571428, 0.5535714285714286], "acc": [0.6, 0.6, 0.6, 0.6, 0.6, 0.6666666666666666, 0.3333333333333333, 0.5333333333333333, 0.6666666666666666, 0.6], "aps": [0.5166975881261595, 0.5463762428048142, 0.5463762428048142, 0.5463762428048142, 0.5559523809523809, 0.6460626674912389, 0.39753579753579754, 0.5360544217687075, 0.6460626674912389, 0.5463762428048142], "f1": [0.6666666666666665, 0.6250000000000001, 0.6250000000000001, 0.6250000000000001, 0.6250000000000001, 0.7368421052631579, 0.375, 0.588235294117647, 0.7368421052631579, 0.6250000000000001], "auprc": [0.4468713825856683, 0.47673338566195705, 0.47673338566195705, 0.47673338566195705, 0.4866080348223205, 0.6119923727066584, 0.5258087150944294, 0.6485673057101629, 0.6119923727066584, 0.47673338566195705]}]}