{"auroc": [0.625, 0.3928571428571428, 0.4642857142857143, 0.5892857142857142, 0.5357142857142857, 0.4107142857142857, 0.48214285714285715, 0.625, 0.6428571428571428, 0.46428571428571425], "acc": [0.5333333333333333, 0.5333333333333333, 0.5333333333333333, 0.5333333333333333, 0.5333333333333333, 0.5333333333333333, 0.5333333333333333, 0.5333333333333333, 0.6, 0.5333333333333333], "aps": [0.5607452071737786, 0.5102607709750567, 0.5446188731903018, 0.6627293341579055, 0.5732125017839302, 0.5492888064316636, 0.5506493506493506, 0.6612554112554112, 0.7088744588744589, 0.561027861027861], "f1": [0.0, 0.0, 0.0, 0.0, 0.0, 0.0, 0.0, 0.0, 0.25, 0.0], "auprc": [0.4911023500309215, 0.48048340548340546, 0.5121053549624979, 0.6405483405483405, 0.5394407180121465, 0.5160625089196518, 0.5178000570857714, 0.6286741036741036, 0.688197913197913, 0.5271976039833182]}