{"enet": [{"auroc": [0.4107142857142857, 0.4017857142857143, 0.4017857142857143, 0.36607142857142855, 0.42857142857142855, 0.36607142857142855, 0.4017857142857143, 0.375, 0.39285714285714285, 0.4017857142857143], "acc": [0.4666666666666667, 0.4, 0.4, 0.4, 0.4, 0.4, 0.4, 0.4, 0.5333333333333333, 0.4], "aps": [0.44044526901669767, 0.4217421467421467, 0.4217421467421467, 0.40998168498168497, 0.4430315716030002, 0.40998168498168497, 0.4217421467421467, 0.4527468563182848, 0.43503401360544214, 0.4217421467421467], "f1": [0.5, 0.39999999999999997, 0.39999999999999997, 0.39999999999999997, 0.30769230769230765, 0.39999999999999997, 0.39999999999999997, 0.5263157894736842, 0.588235294117647, 0.39999999999999997], "auprc": [0.38415275200989485, 0.5408880801737945, 0.5408880801737945, 0.5294342562199705, 0.5070883481597768, 0.5294342562199705, 0.5408880801737945, 0.38403303046160187, 0.3843886272457701, 0.5408880801737945]}]}