{"enet": [{"auroc": [0.5892857142857143, 0.5892857142857143, 0.5892857142857143, 0.5892857142857143, 0.48214285714285715, 0.5892857142857143, 0.5892857142857143, 0.48214285714285715, 0.5892857142857143, 0.5892857142857143], "acc": [0.6666666666666666, 0.6666666666666666, 0.6666666666666666, 0.6666666666666666, 0.5333333333333333, 0.6666666666666666, 0.6666666666666666, 0.5333333333333333, 0.6666666666666666, 0.6666666666666666], "aps": [0.6042517006802721, 0.6042517006802721, 0.6042517006802721, 0.6042517006802721, 0.5072562358276643, 0.6042517006802721, 0.6042517006802721, 0.5072562358276643, 0.6042517006802721, 0.6042517006802721], "f1": [0.6666666666666666, 0.6666666666666666, 0.6666666666666666, 0.6666666666666666, 0.4615384615384615, 0.6666666666666666, 0.6666666666666666, 0.4615384615384615, 0.6666666666666666, 0.6666666666666666], "auprc": [0.5717687074829931, 0.5717687074829931, 0.5717687074829931, 0.5717687074829931, 0.4375632304203733, 0.5717687074829931, 0.5717687074829931, 0.4375632304203733, 0.5717687074829931, 0.5717687074829931]}]}