{"enet": [{"auroc": [0.5178571428571428, 0.5357142857142857, 0.5714285714285714, 0.5714285714285714, 0.625, 0.5357142857142857, 0.5714285714285714, 0.5803571428571428, 0.5714285714285714, 0.5535714285714286], "acc": [0.5333333333333333, 0.6, 0.5333333333333333, 0.5333333333333333, 0.5333333333333333, 0.6, 0.6, 0.6666666666666666, 0.5333333333333333, 0.4666666666666667], "aps": [0.6403929403929404, 0.6587912087912087, 0.6435064935064936, 0.6435064935064936, 0.6419501133786847, 0.6587912087912087, 0.7159340659340658, 0.583982683982684, 0.6435064935064936, 0.5174603174603174], "f1": [0.0, 0.25, 0.0, 0.0, 0.0, 0.25, 0.25, 0.6153846153846153, 0.0, 0.2], "auprc": [0.6183257218971505, 0.6371723514580656, 0.6110235003092145, 0.6110235003092145, 0.6079103436246294, 0.6371723514580656, 0.7014580657437799, 0.6717116217116217, 0.6110235003092145, 0.5313337456194598]}]}