{"auroc": [0.6428571428571429, 0.5535714285714286, 0.5357142857142857, 0.6607142857142857, 0.6607142857142857, 0.5, 0.5714285714285714, 0.5714285714285714, 0.5714285714285714, 0.6249999999999999], "acc": [0.5333333333333333, 0.6, 0.5333333333333333, 0.5333333333333333, 0.5333333333333333, 0.5333333333333333, 0.5333333333333333, 0.4666666666666667, 0.5333333333333333, 0.5333333333333333], "aps": [0.6375850340136053, 0.6603174603174602, 0.5174603174603174, 0.6591836734693877, 0.6702380952380951, 0.5035714285714286, 0.528061224489796, 0.5280612244897959, 0.6090136054421769, 0.6369047619047619], "f1": [0.0, 0.5, 0.0, 0.0, 0.0, 0.0, 0.0, 0.0, 0.0, 0.0], "auprc": [0.6038854003139718, 0.6382435025292168, 0.4599051741908884, 0.6262755102040817, 0.6369047619047619, 0.4459249084249084, 0.47037981859410427, 0.45963936856793997, 0.575069573283859, 0.6033730158730158]}