{"auroc": [0.5178571428571428, 0.6428571428571429, 0.5535714285714286, 0.3392857142857143, 0.5178571428571428, 0.3571428571428571, 0.5, 0.5357142857142857, 0.5892857142857142, 0.6964285714285714], "acc": [0.4, 0.6, 0.4666666666666667, 0.4, 0.4666666666666667, 0.5333333333333333, 0.6, 0.4666666666666667, 0.6, 0.5333333333333333], "aps": [0.5090136054421769, 0.6416975881261595, 0.5342712842712842, 0.5072201607915894, 0.6284271284271284, 0.40869923727066587, 0.47533577533577537, 0.5770150484436198, 0.5375850340136055, 0.6595238095238095], "f1": [0.18181818181818182, 0.5714285714285714, 0.42857142857142855, 0.39999999999999997, 0.3333333333333333, 0.631578947368421, 0.6250000000000001, 0.3333333333333333, 0.5714285714285714, 0.22222222222222224], "auprc": [0.44054576376004945, 0.6077690166975881, 0.4646284271284271, 0.4747437086722801, 0.6064338439338439, 0.36323656502227925, 0.4186048078905221, 0.5441197691197691, 0.4693615907901622, 0.5941043083900226]}