{"enet": [{"auroc": [0.5714285714285714, 0.5714285714285714, 0.5714285714285714, 0.5, 0.3482142857142857, 0.5892857142857143, 0.5357142857142857, 0.3482142857142857, 0.4910714285714286, 0.375], "acc": [0.5333333333333333, 0.5333333333333333, 0.5333333333333333, 0.5333333333333333, 0.5333333333333333, 0.6, 0.6, 0.5333333333333333, 0.6, 0.4666666666666667], "aps": [0.6507936507936507, 0.6507936507936507, 0.6507936507936507, 0.557997557997558, 0.42619483690912263, 0.6832810047095761, 0.6418058132343847, 0.42619483690912263, 0.5470830756545042, 0.41590314447457305], "f1": [0.0, 0.0, 0.0, 0.4615384615384615, 0.22222222222222224, 0.25, 0.25, 0.22222222222222224, 0.25, 0.2], "auprc": [0.6285864928722071, 0.6285864928722071, 0.6285864928722071, 0.5849636474636474, 0.43232759304187873, 0.6623059480202336, 0.6196969696969696, 0.43232759304187873, 0.5180731966446253, 0.4325852718709861]}]}