{"enet": [{"auroc": [0.42857142857142855, 0.4642857142857143, 0.4285714285714286, 0.42857142857142855, 0.3125, 0.42857142857142855, 0.3125, 0.30357142857142855, 0.4285714285714286, 0.42857142857142855], "acc": [0.5333333333333333, 0.4, 0.3333333333333333, 0.5333333333333333, 0.3333333333333333, 0.5333333333333333, 0.3333333333333333, 0.3333333333333333, 0.3333333333333333, 0.5333333333333333], "aps": [0.4548752834467121, 0.6111935683364256, 0.4401404151404152, 0.4548752834467121, 0.37763783835212406, 0.4548752834467121, 0.37763783835212406, 0.3925736961451248, 0.4401404151404152, 0.4548752834467121], "f1": [0.588235294117647, 0.30769230769230765, 0.2857142857142857, 0.588235294117647, 0.2857142857142857, 0.588235294117647, 0.2857142857142857, 0.2857142857142857, 0.2857142857142857, 0.588235294117647], "auprc": [0.398277516134659, 0.5895318966747538, 0.5045961974533403, 0.398277516134659, 0.4076703058845916, 0.398277516134659, 0.4076703058845916, 0.34759724402581543, 0.5045961974533403, 0.398277516134659]}]}