{"auroc": [0.4642857142857143, 0.48214285714285715, 0.6071428571428571, 0.4642857142857143, 0.5535714285714286, 0.4464285714285714, 0.5357142857142857, 0.5357142857142857, 0.3214285714285714, 0.5892857142857143], "acc": [0.5333333333333333, 0.5333333333333333, 0.5333333333333333, 0.5333333333333333, 0.5333333333333333, 0.5333333333333333, 0.5333333333333333, 0.5333333333333333, 0.5333333333333333, 0.5333333333333333], "aps": [0.4645433931148217, 0.46569858712715856, 0.5511904761904762, 0.5437118437118438, 0.648207348207348, 0.5451548451548451, 0.5166975881261595, 0.6363636363636364, 0.39634532134532136, 0.6232993197278911], "f1": [0.0, 0.0, 0.0, 0.0, 0.0, 0.0, 0.0, 0.0, 0.0, 0.0], "auprc": [0.40710380888952313, 0.4149200006342863, 0.49404761904761896, 0.5109737484737484, 0.6262140637140636, 0.5114968364968364, 0.4468713825856683, 0.6142286285143428, 0.3479764283335712, 0.5893291232576947]}