{"auroc": [0.39285714285714285, 0.39285714285714285, 0.4464285714285714, 0.37499999999999994, 0.4107142857142857, 0.3928571428571428, 0.375, 0.3214285714285714, 0.4464285714285714, 0.4464285714285714], "acc": [0.4, 0.3333333333333333, 0.4666666666666667, 0.4, 0.5333333333333333, 0.5333333333333333, 0.4, 0.26666666666666666, 0.4666666666666667, 0.4666666666666667], "aps": [0.4456349206349207, 0.4574564324564324, 0.4612244897959184, 0.4169243454957741, 0.5254578754578756, 0.4445269016697589, 0.41684109541252395, 0.4872139764996908, 0.5467421467421467, 0.5313492063492065], "f1": [0.18181818181818182, 0.2857142857142857, 0.5, 0.0, 0.4615384615384615, 0.36363636363636365, 0.18181818181818182, 0.15384615384615383, 0.2, 0.2], "auprc": [0.37912286126571837, 0.38867719582005295, 0.40366934652648934, 0.371415687487116, 0.4930985680985681, 0.3871509442938015, 0.3677764695621838, 0.45781420959992386, 0.5129118896976039, 0.49933479219193505]}