{"auroc": [0.48214285714285715, 0.3571428571428571, 0.5357142857142857, 0.4821428571428571, 0.4642857142857143, 0.4642857142857143, 0.5535714285714285, 0.4464285714285714, 0.6249999999999999, 0.375], "acc": [0.5333333333333333, 0.5333333333333333, 0.5333333333333333, 0.5333333333333333, 0.5333333333333333, 0.5333333333333333, 0.5333333333333333, 0.5333333333333333, 0.5333333333333333, 0.5333333333333333], "aps": [0.6176870748299319, 0.41533189033189033, 0.5232993197278911, 0.5587301587301587, 0.6127594627594628, 0.5118524332810047, 0.5913007627293341, 0.4982683982683982, 0.6369047619047619, 0.43495076352219214], "f1": [0.0, 0.0, 0.0, 0.0, 0.0, 0.0, 0.0, 0.0, 0.0, 0.0], "auprc": [0.5959532530961102, 0.36079674293960007, 0.45364100185528755, 0.5247861265718408, 0.5909421927279069, 0.4422743922743922, 0.5572150072150073, 0.4288806431663574, 0.6033730158730158, 0.37784953142096]}