{"enet": [{"auroc": [0.6071428571428571, 0.5714285714285714, 0.6071428571428571, 0.6428571428571428, 0.5714285714285714, 0.5714285714285715, 0.6071428571428571, 0.5714285714285714, 0.6785714285714286, 0.6071428571428571], "acc": [0.5333333333333333, 0.4666666666666667, 0.5333333333333333, 0.6666666666666666, 0.4666666666666667, 0.5333333333333333, 0.5333333333333333, 0.4666666666666667, 0.5333333333333333, 0.5333333333333333], "aps": [0.6704081632653061, 0.5714594928880643, 0.6704081632653061, 0.7078754578754578, 0.5714594928880643, 0.6362244897959184, 0.6704081632653061, 0.5714594928880643, 0.7897959183673469, 0.6704081632653061], "f1": [0.0, 0.0, 0.0, 0.4444444444444445, 0.0, 0.0, 0.0, 0.0, 0.0, 0.0], "auprc": [0.6385269492412349, 0.5028499278499278, 0.6385269492412349, 0.6871989121989122, 0.5028499278499278, 0.6027276295133437, 0.6385269492412349, 0.5028499278499278, 0.7779827315541601, 0.6385269492412349]}]}