{"auroc": [0.5178571428571428, 0.4821428571428571, 0.4464285714285714, 0.46428571428571425, 0.39285714285714285, 0.6428571428571428, 0.5892857142857143, 0.5357142857142857, 0.3214285714285714, 0.49999999999999994], "acc": [0.5333333333333333, 0.5333333333333333, 0.5333333333333333, 0.5333333333333333, 0.5333333333333333, 0.5333333333333333, 0.5333333333333333, 0.5333333333333333, 0.5333333333333333, 0.5333333333333333], "aps": [0.5690785405071119, 0.5173160173160173, 0.5588435374149661, 0.5635531135531135, 0.539979068550497, 0.7088744588744589, 0.6056388056388056, 0.5515873015873016, 0.5012677798392084, 0.5975667189952905], "f1": [0.0, 0.0, 0.0, 0.0, 0.0, 0.0, 0.0, 0.0, 0.0, 0.0], "auprc": [0.5361832611832611, 0.44790209790209784, 0.5250451929023358, 0.5296893582607869, 0.5066457352171638, 0.688197913197913, 0.5715268858126001, 0.48309329559329556, 0.46921649778792635, 0.5637029637029636]}