{"enet": [{"auroc": [0.375, 0.375, 0.3214285714285714, 0.35714285714285715, 0.39285714285714285, 0.26785714285714285, 0.39285714285714285, 0.375, 0.39285714285714285, 0.39285714285714285], "acc": [0.4666666666666667, 0.4666666666666667, 0.4, 0.5333333333333333, 0.4666666666666667, 0.2, 0.4666666666666667, 0.4666666666666667, 0.5333333333333333, 0.5333333333333333], "aps": [0.43333333333333335, 0.43333333333333335, 0.3853785103785104, 0.4160997732426304, 0.4327922077922078, 0.3783704390847248, 0.4327922077922078, 0.43333333333333335, 0.43673469387755104, 0.43673469387755104], "f1": [0.5, 0.5, 0.39999999999999997, 0.588235294117647, 0.2, 0.0, 0.2, 0.5, 0.588235294117647, 0.588235294117647], "auprc": [0.38286832215403643, 0.38286832215403643, 0.41194559408845116, 0.3705564276992849, 0.4475030921459493, 0.33695887445887446, 0.4475030921459493, 0.38286832215403643, 0.38047706261991976, 0.38047706261991976]}]}