{"auroc": [0.49999999999999994, 0.4464285714285714, 0.4464285714285714, 0.625, 0.4107142857142857, 0.42857142857142855, 0.5714285714285714, 0.4285714285714286, 0.4107142857142857, 0.5535714285714286], "acc": [0.4666666666666667, 0.6, 0.3333333333333333, 0.6, 0.5333333333333333, 0.4666666666666667, 0.4666666666666667, 0.4666666666666667, 0.4666666666666667, 0.4666666666666667], "aps": [0.5691086691086691, 0.4477324263038549, 0.5547619047619048, 0.6508769008769009, 0.5224489795918368, 0.5271585557299843, 0.5326839826839826, 0.5303854875283447, 0.4830498866213152, 0.6044431758717472], "f1": [0.3333333333333333, 0.6250000000000001, 0.5, 0.25, 0.588235294117647, 0.5, 0.6363636363636364, 0.42857142857142855, 0.0, 0.6363636363636364], "auprc": [0.5350645386359671, 0.39858276643990925, 0.5209635602492746, 0.6179554572411715, 0.49119134833420547, 0.49583551369265655, 0.4628994021851165, 0.49912785627071343, 0.4142639106924821, 0.5704034061176918]}