{"enet": [{"auroc": [0.5, 0.4196428571428571, 0.5, 0.5267857142857143, 0.5, 0.49107142857142855, 0.5, 0.5, 0.5, 0.5], "acc": [0.5333333333333333, 0.4666666666666667, 0.5333333333333333, 0.5333333333333333, 0.5333333333333333, 0.5333333333333333, 0.5333333333333333, 0.5333333333333333, 0.5333333333333333, 0.5333333333333333], "aps": [0.5612244897959184, 0.45155638012780874, 0.5612244897959184, 0.5006802721088436, 0.5612244897959184, 0.49206349206349204, 0.5612244897959184, 0.5612244897959184, 0.5612244897959184, 0.5612244897959184], "f1": [0.0, 0.2, 0.0, 0.4615384615384615, 0.0, 0.36363636363636365, 0.0, 0.0, 0.0, 0.0], "auprc": [0.5274527060241345, 0.4560937078794221, 0.5274527060241345, 0.5970212327355184, 0.5274527060241345, 0.5466269841269841, 0.5274527060241345, 0.5274527060241345, 0.5274527060241345, 0.5274527060241345]}]}