{"auroc": [0.5, 0.5357142857142857, 0.5, 0.49999999999999994, 0.3928571428571428, 0.4821428571428571, 0.5892857142857142, 0.4464285714285714, 0.4464285714285714, 0.5], "acc": [0.5333333333333333, 0.5333333333333333, 0.5333333333333333, 0.5333333333333333, 0.5333333333333333, 0.5333333333333333, 0.5333333333333333, 0.5333333333333333, 0.5333333333333333, 0.5333333333333333], "aps": [0.47797440654583506, 0.5097204382918668, 0.5802721088435374, 0.49946402803545664, 0.42947845804988666, 0.49350649350649345, 0.5283969998255713, 0.4476713762428048, 0.4486703772418058, 0.547876726448155], "f1": [0.0, 0.0, 0.0, 0.0, 0.0, 0.0, 0.0, 0.0, 0.0, 0.0], "auprc": [0.4203930989645276, 0.44023436880579736, 0.5465264893836321, 0.4300041228612657, 0.374445990517419, 0.4237524380381523, 0.47054770626199194, 0.3924710210424496, 0.39347002204145054, 0.5166692434549578]}