{"auroc": [0.5714285714285714, 0.375, 0.39285714285714285, 0.39285714285714285, 0.5892857142857143, 0.4107142857142857, 0.39285714285714285, 0.46428571428571425, 0.5357142857142857, 0.5178571428571428], "acc": [0.6, 0.4666666666666667, 0.5333333333333333, 0.5333333333333333, 0.6, 0.4666666666666667, 0.4666666666666667, 0.5333333333333333, 0.4666666666666667, 0.6], "aps": [0.5437340437340437, 0.437096237096237, 0.5254792826221397, 0.46355311355311357, 0.6133786848072562, 0.430860409431838, 0.5869178440607012, 0.562096237096237, 0.5032269317983603, 0.49452769452769446], "f1": [0.4, 0.0, 0.0, 0.0, 0.5714285714285714, 0.42857142857142855, 0.3333333333333333, 0.36363636363636365, 0.3333333333333333, 0.5], "auprc": [0.4739078381935525, 0.37125374625374624, 0.492252985110128, 0.39431520860092284, 0.5793650793650793, 0.3806358324215467, 0.5658294086865515, 0.5291619095190523, 0.43500348857491716, 0.4367479742479743]}