{"enet": [{"auroc": [0.6964285714285714, 0.25, 0.6428571428571429, 0.6428571428571429, 0.25, 0.6428571428571429, 0.6428571428571429, 0.2946428571428571, 0.6428571428571429, 0.6428571428571429], "acc": [0.7333333333333333, 0.26666666666666666, 0.5333333333333333, 0.5333333333333333, 0.26666666666666666, 0.5333333333333333, 0.5333333333333333, 0.3333333333333333, 0.5333333333333333, 0.5333333333333333], "aps": [0.6877551020408164, 0.3551837051837052, 0.6691919191919191, 0.6691919191919191, 0.3551837051837052, 0.6691919191919191, 0.6691919191919191, 0.37222658294086863, 0.6691919191919191, 0.6691919191919191], "f1": [0.7142857142857143, 0.3529411764705882, 0.5333333333333333, 0.5333333333333333, 0.3529411764705882, 0.5333333333333333, 0.5333333333333333, 0.2857142857142857, 0.5333333333333333, 0.5333333333333333], "auprc": [0.6548207744636316, 0.4464535464535464, 0.6366106116106115, 0.6366106116106115, 0.4464535464535464, 0.6366106116106115, 0.6366106116106115, 0.40236727558156127, 0.6366106116106115, 0.6366106116106115]}]}