{"enet": [{"auroc": [0.6071428571428571, 0.625, 0.6964285714285714, 0.625, 0.3125, 0.5357142857142857, 0.625, 0.5625, 0.5625, 0.5625], "acc": [0.5333333333333333, 0.5333333333333333, 0.6, 0.5333333333333333, 0.5333333333333333, 0.5333333333333333, 0.5333333333333333, 0.6, 0.6, 0.6], "aps": [0.6715728715728715, 0.5804421768707483, 0.7392857142857143, 0.5804421768707483, 0.41669164169164175, 0.5133786848072563, 0.6328231292517006, 0.523953823953824, 0.523953823953824, 0.523953823953824], "f1": [0.0, 0.4615384615384615, 0.25, 0.4615384615384615, 0.0, 0.36363636363636365, 0.36363636363636365, 0.5, 0.5, 0.5], "auprc": [0.6493657136514279, 0.6513321995464852, 0.7190476190476189, 0.6513321995464852, 0.3531712335283763, 0.5626262626262626, 0.5991496598639455, 0.5755561898419042, 0.5755561898419042, 0.5755561898419042]}]}