{"auroc": [0.46428571428571425, 0.5892857142857143, 0.5178571428571428, 0.5714285714285714, 0.3571428571428571, 0.4821428571428571, 0.5714285714285714, 0.42857142857142855, 0.6964285714285714, 0.5892857142857142], "acc": [0.5333333333333333, 0.5333333333333333, 0.5333333333333333, 0.5333333333333333, 0.5333333333333333, 0.5333333333333333, 0.5333333333333333, 0.5333333333333333, 0.5333333333333333, 0.5333333333333333], "aps": [0.4887445887445887, 0.528061224489796, 0.48412698412698413, 0.5338744588744588, 0.5297868797868799, 0.4809000523286237, 0.5338744588744588, 0.5526945276945276, 0.5845238095238094, 0.5698412698412698], "f1": [0.0, 0.0, 0.0, 0.0, 0.0, 0.0, 0.0, 0.0, 0.0, 0.0], "auprc": [0.41901669758812615, 0.47055206698063845, 0.4274681667538811, 0.476461038961039, 0.49767018695590115, 0.42302023373451947, 0.476461038961039, 0.5196295767724339, 0.5277210884353741, 0.5003552003552003]}