{"auroc": [0.5535714285714286, 0.5357142857142857, 0.39285714285714285, 0.5, 0.46428571428571425, 0.4821428571428571, 0.5, 0.375, 0.4107142857142857, 0.6607142857142857], "acc": [0.4, 0.5333333333333333, 0.4, 0.4666666666666667, 0.4666666666666667, 0.5333333333333333, 0.5333333333333333, 0.4, 0.4666666666666667, 0.5333333333333333], "aps": [0.5090136054421768, 0.5133786848072562, 0.43514739229024946, 0.4700989486703772, 0.5038850038850039, 0.4752834467120182, 0.6256235827664399, 0.4527468563182848, 0.44563492063492066, 0.6511904761904761], "f1": [0.18181818181818182, 0.4615384615384615, 0.30769230769230765, 0.2, 0.3333333333333333, 0.588235294117647, 0.588235294117647, 0.47058823529411764, 0.2, 0.22222222222222224], "auprc": [0.45272108843537406, 0.4448412698412698, 0.38008023722309436, 0.4137497423211709, 0.4343142968142968, 0.4185786435786435, 0.6038897610326182, 0.38403303046160187, 0.38864667078952797, 0.6178309785452643]}