{"auroc": [0.5178571428571428, 0.6964285714285714, 0.39285714285714285, 0.46428571428571425, 0.5178571428571428, 0.5178571428571428, 0.44642857142857145, 0.5535714285714286, 0.5178571428571428, 0.6071428571428572], "acc": [0.5333333333333333, 0.5333333333333333, 0.5333333333333333, 0.5333333333333333, 0.5333333333333333, 0.5333333333333333, 0.5333333333333333, 0.5333333333333333, 0.5333333333333333, 0.5333333333333333], "aps": [0.49062049062049057, 0.6218210361067503, 0.4535964035964036, 0.476046176046176, 0.4896214896214896, 0.5077922077922077, 0.45170068027210886, 0.5287157287157287, 0.5223665223665224, 0.5797619047619047], "f1": [0.0, 0.0, 0.0, 0.0, 0.0, 0.0, 0.0, 0.0, 0.0, 0.0], "auprc": [0.43269904698476125, 0.5531724228152799, 0.39645354645354647, 0.4183386058386058, 0.4317000459857603, 0.45028305028305027, 0.3953098488812774, 0.45888952317523746, 0.4526820401820401, 0.5104175586318443]}