{"enet": [{"auroc": [0.5535714285714286, 0.5535714285714286, 0.5535714285714286, 0.5892857142857142, 0.5, 0.5535714285714286, 0.5714285714285714, 0.5535714285714286, 0.5535714285714286, 0.5535714285714286], "acc": [0.6666666666666666, 0.6666666666666666, 0.6666666666666666, 0.6666666666666666, 0.5333333333333333, 0.6666666666666666, 0.5333333333333333, 0.6666666666666666, 0.6666666666666666, 0.6666666666666666], "aps": [0.5090136054421768, 0.5090136054421768, 0.5090136054421768, 0.5375850340136055, 0.4897435897435898, 0.5090136054421768, 0.6492673992673993, 0.5090136054421768, 0.5090136054421768, 0.5090136054421768], "f1": [0.6666666666666666, 0.6666666666666666, 0.6666666666666666, 0.6666666666666666, 0.588235294117647, 0.6666666666666666, 0.5333333333333333, 0.6666666666666666, 0.6666666666666666, 0.6666666666666666], "auprc": [0.45272108843537406, 0.45272108843537406, 0.45272108843537406, 0.4693615907901622, 0.6227062619919763, 0.45272108843537406, 0.6966961609818751, 0.45272108843537406, 0.45272108843537406, 0.45272108843537406]}]}