{"enet": [{"auroc": [0.4972972972972973, 0.428992628992629, 0.5439803439803439, 0.39803439803439805, 0.39803439803439805, 0.4972972972972973, 0.428992628992629, 0.5218673218673219, 0.5218673218673219, 0.4972972972972973], "acc": [0.40217391304347827, 0.5978260869565217, 0.40217391304347827, 0.5978260869565217, 0.5978260869565217, 0.40217391304347827, 0.5978260869565217, 0.40217391304347827, 0.40217391304347827, 0.40217391304347827], "aps": [0.39444687609943313, 0.3971639485010088, 0.422474362648561, 0.38643906572053743, 0.38643906572053743, 0.39444687609943313, 0.3971639485010088, 0.40293421614462793, 0.40293421614462793, 0.39444687609943313], "f1": [0.5736434108527132, 0.0, 0.5736434108527132, 0.0, 0.0, 0.5736434108527132, 0.0, 0.5736434108527132, 0.5736434108527132, 0.5736434108527132], "auprc": [0.380739561871303, 0.38852860081669527, 0.4077259511850471, 0.3757696054187447, 0.3757696054187447, 0.380739561871303, 0.38852860081669527, 0.3903974420060231, 0.3903974420060231, 0.380739561871303]}]}