{"auroc": [0.6031941031941033, 0.46019656019656024, 0.42997542997543003, 0.4375921375921376, 0.5429975429975431, 0.42162162162162165, 0.46461916461916464, 0.5366093366093366, 0.48697788697788696, 0.4471744471744472], "acc": [0.5978260869565217, 0.5978260869565217, 0.5978260869565217, 0.5978260869565217, 0.5978260869565217, 0.5978260869565217, 0.40217391304347827, 0.40217391304347827, 0.5978260869565217, 0.40217391304347827], "aps": [0.4672227494956924, 0.3685480741819902, 0.388758251117717, 0.37753257363719184, 0.4390015147533845, 0.35022273751268784, 0.3805981291014549, 0.4116209419145704, 0.4057594573334074, 0.3861675764989686], "f1": [0.0, 0.0, 0.0, 0.0, 0.0, 0.0, 0.5736434108527132, 0.5736434108527132, 0.0, 0.5736434108527132], "auprc": [0.4497903517349357, 0.35531611133407187, 0.3761700388952828, 0.3604015331261375, 0.4288259596173831, 0.3367796813045576, 0.3678776066902543, 0.3975229198642581, 0.39644392148317614, 0.37025536667900233]}