{"enet": [{"auroc": [0.6073710073710074, 0.5, 0.5, 0.5, 0.5, 0.4909090909090909, 0.5, 0.5, 0.5, 0.5], "acc": [0.5869565217391305, 0.5978260869565217, 0.5978260869565217, 0.5978260869565217, 0.5978260869565217, 0.5, 0.5978260869565217, 0.5978260869565217, 0.5978260869565217, 0.5978260869565217], "aps": [0.49451218587266127, 0.40217391304347827, 0.40217391304347827, 0.40217391304347827, 0.40217391304347827, 0.39655605984701686, 0.40217391304347827, 0.40217391304347827, 0.40217391304347827, 0.40217391304347827], "f1": [0.17391304347826086, 0.0, 0.0, 0.0, 0.0, 0.5208333333333334, 0.0, 0.0, 0.0, 0.0], "auprc": [0.48248782905859877, 0.7010869565217391, 0.7010869565217391, 0.7010869565217391, 0.7010869565217391, 0.4414659368728794, 0.7010869565217391, 0.7010869565217391, 0.7010869565217391, 0.7010869565217391]}]}