{"enet": [{"auroc": [0.5513513513513514, 0.5, 0.5, 0.5, 0.5, 0.5, 0.5, 0.46388206388206393, 0.5321867321867322, 0.5], "acc": [0.5978260869565217, 0.40217391304347827, 0.40217391304347827, 0.40217391304347827, 0.40217391304347827, 0.40217391304347827, 0.40217391304347827, 0.5978260869565217, 0.5978260869565217, 0.40217391304347827], "aps": [0.4411154177831199, 0.40217391304347827, 0.40217391304347827, 0.40217391304347827, 0.40217391304347827, 0.40217391304347827, 0.40217391304347827, 0.3984452619115465, 0.4330269184600076, 0.40217391304347827], "f1": [0.0, 0.5736434108527132, 0.5736434108527132, 0.5736434108527132, 0.5736434108527132, 0.5736434108527132, 0.5736434108527132, 0.0, 0.0, 0.5736434108527132], "auprc": [0.4249566170019099, 0.7010869565217391, 0.7010869565217391, 0.7010869565217391, 0.7010869565217391, 0.7010869565217391, 0.7010869565217391, 0.3824054010795205, 0.41442742190969645, 0.7010869565217391]}]}