{"enet": [{"auroc": [0.6565110565110566, 0.5, 0.5, 0.5, 0.6388206388206389, 0.6565110565110566, 0.6388206388206389, 0.6388206388206389, 0.5, 0.6388206388206389], "acc": [0.40217391304347827, 0.40217391304347827, 0.40217391304347827, 0.40217391304347827, 0.5978260869565217, 0.40217391304347827, 0.5978260869565217, 0.5978260869565217, 0.40217391304347827, 0.5978260869565217], "aps": [0.5428804638018243, 0.40217391304347827, 0.40217391304347827, 0.40217391304347827, 0.5341606114970527, 0.5428804638018243, 0.5341606114970527, 0.5341606114970527, 0.40217391304347827, 0.5341606114970527], "f1": [0.5736434108527132, 0.5736434108527132, 0.5736434108527132, 0.5736434108527132, 0.0, 0.5736434108527132, 0.0, 0.0, 0.5736434108527132, 0.0], "auprc": [0.5245176288409414, 0.7010869565217391, 0.7010869565217391, 0.7010869565217391, 0.5222217883627865, 0.5245176288409414, 0.5222217883627865, 0.5222217883627865, 0.7010869565217391, 0.5222217883627865]}]}