{"auroc": [0.544963144963145, 0.545945945945946, 0.5592137592137593, 0.5464373464373465, 0.5447174447174448, 0.5368550368550369, 0.5194103194103193, 0.5267813267813268, 0.539066339066339, 0.5228501228501229], "acc": [0.40217391304347827, 0.40217391304347827, 0.5978260869565217, 0.40217391304347827, 0.40217391304347827, 0.40217391304347827, 0.40217391304347827, 0.40217391304347827, 0.40217391304347827, 0.40217391304347827], "aps": [0.46590761659626245, 0.45118902849026776, 0.46615603289456, 0.5004366864636863, 0.4570971637466578, 0.4606891615723631, 0.4675021221794197, 0.45125152576247995, 0.47561077281150593, 0.4538153145317003], "f1": [0.5736434108527132, 0.5736434108527132, 0.0, 0.5736434108527132, 0.5736434108527132, 0.5736434108527132, 0.5736434108527132, 0.5736434108527132, 0.5736434108527132, 0.5736434108527132], "auprc": [0.4470051137566463, 0.4349548451808635, 0.4473623520939952, 0.4895856102171359, 0.4379314069243941, 0.44239599233362176, 0.457925802316669, 0.432652989040136, 0.46394102642716245, 0.4354892850079132]}