{"auroc": [0.4852579852579853, 0.5041769041769043, 0.4380835380835381, 0.5356265356265356, 0.5486486486486486, 0.5395577395577396, 0.539066339066339, 0.4746928746928747, 0.4498771498771499, 0.45085995085995084], "acc": [0.40217391304347827, 0.40217391304347827, 0.5978260869565217, 0.40217391304347827, 0.40217391304347827, 0.5217391304347826, 0.40217391304347827, 0.5978260869565217, 0.5978260869565217, 0.5978260869565217], "aps": [0.4092941073928578, 0.43071196395220895, 0.3874503348843849, 0.4221402956539889, 0.4654854715278486, 0.40693463969031435, 0.4597298367106101, 0.4060330767012588, 0.3825341394985029, 0.3955471628699355], "f1": [0.5736434108527132, 0.5736434108527132, 0.0, 0.5736434108527132, 0.5736434108527132, 0.21428571428571427, 0.5736434108527132, 0.0, 0.0, 0.0], "auprc": [0.3985412349019815, 0.4195579870568465, 0.3766024334090451, 0.40903980585802546, 0.44748680361927073, 0.39410000300621517, 0.4478266871131088, 0.3901085545088885, 0.3646000968842475, 0.3847156444898943]}