{"enet": [{"auroc": [0.5238329238329238, 0.5577395577395577, 0.5, 0.5017199017199017, 0.5154791154791154, 0.49926289926289924, 0.5577395577395577, 0.5017199017199017, 0.539066339066339, 0.5], "acc": [0.40217391304347827, 0.40217391304347827, 0.40217391304347827, 0.5978260869565217, 0.40217391304347827, 0.40217391304347827, 0.40217391304347827, 0.5978260869565217, 0.40217391304347827, 0.40217391304347827], "aps": [0.44263144859592884, 0.4349190388894736, 0.40217391304347827, 0.3903243423772298, 0.39717201097504007, 0.40223334278806544, 0.4349190388894736, 0.3903243423772298, 0.4403075942922571, 0.40217391304347827], "f1": [0.5736434108527132, 0.5736434108527132, 0.5736434108527132, 0.0, 0.5736434108527132, 0.5736434108527132, 0.5736434108527132, 0.0, 0.5736434108527132, 0.5736434108527132], "auprc": [0.43105832270122, 0.4191124013812918, 0.7010869565217391, 0.3781889955043697, 0.38356777315443935, 0.6847499527801231, 0.4191124013812918, 0.3781889955043697, 0.4216685146677673, 0.7010869565217391]}]}