{"auroc": [0.5746928746928747, 0.5135135135135136, 0.5653562653562654, 0.4692874692874693, 0.4189189189189189, 0.4574938574938575, 0.4324324324324324, 0.49852579852579854, 0.4587223587223588, 0.5461916461916462], "acc": [0.40217391304347827, 0.5978260869565217, 0.40217391304347827, 0.5869565217391305, 0.40217391304347827, 0.40217391304347827, 0.5978260869565217, 0.5978260869565217, 0.40217391304347827, 0.40217391304347827], "aps": [0.4716566716199232, 0.4024285542315996, 0.48306223086048644, 0.3960844131725567, 0.4134829010113709, 0.40662292773038, 0.4215704114756052, 0.45495589556142285, 0.43680159552784215, 0.4907978288527506], "f1": [0.5736434108527132, 0.0, 0.5736434108527132, 0.0, 0.5736434108527132, 0.5736434108527132, 0.0, 0.0, 0.5736434108527132, 0.5736434108527132], "auprc": [0.4566789240185645, 0.3891435527390439, 0.47282610773561007, 0.3782571102376306, 0.4044542549127262, 0.39624409730516535, 0.4125564662392327, 0.44683339541191713, 0.42488465783675905, 0.48175544959814337]}