{"auroc": [0.4597051597051597, 0.5218673218673219, 0.5157248157248158, 0.5179361179361179, 0.5361179361179361, 0.5140049140049141, 0.48599508599508606, 0.5506142506142506, 0.48476658476658474, 0.537100737100737], "acc": [0.5978260869565217, 0.40217391304347827, 0.40217391304347827, 0.40217391304347827, 0.5978260869565217, 0.40217391304347827, 0.5978260869565217, 0.40217391304347827, 0.5978260869565217, 0.40217391304347827], "aps": [0.39520785917853446, 0.4570393380446823, 0.46318879250695244, 0.46612587378675124, 0.4612307258827145, 0.45779260313971, 0.41620159969486237, 0.4977674962575861, 0.4273285011574166, 0.4732041572274182], "f1": [0.0, 0.5736434108527132, 0.5736434108527132, 0.5736434108527132, 0.0, 0.5736434108527132, 0.0, 0.5736434108527132, 0.0, 0.5736434108527132], "auprc": [0.3844677457135185, 0.44759166896438596, 0.45431873921961563, 0.45671264933423106, 0.45177816390311937, 0.44827189815817503, 0.4049530884238532, 0.49002858421740364, 0.4170901043625332, 0.46379424356633164]}