{"auroc": [0.51990171990172, 0.6049140049140048, 0.533906633906634, 0.5597051597051597, 0.5081081081081081, 0.5454545454545455, 0.5287469287469286, 0.5538083538083538, 0.5395577395577397, 0.5700245700245701], "acc": [0.40217391304347827, 0.40217391304347827, 0.40217391304347827, 0.40217391304347827, 0.40217391304347827, 0.40217391304347827, 0.40217391304347827, 0.40217391304347827, 0.40217391304347827, 0.5978260869565217], "aps": [0.4160577282756651, 0.47465954204420857, 0.4242368174019621, 0.4297898192893045, 0.3985937615226956, 0.4272894553986114, 0.41338777019645706, 0.42944633157000234, 0.41837545100652795, 0.4495836789523745], "f1": [0.5736434108527132, 0.5736434108527132, 0.5736434108527132, 0.5736434108527132, 0.5736434108527132, 0.5736434108527132, 0.5736434108527132, 0.5736434108527132, 0.5736434108527132, 0.0], "auprc": [0.39860527651393224, 0.45597944903036464, 0.40653699032469326, 0.4139796901039147, 0.3842629087140771, 0.41280224887852013, 0.3990548712073986, 0.41386889638162755, 0.40287367854377837, 0.430567336037228]}