{"auroc": [0.6633906633906633, 0.6316953316953318, 0.6746928746928748, 0.6285012285012286, 0.6604422604422604, 0.6520884520884522, 0.6562653562653562, 0.6275184275184276, 0.6941031941031942, 0.6786240786240787], "acc": [0.5978260869565217, 0.40217391304347827, 0.40217391304347827, 0.40217391304347827, 0.40217391304347827, 0.40217391304347827, 0.5978260869565217, 0.5978260869565217, 0.5978260869565217, 0.40217391304347827], "aps": [0.5699586290668159, 0.5438105794175112, 0.5497061580113951, 0.5193655368792804, 0.5637507431680524, 0.5502829571974168, 0.5230813269350014, 0.5067510703250233, 0.5493029146239267, 0.5444485800080485], "f1": [0.0, 0.5736434108527132, 0.5736434108527132, 0.5736434108527132, 0.5736434108527132, 0.5736434108527132, 0.0, 0.0, 0.0, 0.5736434108527132], "auprc": [0.5582461264508727, 0.5362562726053037, 0.5311467233485685, 0.5044156919568075, 0.5521306224411036, 0.5382096335169939, 0.5091180360580974, 0.4952211745138038, 0.5307447059206927, 0.5284727186209588]}