{"auroc": [0.44963144963144963, 0.4248157248157248, 0.434889434889435, 0.42211302211302215, 0.42604422604422604, 0.43832923832923837, 0.428009828009828, 0.41842751842751846, 0.45626535626535625, 0.38452088452088456], "acc": [0.41304347826086957, 0.5978260869565217, 0.5978260869565217, 0.5978260869565217, 0.5978260869565217, 0.5978260869565217, 0.40217391304347827, 0.40217391304347827, 0.40217391304347827, 0.40217391304347827], "aps": [0.3802903058041017, 0.3539649805316869, 0.35841171466415545, 0.3511780409179224, 0.35347847718696845, 0.36328479760133936, 0.35456706147846484, 0.3533120932589287, 0.3761736685474092, 0.3273692814331055], "f1": [0.578125, 0.0, 0.0, 0.0, 0.0, 0.0, 0.5736434108527132, 0.5736434108527132, 0.5736434108527132, 0.5736434108527132], "auprc": [0.3627386199989218, 0.3424693739315509, 0.3456959808336525, 0.33836165359219694, 0.34170934765998223, 0.35042401492386427, 0.3416022711676594, 0.3417050276404045, 0.36073263537371125, 0.3166615899472395]}