{"enet": [{"auroc": [0.4353808353808354, 0.5464373464373464, 0.5464373464373464, 0.5132678132678132, 0.5, 0.5, 0.537100737100737, 0.4353808353808354, 0.4353808353808354, 0.537100737100737], "acc": [0.5978260869565217, 0.5978260869565217, 0.5978260869565217, 0.5978260869565217, 0.5978260869565217, 0.5978260869565217, 0.5652173913043478, 0.5978260869565217, 0.5978260869565217, 0.5652173913043478], "aps": [0.36422921915190865, 0.40635488145118376, 0.40635488145118376, 0.3926445395994468, 0.40217391304347827, 0.40217391304347827, 0.4044680745389517, 0.36422921915190865, 0.36422921915190865, 0.4044680745389517], "f1": [0.0, 0.0, 0.0, 0.0, 0.0, 0.0, 0.0, 0.0, 0.0, 0.0], "auprc": [0.34922164875959844, 0.3937268108533025, 0.3937268108533025, 0.3837051575118641, 0.7010869565217391, 0.7010869565217391, 0.3915019263130619, 0.34922164875959844, 0.34922164875959844, 0.3915019263130619]}]}