{"auroc": [0.48550368550368556, 0.415970515970516, 0.48157248157248156, 0.5095823095823097, 0.4545454545454546, 0.47641277641277646, 0.4653562653562654, 0.5041769041769042, 0.4285012285012285, 0.4191646191646192], "acc": [0.5978260869565217, 0.40217391304347827, 0.40217391304347827, 0.40217391304347827, 0.5978260869565217, 0.40217391304347827, 0.5978260869565217, 0.40217391304347827, 0.5652173913043478, 0.40217391304347827], "aps": [0.4085546301848252, 0.3578087278838773, 0.38117405803454896, 0.39295702168337565, 0.39787888681602085, 0.38650403662292176, 0.41449054816173764, 0.3917297362238359, 0.36487055932613766, 0.36348611482614046], "f1": [0.0, 0.5736434108527132, 0.5736434108527132, 0.5736434108527132, 0.0, 0.5736434108527132, 0.0, 0.5736434108527132, 0.047619047619047616, 0.5736434108527132], "auprc": [0.39269597434320747, 0.34530157947148765, 0.36726744658074967, 0.37924717092067584, 0.38655540929553756, 0.37225584048936644, 0.40287944393962066, 0.37774212045560795, 0.3480662125561295, 0.3485511477425082]}