{"auroc": [0.513022113022113, 0.5285012285012285, 0.5771498771498772, 0.5818181818181819, 0.5017199017199018, 0.6275184275184275, 0.5105651105651106, 0.5130221130221131, 0.4943488943488944, 0.5353808353808354], "acc": [0.40217391304347827, 0.40217391304347827, 0.40217391304347827, 0.40217391304347827, 0.40217391304347827, 0.40217391304347827, 0.40217391304347827, 0.40217391304347827, 0.40217391304347827, 0.40217391304347827], "aps": [0.4245579800948847, 0.4303588631920938, 0.46274652213648154, 0.46153165647264266, 0.4073437723530307, 0.5074125148762497, 0.40287825102974417, 0.4034327844700878, 0.409251540243508, 0.4414487760748314], "f1": [0.5736434108527132, 0.5736434108527132, 0.5736434108527132, 0.5736434108527132, 0.5736434108527132, 0.5736434108527132, 0.5736434108527132, 0.5736434108527132, 0.5736434108527132, 0.5736434108527132], "auprc": [0.4136727431434871, 0.41210265868931634, 0.4466142016031782, 0.4499572033838521, 0.3975597917755662, 0.49058980916166506, 0.38716343043257806, 0.3859683106991924, 0.3986721929177229, 0.42975315581957174]}