{"auroc": [0.5154791154791155, 0.5243243243243244, 0.5314496314496314, 0.5120393120393121, 0.4963144963144963, 0.48378378378378384, 0.5046683046683047, 0.5007371007371009, 0.514987714987715, 0.4997542997542998], "acc": [0.40217391304347827, 0.5978260869565217, 0.40217391304347827, 0.45652173913043476, 0.40217391304347827, 0.5978260869565217, 0.40217391304347827, 0.5978260869565217, 0.5978260869565217, 0.40217391304347827], "aps": [0.4264814773917788, 0.43199245193965674, 0.4428517309573816, 0.4188019970191553, 0.40485302599441453, 0.3952639021202583, 0.41955525868052557, 0.4014648297875122, 0.43200927579645954, 0.45021265415354894], "f1": [0.5736434108527132, 0.0, 0.5736434108527132, 0.5370370370370371, 0.5736434108527132, 0.0, 0.5736434108527132, 0.0, 0.0, 0.5736434108527132], "auprc": [0.4081051899326364, 0.41395819731626626, 0.4244905751625939, 0.40063552323537954, 0.3870706848384143, 0.3797334957310155, 0.40149543503328183, 0.3843451649614493, 0.413941316171412, 0.4315928520939267]}