{"auroc": [0.5422604422604423, 0.5164619164619165, 0.5068796068796069, 0.5115479115479116, 0.5326781326781328, 0.4503685503685504, 0.5243243243243243, 0.5061425061425062, 0.5358722358722359, 0.5221130221130221], "acc": [0.5978260869565217, 0.5978260869565217, 0.40217391304347827, 0.40217391304347827, 0.40217391304347827, 0.5978260869565217, 0.40217391304347827, 0.40217391304347827, 0.5978260869565217, 0.5978260869565217], "aps": [0.44195427038390045, 0.43148314857729064, 0.43020662536472454, 0.4425443564349294, 0.44672948979368254, 0.3857034042382409, 0.4322744538803768, 0.43265925859017706, 0.435977861518159, 0.45957251301448776], "f1": [0.0, 0.0, 0.5736434108527132, 0.5736434108527132, 0.5736434108527132, 0.0, 0.5736434108527132, 0.5736434108527132, 0.0, 0.0], "auprc": [0.42382461807791827, 0.41323952371325634, 0.41184618770538967, 0.4239794676582348, 0.42820797718015424, 0.3692433894314586, 0.4139304290542064, 0.41412116284907446, 0.42088094993141506, 0.450464228995757]}