{"auroc": [0.5938574938574939, 0.6292383292383293, 0.5764127764127764, 0.6476658476658477, 0.6545454545454545, 0.5783783783783785, 0.5294840294840295, 0.6108108108108109, 0.5764127764127764, 0.5734643734643734], "acc": [0.40217391304347827, 0.40217391304347827, 0.5978260869565217, 0.40217391304347827, 0.40217391304347827, 0.40217391304347827, 0.5978260869565217, 0.40217391304347827, 0.40217391304347827, 0.40217391304347827], "aps": [0.4743795242430381, 0.4964861745592306, 0.4677404640316259, 0.5508125287678496, 0.5342396481339768, 0.45922535563895395, 0.4244964257280003, 0.5025030623367099, 0.47736589429705006, 0.49086259166133805], "f1": [0.5736434108527132, 0.5736434108527132, 0.0, 0.5736434108527132, 0.5736434108527132, 0.5736434108527132, 0.0, 0.5736434108527132, 0.5736434108527132, 0.5736434108527132], "auprc": [0.46878675986515267, 0.4781327121612805, 0.4563645795847052, 0.5391240859976039, 0.5222345762139518, 0.4410415863169571, 0.40856171666857527, 0.490709231470815, 0.4656029696328525, 0.4724233957571792]}