{"auroc": [0.6120393120393121, 0.5847665847665847, 0.6334152334152334, 0.5955773955773956, 0.6093366093366094, 0.6152334152334152, 0.5808353808353809, 0.6402948402948404, 0.6275184275184276, 0.6063882063882065], "acc": [0.40217391304347827, 0.40217391304347827, 0.40217391304347827, 0.40217391304347827, 0.40217391304347827, 0.40217391304347827, 0.40217391304347827, 0.40217391304347827, 0.40217391304347827, 0.40217391304347827], "aps": [0.5080443916212414, 0.4889072020259538, 0.514374836578083, 0.49498751098565785, 0.48303554396941284, 0.49929295565807297, 0.4994950476259947, 0.5328901865522582, 0.49497957062928033, 0.469707903842948], "f1": [0.5736434108527132, 0.5736434108527132, 0.5736434108527132, 0.5736434108527132, 0.5736434108527132, 0.5736434108527132, 0.5736434108527132, 0.5736434108527132, 0.5736434108527132, 0.5736434108527132], "auprc": [0.49627629334211903, 0.47687913328089077, 0.49559911121451405, 0.4764914812990101, 0.4644007516147244, 0.48729506341538575, 0.4900755572955197, 0.5231200097963571, 0.47620505331640667, 0.4546487185373983]}