{"enet": [{"auroc": [0.4358722358722359, 0.5, 0.5, 0.4842751842751843, 0.4842751842751843, 0.4842751842751843, 0.4842751842751843, 0.41081081081081083, 0.4358722358722359, 0.5], "acc": [0.40217391304347827, 0.40217391304347827, 0.40217391304347827, 0.41304347826086957, 0.41304347826086957, 0.41304347826086957, 0.41304347826086957, 0.40217391304347827, 0.40217391304347827, 0.40217391304347827], "aps": [0.37242790490169486, 0.40217391304347827, 0.40217391304347827, 0.40200196741159056, 0.40200196741159056, 0.40200196741159056, 0.40200196741159056, 0.3838072946970876, 0.37242790490169486, 0.40217391304347827], "f1": [0.5736434108527132, 0.5736434108527132, 0.5736434108527132, 0.578125, 0.578125, 0.578125, 0.578125, 0.5736434108527132, 0.5736434108527132, 0.5736434108527132], "auprc": [0.3553828361535278, 0.7010869565217391, 0.7010869565217391, 0.48682711563444486, 0.48682711563444486, 0.48682711563444486, 0.48682711563444486, 0.3657044789519317, 0.3553828361535278, 0.7010869565217391]}]}