{"auroc": [0.5685503685503686, 0.5385749385749387, 0.5154791154791155, 0.5226044226044226, 0.5056511056511057, 0.5501228501228501, 0.4538083538083539, 0.4918918918918919, 0.5326781326781327, 0.5218673218673219], "acc": [0.5978260869565217, 0.40217391304347827, 0.40217391304347827, 0.5978260869565217, 0.40217391304347827, 0.40217391304347827, 0.5978260869565217, 0.40217391304347827, 0.40217391304347827, 0.40217391304347827], "aps": [0.45158513594669647, 0.4659781130594466, 0.44032428466618456, 0.45392729073802984, 0.41941934014633525, 0.4839289751728419, 0.38179670409984956, 0.4143780834150262, 0.451803503827774, 0.4516644718039985], "f1": [0.0, 0.5736434108527132, 0.5736434108527132, 0.0, 0.5736434108527132, 0.5736434108527132, 0.0, 0.5736434108527132, 0.5736434108527132, 0.5736434108527132], "auprc": [0.43641722851733744, 0.4472485638395656, 0.42170741985114146, 0.4425360043899682, 0.4092377290766395, 0.47236795936651216, 0.3639512839108973, 0.4032708026154402, 0.4331691664248158, 0.4333189668381967]}