{"enet": [{"auroc": [0.5012285012285013, 0.5076167076167076, 0.518918918918919, 0.518918918918919, 0.5, 0.5, 0.5076167076167076, 0.5076167076167076, 0.5076167076167076, 0.5233415233415233], "acc": [0.5978260869565217, 0.5978260869565217, 0.5978260869565217, 0.5978260869565217, 0.40217391304347827, 0.40217391304347827, 0.5978260869565217, 0.5978260869565217, 0.5978260869565217, 0.5978260869565217], "aps": [0.43225402006761643, 0.43894288000152404, 0.45372501592014347, 0.45372501592014347, 0.40217391304347827, 0.40217391304347827, 0.43894288000152404, 0.43894288000152404, 0.43894288000152404, 0.4720807998394438], "f1": [0.0, 0.0, 0.0, 0.0, 0.5736434108527132, 0.5736434108527132, 0.0, 0.0, 0.0, 0.0], "auprc": [0.4207343794387782, 0.4205563912155064, 0.43749060232081827, 0.43749060232081827, 0.7010869565217391, 0.7010869565217391, 0.4205563912155064, 0.4205563912155064, 0.4205563912155064, 0.4626368480846522]}]}