{"auroc": [0.5292383292383293, 0.5997542997542997, 0.571990171990172, 0.5685503685503686, 0.578869778869779, 0.5503685503685505, 0.5503685503685504, 0.5538083538083538, 0.5882063882063882, 0.5705159705159706], "acc": [0.5978260869565217, 0.40217391304347827, 0.40217391304347827, 0.40217391304347827, 0.40217391304347827, 0.5978260869565217, 0.40217391304347827, 0.40217391304347827, 0.40217391304347827, 0.40217391304347827], "aps": [0.4422151785313472, 0.4859391534503189, 0.45363728126022096, 0.439966307571663, 0.4629680170828011, 0.4465540187469125, 0.4536309338181922, 0.4588782357404674, 0.4559752938199053, 0.463456559992672], "f1": [0.0, 0.5736434108527132, 0.5736434108527132, 0.5736434108527132, 0.5736434108527132, 0.0, 0.5736434108527132, 0.5736434108527132, 0.5736434108527132, 0.5736434108527132], "auprc": [0.42327493092841395, 0.4671718697072994, 0.43514344914967895, 0.4216895040899303, 0.444235490507013, 0.4278424788892281, 0.4351959126229476, 0.4401404640972606, 0.43981669914263516, 0.4447067677755487]}