{"auroc": [0.642997542997543, 0.5695331695331696, 0.5950859950859951, 0.5931203931203931, 0.605896805896806, 0.5769041769041768, 0.6162162162162161, 0.5815724815724816, 0.6117936117936118, 0.6014742014742015], "acc": [0.40217391304347827, 0.5978260869565217, 0.40217391304347827, 0.5978260869565217, 0.40217391304347827, 0.5978260869565217, 0.40217391304347827, 0.5978260869565217, 0.5978260869565217, 0.40217391304347827], "aps": [0.5731110854373054, 0.45448274214636075, 0.4791660838706894, 0.503669771407068, 0.5176439775598229, 0.4830307448648057, 0.5360760020271991, 0.4743540204161884, 0.5187931864523349, 0.5300190342877571], "f1": [0.5736434108527132, 0.0, 0.5736434108527132, 0.0, 0.5736434108527132, 0.0, 0.5736434108527132, 0.0, 0.0, 0.5736434108527132], "auprc": [0.5640996234687539, 0.44030199165544787, 0.46073839000458616, 0.49171949811116045, 0.5078741605737971, 0.4642746718733744, 0.5244924142917469, 0.4583188702523637, 0.5004266973080687, 0.5206061755807714]}