{"enet": [{"auroc": [0.6275184275184275, 0.5, 0.5, 0.5405405405405406, 0.48992628992629, 0.5405405405405406, 0.48992628992629, 0.49066339066339065, 0.571990171990172, 0.5405405405405406], "acc": [0.40217391304347827, 0.5978260869565217, 0.5978260869565217, 0.5978260869565217, 0.41304347826086957, 0.5978260869565217, 0.41304347826086957, 0.40217391304347827, 0.5978260869565217, 0.5978260869565217], "aps": [0.5000733611425057, 0.40217391304347827, 0.40217391304347827, 0.42485929738284667, 0.3955790561332939, 0.42485929738284667, 0.3955790561332939, 0.3979088772567033, 0.45938601430078824, 0.42485929738284667], "f1": [0.5736434108527132, 0.0, 0.0, 0.0, 0.5645161290322581, 0.0, 0.5645161290322581, 0.5736434108527132, 0.0, 0.0], "auprc": [0.48128899402092956, 0.7010869565217391, 0.7010869565217391, 0.40705938800487756, 0.5506240004651577, 0.40705938800487756, 0.5506240004651577, 0.682587720014442, 0.4408824612294462, 0.40705938800487756]}]}