{"auroc": [0.543980343980344, 0.5432432432432434, 0.5464373464373464, 0.5503685503685504, 0.4592137592137593, 0.5577395577395579, 0.528992628992629, 0.5243243243243244, 0.5621621621621622, 0.5238329238329239], "acc": [0.5978260869565217, 0.40217391304347827, 0.40217391304347827, 0.5978260869565217, 0.5978260869565217, 0.5978260869565217, 0.40217391304347827, 0.5978260869565217, 0.40217391304347827, 0.40217391304347827], "aps": [0.4536310189411483, 0.41801272237055787, 0.4167206819610739, 0.46806687522975077, 0.3855649981487764, 0.4659358257530986, 0.42086364455524183, 0.42458562000273936, 0.4515531673991661, 0.40717934143318485], "f1": [0.0, 0.5736434108527132, 0.5736434108527132, 0.0, 0.0, 0.3508771929824562, 0.5736434108527132, 0.0, 0.5736434108527132, 0.5736434108527132], "auprc": [0.43610019706567776, 0.40417975209583523, 0.40239317564782034, 0.4525856914899107, 0.3709463172649418, 0.44906857359748587, 0.40520410807958385, 0.4082428762137226, 0.43484406832392636, 0.3927198720419435]}