{"auroc": [0.6088452088452089, 0.5904176904176904, 0.6162162162162163, 0.6388206388206388, 0.5950859950859951, 0.6378378378378379, 0.6486486486486488, 0.5484029484029485, 0.6004914004914005, 0.6469287469287469], "acc": [0.40217391304347827, 0.40217391304347827, 0.40217391304347827, 0.40217391304347827, 0.5978260869565217, 0.40217391304347827, 0.40217391304347827, 0.5978260869565217, 0.5978260869565217, 0.5978260869565217], "aps": [0.6045956069468212, 0.5353056588829173, 0.5758857183352699, 0.607621907702393, 0.5122793562814054, 0.6220850669866103, 0.5450246667125662, 0.44552529991368195, 0.5350020680002665, 0.5912995912148604], "f1": [0.5736434108527132, 0.5736434108527132, 0.5736434108527132, 0.5736434108527132, 0.0, 0.5736434108527132, 0.5736434108527132, 0.0, 0.0, 0.0], "auprc": [0.5995019186363464, 0.5248190448356613, 0.5689146606121038, 0.6019682388814196, 0.5004385040133823, 0.6162690049531827, 0.5332037492536563, 0.42945370519259174, 0.5237011416116839, 0.5830700791278133]}