{"auroc": [0.5051597051597052, 0.4928746928746929, 0.5081081081081081, 0.4852579852579853, 0.5233415233415234, 0.5783783783783784, 0.5442260442260443, 0.5457002457002457, 0.4874692874692875, 0.4896805896805897], "acc": [0.40217391304347827, 0.40217391304347827, 0.40217391304347827, 0.5978260869565217, 0.40217391304347827, 0.5978260869565217, 0.5978260869565217, 0.40217391304347827, 0.40217391304347827, 0.5978260869565217], "aps": [0.40286755306819877, 0.39769570325174974, 0.41165365064897086, 0.4389430519035207, 0.4110945059915635, 0.4788881831171087, 0.43788421160476737, 0.44912220021358884, 0.38620460860867684, 0.40087273464369433], "f1": [0.5736434108527132, 0.5736434108527132, 0.5736434108527132, 0.0, 0.5736434108527132, 0.0, 0.0, 0.5736434108527132, 0.5736434108527132, 0.0], "auprc": [0.38785423803622304, 0.3846098456537219, 0.3939841399811696, 0.4205849724191742, 0.39537110439317236, 0.46285205627711673, 0.42171137429459193, 0.43091511338203514, 0.37269084367312955, 0.38354368348576645]}