{"enet": [{"auroc": [0.6196560196560197, 0.4884520884520885, 0.5, 0.5, 0.5, 0.608845208845209, 0.5, 0.4683046683046683, 0.6471744471744473, 0.4683046683046683], "acc": [0.40217391304347827, 0.5760869565217391, 0.40217391304347827, 0.40217391304347827, 0.40217391304347827, 0.40217391304347827, 0.40217391304347827, 0.5978260869565217, 0.40217391304347827, 0.5978260869565217], "aps": [0.53169522501168, 0.3958711591152745, 0.40217391304347827, 0.40217391304347827, 0.40217391304347827, 0.5390770072123148, 0.40217391304347827, 0.3960988561828112, 0.5457829243058873, 0.3960988561828112], "f1": [0.5736434108527132, 0.20408163265306126, 0.5736434108527132, 0.5736434108527132, 0.5736434108527132, 0.5736434108527132, 0.5736434108527132, 0.0, 0.5736434108527132, 0.0], "auprc": [0.5222213575115361, 0.37828225695292594, 0.7010869565217391, 0.7010869565217391, 0.7010869565217391, 0.5308729596477262, 0.7010869565217391, 0.3858145852084431, 0.5278638801313108, 0.3858145852084431]}]}