{"enet": [{"auroc": [0.5474201474201474, 0.5, 0.5, 0.5, 0.5, 0.5120393120393121, 0.5, 0.5705159705159706, 0.5, 0.5], "acc": [0.40217391304347827, 0.5978260869565217, 0.5978260869565217, 0.5978260869565217, 0.40217391304347827, 0.40217391304347827, 0.5978260869565217, 0.40217391304347827, 0.5978260869565217, 0.5978260869565217], "aps": [0.452194253937492, 0.40217391304347827, 0.40217391304347827, 0.40217391304347827, 0.40217391304347827, 0.43070999648672575, 0.40217391304347827, 0.4799652605106015, 0.40217391304347827, 0.40217391304347827], "f1": [0.5736434108527132, 0.0, 0.0, 0.0, 0.5736434108527132, 0.5736434108527132, 0.0, 0.5736434108527132, 0.0, 0.0], "auprc": [0.4357132471331586, 0.7010869565217391, 0.7010869565217391, 0.7010869565217391, 0.7010869565217391, 0.41592170500690473, 0.7010869565217391, 0.4612543092554115, 0.7010869565217391, 0.7010869565217391]}]}