{"auroc": [0.5390663390663392, 0.5434889434889435, 0.5375921375921375, 0.5582309582309583, 0.5412776412776412, 0.5228501228501229, 0.5314496314496315, 0.5090909090909091, 0.48992628992628995, 0.5547911547911548], "acc": [0.40217391304347827, 0.40217391304347827, 0.40217391304347827, 0.40217391304347827, 0.40217391304347827, 0.5978260869565217, 0.5978260869565217, 0.5978260869565217, 0.40217391304347827, 0.5978260869565217], "aps": [0.4466397103445883, 0.4387245948803786, 0.42939745157637754, 0.4489711219186631, 0.44755404757467687, 0.42641130003153227, 0.4121402471249558, 0.4307798115521424, 0.43157460373935264, 0.4454589565596921], "f1": [0.5736434108527132, 0.5736434108527132, 0.5736434108527132, 0.5736434108527132, 0.5736434108527132, 0.0, 0.0, 0.0, 0.5736434108527132, 0.0], "auprc": [0.4315501761040358, 0.4223321312415292, 0.41439949479848415, 0.4327125235500959, 0.43129897772555426, 0.41011854931399794, 0.3997739278668899, 0.4128691699115273, 0.41316628814316586, 0.4291126750798444]}