{"auroc": [0.5223587223587224, 0.41425061425061427, 0.49631449631449637, 0.4348894348894349, 0.42358722358722356, 0.4248157248157248, 0.39164619164619163, 0.5085995085995086, 0.475921375921376, 0.38648648648648654], "acc": [0.40217391304347827, 0.5978260869565217, 0.40217391304347827, 0.40217391304347827, 0.5978260869565217, 0.40217391304347827, 0.5978260869565217, 0.40217391304347827, 0.40217391304347827, 0.5978260869565217], "aps": [0.3997170452775457, 0.34011202784572797, 0.4247504596803841, 0.34788294172267514, 0.34623081661511035, 0.3467292593367491, 0.33256588688403477, 0.39763878134984904, 0.3708498217332077, 0.33106626375479364], "f1": [0.5736434108527132, 0.0, 0.5736434108527132, 0.5736434108527132, 0.0, 0.5736434108527132, 0.0, 0.5736434108527132, 0.5736434108527132, 0.0], "auprc": [0.38635712492238433, 0.32834198615771504, 0.4086526566664078, 0.3367987536635636, 0.33425396523090856, 0.3357277144074716, 0.32015284425277457, 0.38700836424558693, 0.35964879030619185, 0.31860506075509587]}