{"enet": [{"auroc": [0.47027027027027035, 0.5, 0.5105651105651106, 0.5, 0.5, 0.5105651105651106, 0.5044226044226044, 0.5, 0.5105651105651106, 0.5071253071253072], "acc": [0.40217391304347827, 0.40217391304347827, 0.40217391304347827, 0.40217391304347827, 0.40217391304347827, 0.40217391304347827, 0.391304347826087, 0.40217391304347827, 0.40217391304347827, 0.40217391304347827], "aps": [0.4016943263367575, 0.40217391304347827, 0.4497736262767199, 0.40217391304347827, 0.40217391304347827, 0.4497736262767199, 0.4228827375168078, 0.40217391304347827, 0.4497736262767199, 0.4520571754469138], "f1": [0.5736434108527132, 0.5736434108527132, 0.5736434108527132, 0.5736434108527132, 0.5736434108527132, 0.5736434108527132, 0.5254237288135593, 0.5736434108527132, 0.5736434108527132, 0.5736434108527132], "auprc": [0.38687371004270477, 0.7010869565217391, 0.43138739794703523, 0.7010869565217391, 0.7010869565217391, 0.43138739794703523, 0.5242752862287028, 0.7010869565217391, 0.43138739794703523, 0.43365261231810825]}]}