{"auroc": [0.5410319410319411, 0.5287469287469289, 0.5658476658476659, 0.5454545454545454, 0.5437346437346439, 0.5597051597051598, 0.538083538083538, 0.5321867321867322, 0.5648648648648649, 0.5184275184275184], "acc": [0.5978260869565217, 0.40217391304347827, 0.40217391304347827, 0.5978260869565217, 0.5978260869565217, 0.5978260869565217, 0.40217391304347827, 0.40217391304347827, 0.5978260869565217, 0.40217391304347827], "aps": [0.45729681056762117, 0.4529958282905778, 0.4506984457506278, 0.4341431627340655, 0.46940180328357006, 0.44724857450536204, 0.4336365085552233, 0.5118631250933616, 0.5272381676142555, 0.4082337007092063], "f1": [0.0, 0.5736434108527132, 0.5736434108527132, 0.0, 0.0, 0.0, 0.5736434108527132, 0.5736434108527132, 0.0, 0.5736434108527132], "auprc": [0.43878791275389056, 0.44112673497199917, 0.43309708930069646, 0.4199171610736462, 0.45151455623189685, 0.4309497916757196, 0.4176201528711104, 0.5059836483082576, 0.5203408022193919, 0.3952460545316616]}