{"auroc": [0.4105651105651106, 0.5506142506142506, 0.5262899262899263, 0.5356265356265356, 0.31351351351351353, 0.5742014742014742, 0.47714987714987717, 0.40712530712530715, 0.4665847665847666, 0.4899262899262899], "acc": [0.5978260869565217, 0.40217391304347827, 0.40217391304347827, 0.40217391304347827, 0.5978260869565217, 0.40217391304347827, 0.40217391304347827, 0.40217391304347827, 0.5978260869565217, 0.5978260869565217], "aps": [0.3512242663039193, 0.48468856936375393, 0.4422148893727965, 0.4485182808347999, 0.3516023347570423, 0.45800984917686105, 0.4067764627076193, 0.361839842618225, 0.39738816863582477, 0.40061143671261223], "f1": [0.0, 0.5736434108527132, 0.5736434108527132, 0.5736434108527132, 0.0, 0.5736434108527132, 0.5736434108527132, 0.5736434108527132, 0.0, 0.0], "auprc": [0.33813795510052924, 0.47387920942768547, 0.433618721707861, 0.43686564103568687, 0.3421652459091251, 0.4416992382947476, 0.3953746282038524, 0.3440561255264938, 0.3873729513027672, 0.3832691472118016]}