{"enet": [{"auroc": [0.46535626535626545, 0.4437346437346438, 0.47174447174447176, 0.4216216216216217, 0.4216216216216217, 0.4437346437346438, 0.5, 0.462899262899263, 0.5, 0.5], "acc": [0.5978260869565217, 0.5869565217391305, 0.5978260869565217, 0.5978260869565217, 0.5978260869565217, 0.5869565217391305, 0.5978260869565217, 0.5869565217391305, 0.5978260869565217, 0.5978260869565217], "aps": [0.36926780776267476, 0.36519600898863325, 0.37004970168043566, 0.36351237347367205, 0.36351237347367205, 0.36519600898863325, 0.40217391304347827, 0.37268744143302646, 0.40217391304347827, 0.40217391304347827], "f1": [0.0, 0.0, 0.0, 0.0, 0.0, 0.0, 0.0, 0.0, 0.0, 0.0], "auprc": [0.35636780404774937, 0.35068875811601974, 0.3574537137964988, 0.34827128703047966, 0.34827128703047966, 0.35068875811601974, 0.7010869565217391, 0.3579270800305951, 0.7010869565217391, 0.7010869565217391]}]}