{"auroc": [0.5272727272727273, 0.5474201474201474, 0.5287469287469287, 0.514004914004914, 0.5454545454545454, 0.5250614250614252, 0.5176904176904177, 0.4196560196560196, 0.5022113022113023, 0.566093366093366], "acc": [0.5978260869565217, 0.40217391304347827, 0.40217391304347827, 0.5978260869565217, 0.40217391304347827, 0.40217391304347827, 0.40217391304347827, 0.5978260869565217, 0.40217391304347827, 0.40217391304347827], "aps": [0.46439515305040713, 0.486820544867321, 0.4601537506924167, 0.46310961550662244, 0.4495089197676204, 0.4607071701478425, 0.4129543241269123, 0.3629072311886976, 0.4057521885039963, 0.5106701431964423], "f1": [0.0, 0.5736434108527132, 0.5736434108527132, 0.0, 0.5736434108527132, 0.5736434108527132, 0.5736434108527132, 0.0, 0.5736434108527132, 0.5736434108527132], "auprc": [0.44608812484979055, 0.47491730700380186, 0.4484709628966316, 0.44180299293807546, 0.4330603937952535, 0.44282452905518765, 0.400270035838173, 0.3490253816677068, 0.38838827093784417, 0.4993787711832638]}