{"enet": [{"auroc": [0.4933660933660934, 0.5616707616707617, 0.5616707616707617, 0.5415233415233416, 0.5626535626535626, 0.5, 0.5626535626535626, 0.4933660933660934, 0.5626535626535626, 0.5], "acc": [0.5978260869565217, 0.5652173913043478, 0.5652173913043478, 0.40217391304347827, 0.5217391304347826, 0.40217391304347827, 0.5217391304347826, 0.5978260869565217, 0.5217391304347826, 0.40217391304347827], "aps": [0.40449262089600624, 0.42946526722158307, 0.42946526722158307, 0.42041023711273096, 0.44189942882794186, 0.40217391304347827, 0.44189942882794186, 0.40449262089600624, 0.44189942882794186, 0.40217391304347827], "f1": [0.0, 0.09090909090909091, 0.09090909090909091, 0.5736434108527132, 0.5769230769230769, 0.5736434108527132, 0.5769230769230769, 0.0, 0.5769230769230769, 0.5736434108527132], "auprc": [0.39054331293640465, 0.42910764242933175, 0.42910764242933175, 0.4054862521757232, 0.5450854685474533, 0.7010869565217391, 0.5450854685474533, 0.39054331293640465, 0.5450854685474533, 0.7010869565217391]}]}