{"enet": [{"auroc": [0.5975429975429976, 0.4855036855036856, 0.4855036855036856, 0.5837837837837838, 0.458968058968059, 0.4815724815724816, 0.5714987714987716, 0.5090909090909091, 0.6137592137592138, 0.4855036855036856], "acc": [0.5978260869565217, 0.5978260869565217, 0.5978260869565217, 0.5978260869565217, 0.5978260869565217, 0.5978260869565217, 0.5978260869565217, 0.5978260869565217, 0.40217391304347827, 0.5978260869565217], "aps": [0.45465914085825593, 0.42729100097046213, 0.42729100097046213, 0.42905101076612573, 0.39635333213232904, 0.4137953908955039, 0.4228655546684432, 0.4008246482693906, 0.4621868966999132, 0.42729100097046213], "f1": [0.0, 0.0, 0.0, 0.0, 0.0, 0.0, 0.0, 0.0, 0.5669291338582677, 0.0], "auprc": [0.4415122147649377, 0.4087145817946415, 0.4087145817946415, 0.4171064045896918, 0.38040310702046193, 0.3977361081479858, 0.4098434445547836, 0.3862920552038027, 0.4493134280161315, 0.4087145817946415]}]}