{"auroc": [0.4491400491400491, 0.4982800982800983, 0.5484029484029485, 0.5191646191646191, 0.5095823095823097, 0.5226044226044226, 0.5457002457002458, 0.5407862407862407, 0.48378378378378384, 0.5164619164619165], "acc": [0.5978260869565217, 0.5978260869565217, 0.40217391304347827, 0.5978260869565217, 0.40217391304347827, 0.5978260869565217, 0.40217391304347827, 0.5978260869565217, 0.40217391304347827, 0.40217391304347827], "aps": [0.38415882747317653, 0.40110579563856624, 0.44234511882180216, 0.40479312296718567, 0.4016358688576955, 0.40190702814121476, 0.4186423201506193, 0.42334122302208, 0.3928517795754265, 0.4096530035690474], "f1": [0.0, 0.0, 0.5736434108527132, 0.0, 0.5736434108527132, 0.0, 0.5736434108527132, 0.0, 0.5736434108527132, 0.5736434108527132], "auprc": [0.3704480493072817, 0.3849075575814067, 0.4263702157233806, 0.391137313711123, 0.38740974233254294, 0.38710753933556413, 0.4035265466773882, 0.41000817894843256, 0.37724521585685405, 0.3958001029929468]}