{"auroc": [0.488943488943489, 0.5164619164619165, 0.5761670761670762, 0.45995085995085994, 0.4921375921375922, 0.45773955773955777, 0.49705159705159707, 0.4933660933660934, 0.4705159705159705, 0.4793611793611794], "acc": [0.5978260869565217, 0.40217391304347827, 0.40217391304347827, 0.40217391304347827, 0.40217391304347827, 0.40217391304347827, 0.5978260869565217, 0.5978260869565217, 0.40217391304347827, 0.40217391304347827], "aps": [0.4312161338392018, 0.42593399055935754, 0.5144629408848973, 0.3945769654990411, 0.41779184828796834, 0.4017883519045868, 0.4225759191364279, 0.43408099836890524, 0.4056454991719368, 0.4073034680452037], "f1": [0.0, 0.5736434108527132, 0.5736434108527132, 0.5736434108527132, 0.5736434108527132, 0.5736434108527132, 0.0, 0.0, 0.5736434108527132, 0.5736434108527132], "auprc": [0.4200092688718989, 0.4101033046263939, 0.5013278460787263, 0.37659993340215653, 0.39968749893538363, 0.38569239575997405, 0.40407789023881974, 0.4222101090189089, 0.3875350163418764, 0.3892246587553898]}