{"enet": [{"auroc": [0.457985257985258, 0.5, 0.5, 0.5, 0.5, 0.5, 0.5, 0.39361179361179366, 0.457985257985258, 0.5], "acc": [0.40217391304347827, 0.5978260869565217, 0.40217391304347827, 0.5978260869565217, 0.40217391304347827, 0.40217391304347827, 0.40217391304347827, 0.41304347826086957, 0.40217391304347827, 0.40217391304347827], "aps": [0.37459371386484186, 0.40217391304347827, 0.40217391304347827, 0.40217391304347827, 0.40217391304347827, 0.40217391304347827, 0.40217391304347827, 0.3605389658129493, 0.37459371386484186, 0.40217391304347827], "f1": [0.5736434108527132, 0.0, 0.5736434108527132, 0.0, 0.5736434108527132, 0.5736434108527132, 0.5736434108527132, 0.2702702702702703, 0.5736434108527132, 0.5736434108527132], "auprc": [0.3620644584258191, 0.7010869565217391, 0.7010869565217391, 0.7010869565217391, 0.7010869565217391, 0.7010869565217391, 0.7010869565217391, 0.34494198699238154, 0.3620644584258191, 0.7010869565217391]}]}