{"enet": [{"auroc": [0.5144963144963146, 0.5, 0.5, 0.5, 0.5, 0.42997542997543, 0.5, 0.42997542997543, 0.5, 0.5], "acc": [0.40217391304347827, 0.40217391304347827, 0.40217391304347827, 0.5978260869565217, 0.40217391304347827, 0.41304347826086957, 0.40217391304347827, 0.41304347826086957, 0.40217391304347827, 0.5978260869565217], "aps": [0.3970553269919253, 0.40217391304347827, 0.40217391304347827, 0.40217391304347827, 0.40217391304347827, 0.3629922835208381, 0.40217391304347827, 0.3629922835208381, 0.40217391304347827, 0.40217391304347827], "f1": [0.5736434108527132, 0.5736434108527132, 0.5736434108527132, 0.0, 0.5736434108527132, 0.5423728813559322, 0.5736434108527132, 0.5423728813559322, 0.5736434108527132, 0.0], "auprc": [0.38357349465116375, 0.7010869565217391, 0.7010869565217391, 0.7010869565217391, 0.7010869565217391, 0.4756028168746037, 0.7010869565217391, 0.4756028168746037, 0.7010869565217391, 0.7010869565217391]}]}