{"auroc": [0.6132678132678133, 0.6265356265356266, 0.6137592137592138, 0.6127764127764128, 0.6152334152334152, 0.6363636363636364, 0.6159705159705161, 0.6412776412776414, 0.6334152334152335, 0.6235872235872236], "acc": [0.40217391304347827, 0.5978260869565217, 0.40217391304347827, 0.40217391304347827, 0.40217391304347827, 0.40217391304347827, 0.40217391304347827, 0.40217391304347827, 0.5978260869565217, 0.40217391304347827], "aps": [0.5139741718182214, 0.5192412275052329, 0.5133109541310303, 0.5191065287388456, 0.5090914540224678, 0.5354315627798762, 0.4784740657806186, 0.5395969580433535, 0.5377818525143563, 0.5233574001114236], "f1": [0.5736434108527132, 0.0, 0.5736434108527132, 0.5736434108527132, 0.5736434108527132, 0.5736434108527132, 0.5736434108527132, 0.5736434108527132, 0.0, 0.5736434108527132], "auprc": [0.5022520983242882, 0.5074807119363418, 0.5013634208473365, 0.5006915662669189, 0.497343891585277, 0.5236027466142029, 0.4628135945124017, 0.5280702603890728, 0.5262303566857319, 0.5116287247977743]}