{"auroc": [0.6918918918918918, 0.6823095823095824, 0.6815724815724815, 0.6245700245700245, 0.7051597051597053, 0.6987714987714989, 0.690909090909091, 0.6796068796068797, 0.6864864864864865, 0.685995085995086], "acc": [0.40217391304347827, 0.40217391304347827, 0.40217391304347827, 0.40217391304347827, 0.40217391304347827, 0.40217391304347827, 0.5978260869565217, 0.40217391304347827, 0.40217391304347827, 0.5978260869565217], "aps": [0.6462824335921935, 0.6327765503539229, 0.636977681861467, 0.4896370871084785, 0.617839386172748, 0.6475975146746129, 0.6500256945083793, 0.6292576234449072, 0.6340569925836879, 0.6213288948285645], "f1": [0.5736434108527132, 0.5736434108527132, 0.5736434108527132, 0.5736434108527132, 0.5736434108527132, 0.5736434108527132, 0.0, 0.5736434108527132, 0.5736434108527132, 0.0], "auprc": [0.6390058764353033, 0.6258573630972872, 0.6295545093066839, 0.4705965070070792, 0.6080509042009319, 0.6402757030998896, 0.642842228931505, 0.6216289654973148, 0.6265041475116406, 0.613164955248438]}