{"enet": [{"auroc": [0.5371007371007371, 0.5, 0.49533169533169535, 0.5, 0.5, 0.5, 0.5, 0.5, 0.5, 0.5], "acc": [0.5652173913043478, 0.40217391304347827, 0.40217391304347827, 0.5978260869565217, 0.40217391304347827, 0.40217391304347827, 0.5978260869565217, 0.5978260869565217, 0.40217391304347827, 0.5978260869565217], "aps": [0.4454998817015812, 0.40217391304347827, 0.4000587544065805, 0.40217391304347827, 0.40217391304347827, 0.40217391304347827, 0.40217391304347827, 0.40217391304347827, 0.40217391304347827, 0.40217391304347827], "f1": [0.4444444444444445, 0.5736434108527132, 0.5736434108527132, 0.0, 0.5736434108527132, 0.5736434108527132, 0.0, 0.0, 0.5736434108527132, 0.0], "auprc": [0.43410569345317107, 0.7010869565217391, 0.6918618690357821, 0.7010869565217391, 0.7010869565217391, 0.7010869565217391, 0.7010869565217391, 0.7010869565217391, 0.7010869565217391, 0.7010869565217391]}]}