{"enet": [{"auroc": [0.42653562653562654, 0.5, 0.5, 0.4535626535626536, 0.5, 0.4673218673218673, 0.5, 0.45159705159705166, 0.45159705159705166, 0.4186732186732186], "acc": [0.5869565217391305, 0.5978260869565217, 0.5978260869565217, 0.5760869565217391, 0.5978260869565217, 0.5978260869565217, 0.5978260869565217, 0.5869565217391305, 0.5869565217391305, 0.5869565217391305], "aps": [0.3654206697951472, 0.40217391304347827, 0.40217391304347827, 0.3834044209706846, 0.40217391304347827, 0.40003783744837906, 0.40217391304347827, 0.3781004275442698, 0.3781004275442698, 0.36479026155905536], "f1": [0.0, 0.0, 0.0, 0.0, 0.0, 0.0, 0.0, 0.0, 0.0, 0.0], "auprc": [0.3504169382548995, 0.7010869565217391, 0.7010869565217391, 0.36773862939327745, 0.7010869565217391, 0.3839543066246872, 0.7010869565217391, 0.3639514223490764, 0.3639514223490764, 0.3507925988627204]}]}