{"enet": [{"auroc": [0.5071253071253072, 0.5, 0.48353808353808353, 0.5594594594594594, 0.48353808353808353, 0.5081081081081082, 0.5, 0.5081081081081082, 0.4619164619164619, 0.5081081081081082], "acc": [0.40217391304347827, 0.40217391304347827, 0.5978260869565217, 0.44565217391304346, 0.5978260869565217, 0.5978260869565217, 0.5978260869565217, 0.5978260869565217, 0.5978260869565217, 0.5978260869565217], "aps": [0.4335528891510899, 0.40217391304347827, 0.3906270233927528, 0.43394751630232253, 0.3906270233927528, 0.3987708277266261, 0.40217391304347827, 0.3987708277266261, 0.3754649513909741, 0.3987708277266261], "f1": [0.5736434108527132, 0.5736434108527132, 0.0, 0.5920000000000001, 0.0, 0.0, 0.0, 0.0, 0.0, 0.0], "auprc": [0.4245922127529954, 0.7010869565217391, 0.37503346311143704, 0.685880553397332, 0.37503346311143704, 0.3835702925865771, 0.7010869565217391, 0.3835702925865771, 0.3621030712886171, 0.3835702925865771]}]}