{"enet": [{"auroc": [0.568058968058968, 0.5, 0.5572481572481573, 0.5, 0.5, 0.568058968058968, 0.49582309582309586, 0.568058968058968, 0.5, 0.5216216216216216], "acc": [0.40217391304347827, 0.5978260869565217, 0.40217391304347827, 0.5978260869565217, 0.5978260869565217, 0.40217391304347827, 0.40217391304347827, 0.40217391304347827, 0.5978260869565217, 0.391304347826087], "aps": [0.4520171775407927, 0.40217391304347827, 0.4447759653215273, 0.40217391304347827, 0.40217391304347827, 0.4520171775407927, 0.40017820017820016, 0.4520171775407927, 0.40217391304347827, 0.41672822709997526], "f1": [0.5736434108527132, 0.0, 0.5736434108527132, 0.0, 0.0, 0.5736434108527132, 0.5736434108527132, 0.5736434108527132, 0.0, 0.5555555555555556], "auprc": [0.44054560101581247, 0.7010869565217391, 0.4333597604375446, 0.7010869565217391, 0.7010869565217391, 0.44054560101581247, 0.6919809919809919, 0.44054560101581247, 0.7010869565217391, 0.5961097962997792]}]}