{"auroc": [0.47960687960687964, 0.5262899262899262, 0.47542997542997545, 0.4302211302211303, 0.5002457002457004, 0.49582309582309586, 0.48206388206388207, 0.48943488943488944, 0.5022113022113022, 0.4368550368550369], "acc": [0.40217391304347827, 0.40217391304347827, 0.5978260869565217, 0.40217391304347827, 0.40217391304347827, 0.40217391304347827, 0.5978260869565217, 0.40217391304347827, 0.5978260869565217, 0.40217391304347827], "aps": [0.4162357553545204, 0.4300047005563088, 0.40244012013915725, 0.39371937002994123, 0.41395569314238906, 0.41656796095119153, 0.40708221880622153, 0.4168463655871246, 0.41651217198479146, 0.389894320103498], "f1": [0.5736434108527132, 0.5736434108527132, 0.0, 0.5736434108527132, 0.5736434108527132, 0.5736434108527132, 0.0, 0.5736434108527132, 0.0, 0.5736434108527132], "auprc": [0.39791929569311957, 0.41113541368054707, 0.3842770379532575, 0.37558001895930504, 0.3979351438342831, 0.40051026910538057, 0.3911863423651839, 0.3984721828761206, 0.40035428246808197, 0.37183866447335495]}