{"auroc": [0.5700245700245701, 0.5705159705159706, 0.5348894348894349, 0.5292383292383293, 0.5115479115479116, 0.5675675675675675, 0.535872235872236, 0.5660933660933661, 0.571007371007371, 0.572972972972973], "acc": [0.40217391304347827, 0.40217391304347827, 0.4891304347826087, 0.40217391304347827, 0.40217391304347827, 0.40217391304347827, 0.5978260869565217, 0.40217391304347827, 0.5978260869565217, 0.5978260869565217], "aps": [0.4897970766707363, 0.4872542619811693, 0.4755213115049239, 0.4661549859345797, 0.4343443541025974, 0.48390537013565266, 0.4970206677201158, 0.4842278694283477, 0.48379912025534294, 0.4756238106187054], "f1": [0.5736434108527132, 0.5736434108527132, 0.5523809523809523, 0.5736434108527132, 0.5736434108527132, 0.5736434108527132, 0.0, 0.5736434108527132, 0.0, 0.0], "auprc": [0.4782073978006619, 0.47534155890345364, 0.46389907358051374, 0.45605203639939756, 0.41559665345836583, 0.4721031976163839, 0.4885473582904553, 0.47233282742081434, 0.47206213379549894, 0.45686189315614273]}