{"enet": [{"auroc": [0.6201474201474202, 0.5149877149877151, 0.5149877149877151, 0.5257985257985258, 0.5366093366093366, 0.49582309582309586, 0.5149877149877151, 0.48599508599508606, 0.48599508599508606, 0.5257985257985258], "acc": [0.40217391304347827, 0.5978260869565217, 0.5978260869565217, 0.5978260869565217, 0.5978260869565217, 0.41304347826086957, 0.5978260869565217, 0.5978260869565217, 0.5978260869565217, 0.5978260869565217], "aps": [0.5072444350889089, 0.39792138812246114, 0.39792138812246114, 0.4118055359067302, 0.4133459211920814, 0.40017820017820016, 0.39792138812246114, 0.38730997909072895, 0.38730997909072895, 0.4118055359067302], "f1": [0.5736434108527132, 0.0, 0.0, 0.0, 0.0, 0.578125, 0.0, 0.0, 0.0, 0.0], "auprc": [0.49800600668393935, 0.38538512742521824, 0.38538512742521824, 0.398714827164089, 0.39986874483522594, 0.6919809919809919, 0.38538512742521824, 0.37434170700069075, 0.37434170700069075, 0.398714827164089]}]}