{"enet": [{"auroc": [0.48992628992629006, 0.520884520884521, 0.520884520884521, 0.49090909090909096, 0.49090909090909096, 0.520884520884521, 0.520884520884521, 0.520884520884521, 0.48992628992629006, 0.49090909090909096], "acc": [0.40217391304347827, 0.40217391304347827, 0.40217391304347827, 0.5978260869565217, 0.5978260869565217, 0.40217391304347827, 0.40217391304347827, 0.40217391304347827, 0.40217391304347827, 0.5978260869565217], "aps": [0.4664769827713099, 0.4114310049179307, 0.4114310049179307, 0.39782988719762546, 0.39782988719762546, 0.4114310049179307, 0.4114310049179307, 0.4114310049179307, 0.4664769827713099, 0.39782988719762546], "f1": [0.5736434108527132, 0.5736434108527132, 0.5736434108527132, 0.0, 0.0, 0.5736434108527132, 0.5736434108527132, 0.5736434108527132, 0.5736434108527132, 0.0], "auprc": [0.45748333568300825, 0.39365975758093047, 0.39365975758093047, 0.3841796593707072, 0.3841796593707072, 0.39365975758093047, 0.39365975758093047, 0.39365975758093047, 0.45748333568300825, 0.3841796593707072]}]}