{"auroc": [0.49508599508599505, 0.40835380835380836, 0.4862407862407863, 0.47125307125307137, 0.46019656019656024, 0.46142506142506146, 0.5120393120393121, 0.41719901719901725, 0.4904176904176905, 0.5004914004914005], "acc": [0.40217391304347827, 0.40217391304347827, 0.40217391304347827, 0.40217391304347827, 0.5978260869565217, 0.40217391304347827, 0.5978260869565217, 0.5978260869565217, 0.40217391304347827, 0.5978260869565217], "aps": [0.40877878462848355, 0.3633060761843631, 0.4389951000718851, 0.4391379443470311, 0.39417332514977826, 0.40349889423385615, 0.4631936973803388, 0.3551765514549132, 0.4338019210131896, 0.4463413124312918], "f1": [0.5736434108527132, 0.5736434108527132, 0.5736434108527132, 0.5736434108527132, 0.0, 0.5736434108527132, 0.0, 0.0, 0.5736434108527132, 0.0], "auprc": [0.39798706645186566, 0.35382989577163976, 0.4303030619433676, 0.42992989689203603, 0.3762555681729737, 0.39257897700439753, 0.45159775696868415, 0.3413793156283159, 0.4146501086268605, 0.428575331526867]}