{"auroc": [0.5773955773955775, 0.48992628992629, 0.4855036855036855, 0.5022113022113023, 0.4734643734643735, 0.48869778869778874, 0.44398034398034397, 0.48058968058968066, 0.48992628992628995, 0.4727272727272727], "acc": [0.40217391304347827, 0.40217391304347827, 0.5978260869565217, 0.40217391304347827, 0.5978260869565217, 0.5978260869565217, 0.40217391304347827, 0.5978260869565217, 0.5978260869565217, 0.40217391304347827], "aps": [0.45131572562425737, 0.40539297922692596, 0.4031140986298349, 0.4062625690486343, 0.4115302271983361, 0.40473683832033946, 0.3864222982889771, 0.39866194323067433, 0.4041051391469771, 0.3944618150294058], "f1": [0.5736434108527132, 0.5736434108527132, 0.0, 0.5736434108527132, 0.0, 0.0, 0.5736434108527132, 0.0, 0.0, 0.5736434108527132], "auprc": [0.4352573687569751, 0.39059824056777204, 0.38850631064181473, 0.39150894572196215, 0.3935653357513641, 0.39122510433850993, 0.368112285251997, 0.3841262896919046, 0.39030662888503376, 0.3802795095585272]}