{"enet": [{"auroc": [0.4697788697788698, 0.5, 0.5041769041769042, 0.5041769041769042, 0.5, 0.4697788697788698, 0.45847665847665847, 0.5, 0.4697788697788698, 0.47174447174447176], "acc": [0.40217391304347827, 0.40217391304347827, 0.40217391304347827, 0.40217391304347827, 0.40217391304347827, 0.40217391304347827, 0.5978260869565217, 0.40217391304347827, 0.40217391304347827, 0.5978260869565217], "aps": [0.38664250039226555, 0.40217391304347827, 0.40980718530406, 0.406331985854821, 0.40217391304347827, 0.38664250039226555, 0.41574622584548176, 0.40217391304347827, 0.38664250039226555, 0.408550742266239], "f1": [0.5736434108527132, 0.5736434108527132, 0.5736434108527132, 0.5736434108527132, 0.5736434108527132, 0.5736434108527132, 0.0, 0.5736434108527132, 0.5736434108527132, 0.0], "auprc": [0.3723780282368334, 0.7010869565217391, 0.3941089277479273, 0.39260154955366583, 0.7010869565217391, 0.3723780282368334, 0.40460802629217096, 0.7010869565217391, 0.3723780282368334, 0.3903684735322394]}]}