{"auroc": [0.5405405405405405, 0.5054054054054054, 0.5316953316953318, 0.5429975429975431, 0.45601965601965605, 0.545945945945946, 0.4886977886977887, 0.5402948402948403, 0.5385749385749385, 0.5277641277641278], "acc": [0.40217391304347827, 0.5978260869565217, 0.5978260869565217, 0.5978260869565217, 0.40217391304347827, 0.40217391304347827, 0.40217391304347827, 0.5978260869565217, 0.5978260869565217, 0.5978260869565217], "aps": [0.41477670606324424, 0.3995430790232757, 0.4057776663461844, 0.42033955646849175, 0.41421024949863894, 0.41349048394127497, 0.3779311113778757, 0.41676896865681096, 0.4154834883911667, 0.4059291701262647], "f1": [0.5736434108527132, 0.0, 0.0, 0.0, 0.5736434108527132, 0.5736434108527132, 0.5736434108527132, 0.0, 0.0, 0.0], "auprc": [0.4012279240373988, 0.38539384008652455, 0.3928894030695713, 0.4055955882032529, 0.40797593934480403, 0.4012618838905867, 0.3649153135757737, 0.4015361744009911, 0.4003728972421723, 0.391882095143995]}