{"auroc": [0.5714987714987715, 0.5778869778869778, 0.5737100737100738, 0.5941031941031941, 0.5383292383292383, 0.5828009828009828, 0.5061425061425061, 0.5233415233415234, 0.5744471744471744, 0.5705159705159705], "acc": [0.40217391304347827, 0.5978260869565217, 0.5978260869565217, 0.5978260869565217, 0.40217391304347827, 0.5978260869565217, 0.40217391304347827, 0.40217391304347827, 0.40217391304347827, 0.40217391304347827], "aps": [0.45288240037757277, 0.5034014116523788, 0.4882663335936193, 0.5146653217209621, 0.45056033570718346, 0.5019879357601605, 0.39395558214924, 0.4228920956474373, 0.4563049959938985, 0.485982674507053], "f1": [0.5736434108527132, 0.0, 0.0, 0.0, 0.5736434108527132, 0.0, 0.5736434108527132, 0.5736434108527132, 0.5736434108527132, 0.5736434108527132], "auprc": [0.43499067671156855, 0.4950677516824974, 0.478729422586005, 0.5049398998952741, 0.43228739504345476, 0.4904849291730836, 0.37959389115855663, 0.40791393896813033, 0.43799844251382725, 0.47628697172622275]}