{"auroc": [0.5619164619164619, 0.48845208845208854, 0.5886977886977888, 0.5140049140049141, 0.47592137592137596, 0.5162162162162163, 0.5464373464373464, 0.5926289926289926, 0.568058968058968, 0.5828009828009828], "acc": [0.40217391304347827, 0.5978260869565217, 0.40217391304347827, 0.40217391304347827, 0.40217391304347827, 0.5978260869565217, 0.5978260869565217, 0.40217391304347827, 0.40217391304347827, 0.40217391304347827], "aps": [0.4502811464632937, 0.44261792864552113, 0.49378459235635813, 0.43847568479121624, 0.3931102260250374, 0.4688820530502709, 0.42403075761352, 0.5004497731230733, 0.48987019357258055, 0.4596648884451029], "f1": [0.5736434108527132, 0.0, 0.5736434108527132, 0.5736434108527132, 0.5736434108527132, 0.0, 0.0, 0.5736434108527132, 0.5736434108527132, 0.5736434108527132], "auprc": [0.43591362193257166, 0.42953628304899155, 0.4773405022320998, 0.4204297225444222, 0.3776109391895227, 0.4568329814573656, 0.41096980570626473, 0.48177387182721415, 0.4735163327479396, 0.44479147650132334]}