{"auroc": [0.6253071253071253, 0.631941031941032, 0.5918918918918918, 0.6171990171990172, 0.5007371007371008, 0.5540540540540542, 0.6437346437346437, 0.6452088452088451, 0.6162162162162161, 0.5773955773955775], "acc": [0.40217391304347827, 0.40217391304347827, 0.40217391304347827, 0.40217391304347827, 0.5978260869565217, 0.5978260869565217, 0.5978260869565217, 0.40217391304347827, 0.40217391304347827, 0.5978260869565217], "aps": [0.5022466742225487, 0.5008555673368005, 0.4748546605467343, 0.4880591142121526, 0.46490207892058083, 0.4692986624993873, 0.5009128461667048, 0.524990514056982, 0.4840304891715775, 0.4557557356644444], "f1": [0.5736434108527132, 0.5736434108527132, 0.5736434108527132, 0.5736434108527132, 0.0, 0.0, 0.0, 0.5736434108527132, 0.5528455284552846, 0.0], "auprc": [0.48359004284880625, 0.4844477330226557, 0.4561666970415146, 0.4738863372531456, 0.4553360357805213, 0.45734214279522317, 0.48572097439369494, 0.506576054173637, 0.4701693871267578, 0.4397482017383612]}