{"auroc": [0.4933660933660934, 0.4992628992628993, 0.49975429975429975, 0.5115479115479116, 0.5218673218673219, 0.5081081081081081, 0.49926289926289924, 0.45651105651105656, 0.49926289926289924, 0.5041769041769042], "acc": [0.5978260869565217, 0.40217391304347827, 0.5978260869565217, 0.5978260869565217, 0.40217391304347827, 0.5, 0.40217391304347827, 0.40217391304347827, 0.40217391304347827, 0.40217391304347827], "aps": [0.46828901284912516, 0.39990476669047603, 0.40906636078433606, 0.4046216955580968, 0.43169855113145994, 0.4116211218869939, 0.39154414912199187, 0.3783751203608437, 0.40034922753719915, 0.3991735906038524], "f1": [0.0, 0.5736434108527132, 0.0, 0.0, 0.5736434108527132, 0.4102564102564103, 0.5736434108527132, 0.5736434108527132, 0.5736434108527132, 0.5736434108527132], "auprc": [0.45848058640974854, 0.3843285197430458, 0.3951956049171122, 0.38910893893790777, 0.41682252997279434, 0.39572767615474047, 0.3768752855221895, 0.36430584784384706, 0.38514258377291416, 0.38377706714999243]}