{"auroc": [0.41523341523341534, 0.5179361179361179, 0.5601965601965602, 0.5636363636363636, 0.5336609336609337, 0.5773955773955773, 0.5292383292383293, 0.5631449631449631, 0.5368550368550369, 0.43783783783783786], "acc": [0.5978260869565217, 0.40217391304347827, 0.40217391304347827, 0.5978260869565217, 0.40217391304347827, 0.40217391304347827, 0.40217391304347827, 0.40217391304347827, 0.40217391304347827, 0.40217391304347827], "aps": [0.3625430221805448, 0.45667309425490604, 0.45065055875321547, 0.4743428273677951, 0.4690746549979241, 0.4932751122693435, 0.4436943205682979, 0.476937717149182, 0.4296434744308344, 0.3827294511146859], "f1": [0.0, 0.5736434108527132, 0.5736434108527132, 0.0, 0.5736434108527132, 0.5736434108527132, 0.5736434108527132, 0.5736434108527132, 0.5736434108527132, 0.5736434108527132], "auprc": [0.3498312348401828, 0.44741633360408584, 0.4320426690637144, 0.46481598736952834, 0.45743784001642196, 0.4818088757159574, 0.4319837386961221, 0.4649520648134603, 0.4137558889425593, 0.36491574538674215]}