{"enet": [{"auroc": [0.539066339066339, 0.5, 0.5, 0.49975429975429975, 0.5, 0.5, 0.5, 0.5, 0.5, 0.46240786240786247], "acc": [0.41304347826086957, 0.5978260869565217, 0.5978260869565217, 0.5652173913043478, 0.5978260869565217, 0.5978260869565217, 0.5978260869565217, 0.5978260869565217, 0.5978260869565217, 0.5978260869565217], "aps": [0.41321984899675096, 0.40217391304347827, 0.40217391304347827, 0.3923629721694866, 0.40217391304347827, 0.40217391304347827, 0.40217391304347827, 0.40217391304347827, 0.40217391304347827, 0.4084821022087275], "f1": [0.578125, 0.0, 0.0, 0.09090909090909091, 0.0, 0.0, 0.0, 0.0, 0.0, 0.0], "auprc": [0.3989887089916576, 0.7010869565217391, 0.7010869565217391, 0.3785790149874102, 0.7010869565217391, 0.7010869565217391, 0.7010869565217391, 0.7010869565217391, 0.7010869565217391, 0.3900988768903861]}]}