{"enet": [{"auroc": [0.5975429975429976, 0.5513513513513514, 0.5056511056511057, 0.5, 0.5, 0.5056511056511057, 0.5341523341523342, 0.5341523341523342, 0.5007371007371008, 0.5056511056511057], "acc": [0.40217391304347827, 0.40217391304347827, 0.40217391304347827, 0.40217391304347827, 0.40217391304347827, 0.40217391304347827, 0.40217391304347827, 0.40217391304347827, 0.5978260869565217, 0.40217391304347827], "aps": [0.5075824441156088, 0.4289500980558467, 0.43689878626772516, 0.40217391304347827, 0.40217391304347827, 0.43689878626772516, 0.43951261514826345, 0.43951261514826345, 0.39102172109681044, 0.43689878626772516], "f1": [0.5736434108527132, 0.5736434108527132, 0.5736434108527132, 0.5736434108527132, 0.5736434108527132, 0.5736434108527132, 0.5736434108527132, 0.5736434108527132, 0.0, 0.5736434108527132], "auprc": [0.49784888629763435, 0.41289123047792115, 0.4185211317385193, 0.7010869565217391, 0.7010869565217391, 0.4185211317385193, 0.42856598147897335, 0.42856598147897335, 0.37727432879282063, 0.4185211317385193]}]}