{"enet": [{"auroc": [0.4029484029484029, 0.5, 0.5, 0.5, 0.5, 0.5, 0.51007371007371, 0.5, 0.51007371007371, 0.5], "acc": [0.5108695652173914, 0.5978260869565217, 0.5978260869565217, 0.5978260869565217, 0.5978260869565217, 0.5978260869565217, 0.40217391304347827, 0.5978260869565217, 0.40217391304347827, 0.5978260869565217], "aps": [0.3592576181140297, 0.40217391304347827, 0.40217391304347827, 0.40217391304347827, 0.40217391304347827, 0.40217391304347827, 0.39121243387547905, 0.40217391304347827, 0.39121243387547905, 0.40217391304347827], "f1": [0.23728813559322035, 0.0, 0.0, 0.0, 0.0, 0.0, 0.5736434108527132, 0.0, 0.5736434108527132, 0.0], "auprc": [0.3451490813082402, 0.7010869565217391, 0.7010869565217391, 0.7010869565217391, 0.7010869565217391, 0.7010869565217391, 0.377483707562009, 0.7010869565217391, 0.377483707562009, 0.7010869565217391]}]}