{"enet": [{"auroc": [0.521867321867322, 0.5513513513513515, 0.521867321867322, 0.47862407862407863, 0.4407862407862408, 0.47862407862407863, 0.521867321867322, 0.5, 0.4835380835380836, 0.47862407862407863], "acc": [0.40217391304347827, 0.40217391304347827, 0.40217391304347827, 0.5760869565217391, 0.5978260869565217, 0.5760869565217391, 0.40217391304347827, 0.40217391304347827, 0.40217391304347827, 0.5760869565217391], "aps": [0.40392141228937256, 0.4221042221227172, 0.40392141228937256, 0.3813944832581787, 0.3724341482687452, 0.3813944832581787, 0.40392141228937256, 0.40217391304347827, 0.38246330697173814, 0.3813944832581787], "f1": [0.5736434108527132, 0.5736434108527132, 0.5736434108527132, 0.04878048780487805, 0.0, 0.04878048780487805, 0.5736434108527132, 0.5736434108527132, 0.5736434108527132, 0.04878048780487805], "auprc": [0.38952385915814003, 0.4049909634819203, 0.38952385915814003, 0.3799897341587392, 0.35704392432320603, 0.3799897341587392, 0.38952385915814003, 0.7010869565217391, 0.3687975946759662, 0.3799897341587392]}]}