{"auroc": [0.5076167076167077, 0.4906633906633907, 0.4968058968058968, 0.49656019656019657, 0.44250614250614256, 0.4582309582309583, 0.5203931203931205, 0.47764127764127773, 0.5031941031941032, 0.5631449631449632], "acc": [0.40217391304347827, 0.5978260869565217, 0.40217391304347827, 0.40217391304347827, 0.5978260869565217, 0.40217391304347827, 0.5978260869565217, 0.40217391304347827, 0.40217391304347827, 0.40217391304347827], "aps": [0.40435390541630234, 0.43268819473732023, 0.4016852434806945, 0.39623968404899884, 0.4443693259182104, 0.40628621305091245, 0.4218081115469396, 0.3866812251889412, 0.4004216870702082, 0.45590680557241536], "f1": [0.5736434108527132, 0.0, 0.5736434108527132, 0.5736434108527132, 0.0, 0.5736434108527132, 0.0, 0.5736434108527132, 0.5736434108527132, 0.5736434108527132], "auprc": [0.3907107959498028, 0.4144537188679267, 0.3871462696002848, 0.3825484624125791, 0.43595977154190363, 0.3952077577057463, 0.4077467479076331, 0.3737152428918614, 0.38670872364088793, 0.43963090957313206]}