{"enet": [{"auroc": [0.5208845208845209, 0.5, 0.5, 0.5, 0.48452088452088454, 0.48452088452088454, 0.5, 0.5, 0.5208845208845209, 0.4943488943488944], "acc": [0.40217391304347827, 0.40217391304347827, 0.40217391304347827, 0.40217391304347827, 0.40217391304347827, 0.40217391304347827, 0.40217391304347827, 0.40217391304347827, 0.40217391304347827, 0.40217391304347827], "aps": [0.4201350934638122, 0.40217391304347827, 0.40217391304347827, 0.40217391304347827, 0.3986052967977153, 0.3986052967977153, 0.40217391304347827, 0.40217391304347827, 0.4201350934638122, 0.3875070135917166], "f1": [0.5736434108527132, 0.5736434108527132, 0.5736434108527132, 0.5736434108527132, 0.5736434108527132, 0.5736434108527132, 0.5736434108527132, 0.5736434108527132, 0.5736434108527132, 0.5736434108527132], "auprc": [0.40181117958808127, 0.7010869565217391, 0.7010869565217391, 0.7010869565217391, 0.3848800485547149, 0.3848800485547149, 0.7010869565217391, 0.7010869565217391, 0.40181117958808127, 0.3747431184597684]}]}