{"enet": [{"auroc": [0.5651105651105651, 0.5331695331695332, 0.5, 0.5, 0.4864864864864865, 0.3995085995085995, 0.3995085995085995, 0.5, 0.3995085995085995, 0.4864864864864865], "acc": [0.40217391304347827, 0.40217391304347827, 0.40217391304347827, 0.40217391304347827, 0.40217391304347827, 0.5978260869565217, 0.5978260869565217, 0.40217391304347827, 0.5978260869565217, 0.40217391304347827], "aps": [0.42910900329917323, 0.431926840181054, 0.40217391304347827, 0.40217391304347827, 0.39578195012977624, 0.39259260193323176, 0.39259260193323176, 0.40217391304347827, 0.39259260193323176, 0.39578195012977624], "f1": [0.5736434108527132, 0.5736434108527132, 0.5736434108527132, 0.5736434108527132, 0.5736434108527132, 0.0, 0.0, 0.5736434108527132, 0.0, 0.5736434108527132], "auprc": [0.4116408826852624, 0.41379697163486223, 0.7010869565217391, 0.7010869565217391, 0.6897234668973798, 0.38379728169080074, 0.38379728169080074, 0.7010869565217391, 0.38379728169080074, 0.6897234668973798]}]}