{"auroc": [0.515970515970516, 0.5687960687960688, 0.6073710073710074, 0.5601965601965602, 0.5572481572481572, 0.5975429975429976, 0.5719901719901721, 0.5272727272727273, 0.6108108108108109, 0.5923832923832925], "acc": [0.40217391304347827, 0.40217391304347827, 0.40217391304347827, 0.5978260869565217, 0.5978260869565217, 0.40217391304347827, 0.5978260869565217, 0.40217391304347827, 0.40217391304347827, 0.40217391304347827], "aps": [0.4119914630883704, 0.4576720180506568, 0.45348045030504963, 0.42668950457074584, 0.446065695327854, 0.4477344319854505, 0.4216474145029271, 0.42175924111258944, 0.45224861315189285, 0.4465594506803602], "f1": [0.5736434108527132, 0.5736434108527132, 0.5736434108527132, 0.0, 0.0, 0.5736434108527132, 0.0, 0.5736434108527132, 0.5736434108527132, 0.5736434108527132], "auprc": [0.3971828811437471, 0.44344959143104257, 0.43907219322069346, 0.41395319904843536, 0.4304781858311066, 0.4340775895174906, 0.40931751488045787, 0.40368771097290906, 0.4385733582038578, 0.4330860746656084]}