{"auroc": [0.5213759213759215, 0.5287469287469287, 0.5169533169533169, 0.5194103194103195, 0.48918918918918924, 0.5226044226044226, 0.5567567567567568, 0.5167076167076168, 0.45724815724815737, 0.6196560196560197], "acc": [0.40217391304347827, 0.40217391304347827, 0.40217391304347827, 0.40217391304347827, 0.40217391304347827, 0.5978260869565217, 0.40217391304347827, 0.5978260869565217, 0.5978260869565217, 0.40217391304347827], "aps": [0.4134432603950564, 0.4165687981741997, 0.4117863422149395, 0.4107011484690467, 0.42008991876800733, 0.4266366313251815, 0.4411152844743539, 0.4084690240951841, 0.37622045412914557, 0.4736662112187706], "f1": [0.5736434108527132, 0.5736434108527132, 0.5736434108527132, 0.5736434108527132, 0.5736434108527132, 0.0, 0.5736434108527132, 0.0, 0.0, 0.5736434108527132], "auprc": [0.3996281778116744, 0.40335911578195793, 0.39715323819858017, 0.39744145439991985, 0.40364971803169897, 0.41197407819352233, 0.4270632197824811, 0.39482694755273734, 0.36182081322807924, 0.45856915920242497]}