{"enet": [{"auroc": [0.547911547911548, 0.5882063882063883, 0.5882063882063883, 0.5911547911547912, 0.5911547911547912, 0.5911547911547912, 0.5621621621621622, 0.5754299754299754, 0.5916461916461917, 0.5911547911547912], "acc": [0.40217391304347827, 0.5978260869565217, 0.5978260869565217, 0.5217391304347826, 0.5217391304347826, 0.5217391304347826, 0.40217391304347827, 0.5978260869565217, 0.40217391304347827, 0.5217391304347826], "aps": [0.43956328166559655, 0.4526340060506311, 0.4526340060506311, 0.44670275184513414, 0.44670275184513414, 0.44670275184513414, 0.48519360007732715, 0.44184227881325133, 0.508123659821341, 0.44670275184513414], "f1": [0.5736434108527132, 0.0, 0.0, 0.4358974358974359, 0.4358974358974359, 0.4358974358974359, 0.5736434108527132, 0.0, 0.5736434108527132, 0.4358974358974359], "auprc": [0.4253894381590631, 0.43903367319553965, 0.43903367319553965, 0.4464425699441278, 0.4464425699441278, 0.4464425699441278, 0.47345533550507235, 0.42809267502007176, 0.4900153219536275, 0.4464425699441278]}]}