{"enet": [{"auroc": [0.3901719901719902, 0.3901719901719902, 0.3901719901719902, 0.42604422604422604, 0.5, 0.3901719901719902, 0.4098280098280098, 0.42604422604422604, 0.3901719901719902, 0.5], "acc": [0.5978260869565217, 0.5978260869565217, 0.5978260869565217, 0.4673913043478261, 0.5978260869565217, 0.5978260869565217, 0.5978260869565217, 0.4673913043478261, 0.5978260869565217, 0.5978260869565217], "aps": [0.35302688928963677, 0.35302688928963677, 0.35302688928963677, 0.37745758786566197, 0.40217391304347827, 0.35302688928963677, 0.37573202246472864, 0.37745758786566197, 0.35302688928963677, 0.40217391304347827], "f1": [0.0, 0.0, 0.0, 0.39506172839506176, 0.0, 0.0, 0.0, 0.39506172839506176, 0.0, 0.0], "auprc": [0.33920255197055826, 0.33920255197055826, 0.33920255197055826, 0.4127761100580131, 0.7010869565217391, 0.33920255197055826, 0.365646916061603, 0.4127761100580131, 0.33920255197055826, 0.7010869565217391]}]}