{"enet": [{"auroc": [0.5297297297297298, 0.46142506142506146, 0.5297297297297298, 0.5297297297297298, 0.3837837837837838, 0.41572481572481573, 0.49926289926289935, 0.41572481572481573, 0.5297297297297298, 0.509090909090909], "acc": [0.40217391304347827, 0.40217391304347827, 0.40217391304347827, 0.40217391304347827, 0.4673913043478261, 0.43478260869565216, 0.40217391304347827, 0.43478260869565216, 0.40217391304347827, 0.40217391304347827], "aps": [0.41437635254287275, 0.4045950109536969, 0.41437635254287275, 0.41437635254287275, 0.33476112887244747, 0.3402898818394841, 0.40138218508334544, 0.3402898818394841, 0.41437635254287275, 0.4065934065934066], "f1": [0.5736434108527132, 0.5736434108527132, 0.5736434108527132, 0.5736434108527132, 0.19672131147540983, 0.4693877551020408, 0.5736434108527132, 0.4693877551020408, 0.5736434108527132, 0.5736434108527132], "auprc": [0.40030578373719405, 0.3863158431126242, 0.40030578373719405, 0.40030578373719405, 0.33629285831864286, 0.37745060772775363, 0.5709876733398913, 0.37745060772775363, 0.40030578373719405, 0.7032967032967032]}]}