{"auroc": [0.5621621621621622, 0.6324324324324324, 0.6221130221130221, 0.5469287469287469, 0.5592137592137593, 0.5668304668304669, 0.5454545454545454, 0.5744471744471745, 0.5520884520884521, 0.5297297297297298], "acc": [0.40217391304347827, 0.40217391304347827, 0.40217391304347827, 0.40217391304347827, 0.40217391304347827, 0.40217391304347827, 0.40217391304347827, 0.40217391304347827, 0.5978260869565217, 0.5978260869565217], "aps": [0.42814691881631106, 0.5117922203629749, 0.5066953995061889, 0.4495665843565848, 0.44882397161901266, 0.4397470483629163, 0.4340699210751574, 0.46516159649097877, 0.4252487977599241, 0.40690432239264585], "f1": [0.5736434108527132, 0.5736434108527132, 0.5736434108527132, 0.5736434108527132, 0.5736434108527132, 0.5736434108527132, 0.5736434108527132, 0.5736434108527132, 0.0, 0.0], "auprc": [0.4110757274334324, 0.5000837025798275, 0.4880178017359706, 0.4309896164727899, 0.4306430345912748, 0.42378699032942674, 0.4162530847259195, 0.44651560036299903, 0.4114077751692137, 0.39237129773769525]}