{"auroc": [0.571007371007371, 0.522850122850123, 0.5975429975429976, 0.5852579852579853, 0.5238329238329238, 0.5798525798525799, 0.5739557739557739, 0.5931203931203931, 0.47223587223587227, 0.6297297297297297], "acc": [0.40217391304347827, 0.40217391304347827, 0.40217391304347827, 0.40217391304347827, 0.40217391304347827, 0.40217391304347827, 0.40217391304347827, 0.40217391304347827, 0.40217391304347827, 0.5978260869565217], "aps": [0.4682823942492023, 0.4343597399787119, 0.48325587214516613, 0.455877510073559, 0.42601008859672906, 0.4421608698614351, 0.4603200205685696, 0.4751724363582478, 0.37282189989943726, 0.48745695318859594], "f1": [0.5736434108527132, 0.5736434108527132, 0.5736434108527132, 0.5736434108527132, 0.5736434108527132, 0.5736434108527132, 0.5736434108527132, 0.5736434108527132, 0.5736434108527132, 0.0], "auprc": [0.45369785212255836, 0.41817554459340567, 0.471744583719418, 0.439623035043903, 0.4097105484851001, 0.42718452383474953, 0.44515456362393485, 0.4564650627642097, 0.3604694746183617, 0.47176703445980445]}