{"auroc": [0.4385749385749387, 0.541031941031941, 0.5285012285012286, 0.5945945945945945, 0.5253071253071253, 0.4941031941031941, 0.5528255528255529, 0.5813267813267814, 0.5375921375921375, 0.4562653562653563], "acc": [0.40217391304347827, 0.40217391304347827, 0.40217391304347827, 0.40217391304347827, 0.5978260869565217, 0.40217391304347827, 0.40217391304347827, 0.40217391304347827, 0.40217391304347827, 0.5978260869565217], "aps": [0.36374581266658007, 0.4265107338084272, 0.4463492802221513, 0.535750430135282, 0.4061280161161414, 0.3844470012577622, 0.4545068012809452, 0.5190538409625562, 0.43893982464357034, 0.38269529148807263], "f1": [0.5736434108527132, 0.5736434108527132, 0.5736434108527132, 0.5736434108527132, 0.0, 0.5736434108527132, 0.5736434108527132, 0.5736434108527132, 0.5736434108527132, 0.0], "auprc": [0.3472646263921044, 0.4103925742025946, 0.4364524415816179, 0.5179783317935392, 0.3922030020666674, 0.37150476466802007, 0.43579295739727764, 0.5106940625986462, 0.42779294360326164, 0.36933305023934265]}