{"enet": [{"auroc": [0.47027027027027035, 0.5, 0.5061425061425061, 0.5, 0.4633906633906634, 0.4176904176904177, 0.4633906633906635, 0.4633906633906635, 0.5061425061425061, 0.5164619164619164], "acc": [0.5978260869565217, 0.5978260869565217, 0.40217391304347827, 0.5978260869565217, 0.5978260869565217, 0.5978260869565217, 0.5978260869565217, 0.5978260869565217, 0.40217391304347827, 0.40217391304347827], "aps": [0.4058284093520296, 0.40217391304347827, 0.38324089069219724, 0.40217391304347827, 0.40169956312764343, 0.3698254072864463, 0.4222797791808285, 0.4222797791808285, 0.38324089069219724, 0.4082933911917621], "f1": [0.0, 0.0, 0.5736434108527132, 0.0, 0.0, 0.0, 0.0, 0.0, 0.5736434108527132, 0.5736434108527132], "auprc": [0.39093675155920515, 0.7010869565217391, 0.3708179401412635, 0.7010869565217391, 0.38339707830720915, 0.3541614577820747, 0.4106785568305059, 0.4106785568305059, 0.3708179401412635, 0.3950986727344612]}]}