{"enet": [{"auroc": [0.571007371007371, 0.37813267813267815, 0.5, 0.37813267813267815, 0.3503685503685504, 0.3764127764127765, 0.3764127764127765, 0.37813267813267815, 0.3764127764127765, 0.5], "acc": [0.40217391304347827, 0.41304347826086957, 0.5978260869565217, 0.41304347826086957, 0.5978260869565217, 0.5978260869565217, 0.5978260869565217, 0.41304347826086957, 0.5978260869565217, 0.5978260869565217], "aps": [0.44176464473475635, 0.3350967030261336, 0.40217391304347827, 0.3350967030261336, 0.3479696457354157, 0.35188252857561403, 0.35188252857561403, 0.3350967030261336, 0.35188252857561403, 0.40217391304347827], "f1": [0.5736434108527132, 0.5423728813559322, 0.0, 0.5423728813559322, 0.0, 0.0, 0.0, 0.5423728813559322, 0.0, 0.0], "auprc": [0.42704780927906577, 0.4569225955531968, 0.7010869565217391, 0.4569225955531968, 0.33817655353018766, 0.3425910537941222, 0.3425910537941222, 0.4569225955531968, 0.3425910537941222, 0.7010869565217391]}]}