{"auroc": [0.5061425061425061, 0.530958230958231, 0.5545454545454545, 0.5228501228501229, 0.5144963144963145, 0.5582309582309583, 0.5213759213759214, 0.5194103194103195, 0.5493857493857495, 0.5085995085995086], "acc": [0.40217391304347827, 0.5978260869565217, 0.5978260869565217, 0.5978260869565217, 0.40217391304347827, 0.5978260869565217, 0.40217391304347827, 0.40217391304347827, 0.40217391304347827, 0.40217391304347827], "aps": [0.42729102694069465, 0.43313707327142387, 0.4636737022746117, 0.4264221823929372, 0.4340474126167316, 0.46411926829281624, 0.4178899334327132, 0.4360371255186665, 0.44774303498369145, 0.4314005333529059], "f1": [0.5736434108527132, 0.0, 0.0, 0.0, 0.5736434108527132, 0.0, 0.5736434108527132, 0.5736434108527132, 0.5736434108527132, 0.5736434108527132], "auprc": [0.4122388835240265, 0.41735008797644874, 0.44675256944683955, 0.41055562185158295, 0.41896767639060795, 0.44550954027314976, 0.40397775924769913, 0.4209460869984263, 0.4315424297220536, 0.4163421685583464]}