{"enet": [{"auroc": [0.4103194103194104, 0.4560196560196561, 0.3705159705159705, 0.35773955773955773, 0.3705159705159705, 0.35773955773955773, 0.4560196560196561, 0.3808353808353809, 0.3808353808353809, 0.5], "acc": [0.40217391304347827, 0.5978260869565217, 0.5978260869565217, 0.5978260869565217, 0.5978260869565217, 0.5978260869565217, 0.5978260869565217, 0.5978260869565217, 0.5978260869565217, 0.40217391304347827], "aps": [0.34061387419387307, 0.3692829248414969, 0.35273960668298165, 0.3363525147687267, 0.35273960668298165, 0.3363525147687267, 0.3692829248414969, 0.3396643680776762, 0.3396643680776762, 0.40217391304347827], "f1": [0.5736434108527132, 0.0, 0.0, 0.0, 0.0, 0.0, 0.0, 0.0, 0.0, 0.5736434108527132], "auprc": [0.3294657595413929, 0.3577199098062963, 0.33544811807384106, 0.3229488673897519, 0.33544811807384106, 0.3229488673897519, 0.3577199098062963, 0.3276034296307727, 0.3276034296307727, 0.7010869565217391]}]}