{"enet": [{"auroc": [0.5734643734643735, 0.5115479115479116, 0.5390663390663392, 0.5390663390663392, 0.5390663390663392, 0.48255528255528257, 0.5390663390663392, 0.5, 0.5390663390663392, 0.5115479115479116], "acc": [0.40217391304347827, 0.5978260869565217, 0.40217391304347827, 0.40217391304347827, 0.40217391304347827, 0.41304347826086957, 0.40217391304347827, 0.40217391304347827, 0.40217391304347827, 0.5978260869565217], "aps": [0.4438931765749438, 0.4452522097842384, 0.41971542520699473, 0.41971542520699473, 0.41971542520699473, 0.39380103649766574, 0.41971542520699473, 0.40217391304347827, 0.41971542520699473, 0.4452522097842384], "f1": [0.5736434108527132, 0.0, 0.5736434108527132, 0.5736434108527132, 0.5736434108527132, 0.578125, 0.5736434108527132, 0.5736434108527132, 0.5736434108527132, 0.0], "auprc": [0.4281796645011093, 0.4335896260824732, 0.40369908957073963, 0.40369908957073963, 0.40369908957073963, 0.6805931996943234, 0.40369908957073963, 0.7010869565217391, 0.40369908957073963, 0.4335896260824732]}]}