{"auroc": [0.5847665847665847, 0.5705159705159706, 0.49606879606879606, 0.4992628992628993, 0.5216216216216216, 0.5702702702702703, 0.6334152334152334, 0.5864864864864865, 0.5442260442260443, 0.6068796068796068], "acc": [0.40217391304347827, 0.5978260869565217, 0.40217391304347827, 0.40217391304347827, 0.40217391304347827, 0.40217391304347827, 0.40217391304347827, 0.5978260869565217, 0.40217391304347827, 0.40217391304347827], "aps": [0.4602788966164778, 0.48824626188875647, 0.41063242152903506, 0.39886196143546404, 0.4249473095187488, 0.49142965599701, 0.4822447158676986, 0.4837979830064698, 0.45274315148390937, 0.4916027469540457], "f1": [0.5736434108527132, 0.0, 0.5736434108527132, 0.5736434108527132, 0.5736434108527132, 0.5736434108527132, 0.5736434108527132, 0.0, 0.5736434108527132, 0.5736434108527132], "auprc": [0.4417756771605505, 0.47858309968066726, 0.3995046846223259, 0.38433618292906885, 0.4069530893878397, 0.48130864690733227, 0.46877526805457753, 0.4652360579095138, 0.44118388862042984, 0.4756480845748193]}