{"enet": [{"auroc": [0.4805896805896806, 0.47911547911547914, 0.5, 0.5, 0.5, 0.5, 0.5, 0.5, 0.4948402948402949, 0.5], "acc": [0.40217391304347827, 0.5978260869565217, 0.5978260869565217, 0.5978260869565217, 0.5978260869565217, 0.5978260869565217, 0.5978260869565217, 0.5978260869565217, 0.5869565217391305, 0.5978260869565217], "aps": [0.37967612188165756, 0.37501499770496877, 0.40217391304347827, 0.40217391304347827, 0.40217391304347827, 0.40217391304347827, 0.40217391304347827, 0.40217391304347827, 0.3897501171265332, 0.40217391304347827], "f1": [0.5736434108527132, 0.0, 0.0, 0.0, 0.0, 0.0, 0.0, 0.0, 0.0, 0.0], "auprc": [0.3677905887882543, 0.3621244645714651, 0.7010869565217391, 0.7010869565217391, 0.7010869565217391, 0.7010869565217391, 0.7010869565217391, 0.7010869565217391, 0.3749643440750307, 0.7010869565217391]}]}