{"enet": [{"auroc": [0.5415233415233415, 0.5, 0.5, 0.5, 0.5415233415233415, 0.5, 0.5, 0.5, 0.5361179361179361, 0.5361179361179361], "acc": [0.41304347826086957, 0.5978260869565217, 0.5978260869565217, 0.5978260869565217, 0.41304347826086957, 0.5978260869565217, 0.5978260869565217, 0.5978260869565217, 0.42391304347826086, 0.42391304347826086], "aps": [0.4895005540051479, 0.40217391304347827, 0.40217391304347827, 0.40217391304347827, 0.4895005540051479, 0.40217391304347827, 0.40217391304347827, 0.40217391304347827, 0.4918777601592322, 0.4918777601592322], "f1": [0.578125, 0.0, 0.0, 0.0, 0.578125, 0.0, 0.0, 0.0, 0.5619834710743802, 0.5619834710743802], "auprc": [0.4800538318621105, 0.7010869565217391, 0.7010869565217391, 0.7010869565217391, 0.4800538318621105, 0.7010869565217391, 0.7010869565217391, 0.7010869565217391, 0.48353506524964796, 0.48353506524964796]}]}