{"auroc": [0.5724815724815725, 0.6444717444717445, 0.5982800982800983, 0.6412776412776412, 0.5491400491400491, 0.6088452088452089, 0.46732186732186737, 0.628992628992629, 0.6427518427518427, 0.6469287469287469], "acc": [0.40217391304347827, 0.40217391304347827, 0.40217391304347827, 0.40217391304347827, 0.5978260869565217, 0.40217391304347827, 0.40217391304347827, 0.40217391304347827, 0.5978260869565217, 0.5978260869565217], "aps": [0.4483445690794481, 0.5464010582590388, 0.5122691544368979, 0.5427138898429584, 0.43142512422181567, 0.4820430184176145, 0.3719670962617203, 0.5282336677264703, 0.5316757490792106, 0.5655357497776285], "f1": [0.5736434108527132, 0.5736434108527132, 0.5736434108527132, 0.5736434108527132, 0.0, 0.5736434108527132, 0.5736434108527132, 0.5736434108527132, 0.0, 0.0], "auprc": [0.4302110337647609, 0.5348302203472248, 0.5028970467654879, 0.5311029029910148, 0.41823544328285056, 0.467098257756289, 0.35885306992481475, 0.5166353313859668, 0.5196918958425465, 0.5562812690759662]}