{"auroc": [0.5481572481572481, 0.5538083538083538, 0.6, 0.5815724815724814, 0.5813267813267814, 0.5877149877149878, 0.6201474201474202, 0.5466830466830468, 0.597051597051597, 0.6103194103194103], "acc": [0.5978260869565217, 0.5978260869565217, 0.5978260869565217, 0.40217391304347827, 0.40217391304347827, 0.40217391304347827, 0.40217391304347827, 0.5978260869565217, 0.40217391304347827, 0.40217391304347827], "aps": [0.45376076545174515, 0.44305313829015636, 0.5126822632123851, 0.48004712485943835, 0.514752855426478, 0.44655414938327204, 0.4903621937521879, 0.4405965013072659, 0.5329747673040197, 0.499728911567378], "f1": [0.0, 0.0, 0.0, 0.5736434108527132, 0.5736434108527132, 0.5736434108527132, 0.5736434108527132, 0.0, 0.5736434108527132, 0.5736434108527132], "auprc": [0.4351739623052616, 0.42477714978218584, 0.502938801133835, 0.46848751628330665, 0.5064272499677547, 0.43318009296985016, 0.47156965331462186, 0.42430393951188533, 0.5255492482471926, 0.4811836069630553]}