{"auroc": [0.5213759213759214, 0.5965601965601965, 0.5852579852579853, 0.5577395577395577, 0.5572481572481572, 0.573955773955774, 0.4987714987714988, 0.5493857493857494, 0.5154791154791155, 0.5515970515970515], "acc": [0.40217391304347827, 0.40217391304347827, 0.40217391304347827, 0.40217391304347827, 0.40217391304347827, 0.5978260869565217, 0.40217391304347827, 0.40217391304347827, 0.5978260869565217, 0.5978260869565217], "aps": [0.43585694573610667, 0.46747426760398336, 0.4575641711945514, 0.4527680870827808, 0.46164561703234114, 0.45878085339594876, 0.44770308131750186, 0.432818879433315, 0.4182072670202383, 0.45358240144666284], "f1": [0.5736434108527132, 0.5736434108527132, 0.5736434108527132, 0.5736434108527132, 0.5736434108527132, 0.0, 0.5736434108527132, 0.5736434108527132, 0.0, 0.0], "auprc": [0.41745481056598555, 0.4524682884995078, 0.44271761372459134, 0.4364980857498181, 0.4499904366428431, 0.4436296746888393, 0.438735706713228, 0.41650932933112056, 0.40521553446394337, 0.43758424211382607]}