{"enet": [{"auroc": [0.5631449631449632, 0.5, 0.457002457002457, 0.457002457002457, 0.457002457002457, 0.5, 0.43194103194103195, 0.5, 0.5, 0.457002457002457], "acc": [0.5978260869565217, 0.5978260869565217, 0.5978260869565217, 0.5978260869565217, 0.5978260869565217, 0.40217391304347827, 0.5978260869565217, 0.40217391304347827, 0.40217391304347827, 0.5978260869565217], "aps": [0.4744435581639328, 0.40217391304347827, 0.4393482636680372, 0.4393482636680372, 0.4393482636680372, 0.40217391304347827, 0.41152742498905454, 0.40217391304347827, 0.40217391304347827, 0.4393482636680372], "f1": [0.0, 0.0, 0.0, 0.0, 0.0, 0.5736434108527132, 0.0, 0.5736434108527132, 0.5736434108527132, 0.0], "auprc": [0.45627980389913547, 0.7010869565217391, 0.43179115322277306, 0.43179115322277306, 0.43179115322277306, 0.7010869565217391, 0.40045381787760315, 0.7010869565217391, 0.7010869565217391, 0.43179115322277306]}]}