{"enet": [{"auroc": [0.5454545454545455, 0.6103194103194103, 0.5, 0.6176904176904178, 0.6176904176904178, 0.5, 0.5, 0.5, 0.6176904176904178, 0.6103194103194103], "acc": [0.40217391304347827, 0.5978260869565217, 0.40217391304347827, 0.5978260869565217, 0.5978260869565217, 0.40217391304347827, 0.40217391304347827, 0.40217391304347827, 0.5978260869565217, 0.5978260869565217], "aps": [0.4625637910510392, 0.47097783108330404, 0.40217391304347827, 0.5182590716053841, 0.5182590716053841, 0.40217391304347827, 0.40217391304347827, 0.40217391304347827, 0.5182590716053841, 0.47097783108330404], "f1": [0.5736434108527132, 0.0, 0.5736434108527132, 0.0, 0.0, 0.5736434108527132, 0.5736434108527132, 0.5736434108527132, 0.0, 0.0], "auprc": [0.4439715229600209, 0.4546545621286407, 0.7010869565217391, 0.5062661664205408, 0.5062661664205408, 0.7010869565217391, 0.7010869565217391, 0.7010869565217391, 0.5062661664205408, 0.4546545621286407]}]}