{"auroc": [0.4751842751842752, 0.5292383292383293, 0.552088452088452, 0.5238329238329238, 0.5366093366093366, 0.5464373464373465, 0.5265356265356266, 0.5621621621621622, 0.5253071253071253, 0.5287469287469289], "acc": [0.40217391304347827, 0.40217391304347827, 0.5978260869565217, 0.40217391304347827, 0.40217391304347827, 0.40217391304347827, 0.40217391304347827, 0.40217391304347827, 0.40217391304347827, 0.40217391304347827], "aps": [0.39845809693481204, 0.4292343679804391, 0.4677687470111418, 0.45281501093905907, 0.45106342989711556, 0.43293060752606854, 0.4392349408280457, 0.45254605999202224, 0.43528412217468704, 0.42866096736507975], "f1": [0.5736434108527132, 0.5736434108527132, 0.0, 0.5736434108527132, 0.5736434108527132, 0.5736434108527132, 0.5736434108527132, 0.5736434108527132, 0.5736434108527132, 0.5736434108527132], "auprc": [0.38062101192496467, 0.41121773314482474, 0.4514227375602136, 0.44125664715191654, 0.43984119347077677, 0.41953265774096543, 0.42075010218619574, 0.43391493262980235, 0.41671711350039614, 0.41079591682042843]}