{"enet": [{"auroc": [0.428992628992629, 0.428992628992629, 0.428992628992629, 0.4673218673218673, 0.5395577395577397, 0.4904176904176904, 0.44717444717444715, 0.4673218673218673, 0.41326781326781326, 0.428992628992629], "acc": [0.5978260869565217, 0.5978260869565217, 0.5978260869565217, 0.5978260869565217, 0.5978260869565217, 0.5978260869565217, 0.40217391304347827, 0.5978260869565217, 0.5978260869565217, 0.5978260869565217], "aps": [0.3609266528053777, 0.3609266528053777, 0.3609266528053777, 0.38814800010017747, 0.40887837294649443, 0.38545766131691406, 0.37015775527008243, 0.38814800010017747, 0.3516993235714331, 0.3609266528053777], "f1": [0.0, 0.0, 0.0, 0.0, 0.0, 0.0, 0.5736434108527132, 0.0, 0.0, 0.0], "auprc": [0.3445829628654672, 0.3445829628654672, 0.3445829628654672, 0.37063438912910723, 0.3949286583307149, 0.37216861064054485, 0.35533099283622194, 0.37063438912910723, 0.3385765053784657, 0.3445829628654672]}]}