{"enet": [{"auroc": [0.6108108108108108, 0.5, 0.5, 0.5, 0.5238329238329238, 0.5385749385749385, 0.5, 0.5, 0.5410319410319411, 0.5], "acc": [0.5978260869565217, 0.5978260869565217, 0.5978260869565217, 0.5978260869565217, 0.5978260869565217, 0.5543478260869565, 0.5978260869565217, 0.5978260869565217, 0.5978260869565217, 0.5978260869565217], "aps": [0.5063033488449428, 0.40217391304347827, 0.40217391304347827, 0.40217391304347827, 0.4212126282665071, 0.42223882443211985, 0.40217391304347827, 0.40217391304347827, 0.42882762373049327, 0.40217391304347827], "f1": [0.0, 0.0, 0.0, 0.0, 0.0, 0.2807017543859649, 0.0, 0.0, 0.0, 0.0], "auprc": [0.4877508558334751, 0.7010869565217391, 0.7010869565217391, 0.7010869565217391, 0.40674345653406063, 0.4320765589105298, 0.7010869565217391, 0.7010869565217391, 0.41392857930888505, 0.7010869565217391]}]}