{"auroc": [0.5178571428571428, 0.35714285714285715, 0.5357142857142857, 0.6607142857142857, 0.5714285714285714, 0.49999999999999994, 0.6964285714285714, 0.4821428571428571, 0.4821428571428571, 0.3571428571428571], "acc": [0.5333333333333333, 0.4666666666666667, 0.5333333333333333, 0.4666666666666667, 0.4666666666666667, 0.4666666666666667, 0.5333333333333333, 0.4666666666666667, 0.5333333333333333, 0.5333333333333333], "aps": [0.496969696969697, 0.49662004662004655, 0.5334776334776334, 0.6872405372405372, 0.5636363636363636, 0.4858585858585858, 0.7537724180581322, 0.5074005359719646, 0.5454957740672026, 0.49741805813234385], "f1": [0.0, 0.6363636363636364, 0.588235294117647, 0.6363636363636364, 0.6363636363636364, 0.6363636363636364, 0.0, 0.6363636363636364, 0.588235294117647, 0.0], "auprc": [0.4390482533339676, 0.46836258979116124, 0.4636775922490208, 0.6558497058497057, 0.49417645846217273, 0.42796330653473513, 0.7348794063079775, 0.43808235415378266, 0.5130561898419042, 0.4679112554112554]}