{"auroc": [0.42857142857142855, 0.6071428571428571, 0.5714285714285714, 0.5357142857142857, 0.49999999999999994, 0.14285714285714285, 0.5, 0.7142857142857142, 0.42857142857142855, 0.4464285714285714], "acc": [0.5333333333333333, 0.5333333333333333, 0.5333333333333333, 0.4666666666666667, 0.4666666666666667, 0.5333333333333333, 0.5333333333333333, 0.5333333333333333, 0.4666666666666667, 0.4666666666666667], "aps": [0.4684807256235828, 0.6958874458874458, 0.7542647828362115, 0.6618215118215118, 0.579168450597022, 0.3583583083583084, 0.5785405071119356, 0.7702380952380952, 0.5927738927738928, 0.5451548451548451], "f1": [0.0, 0.0, 0.0, 0.6363636363636364, 0.6363636363636364, 0.0, 0.0, 0.0, 0.6363636363636364, 0.6363636363636364], "auprc": [0.40031833246118964, 0.6752830502830502, 0.7447409733124017, 0.640944769516198, 0.5451964701964702, 0.3028289171146314, 0.5448408734123019, 0.7557278039420896, 0.5722111222111221, 0.5114968364968364]}