{"auroc": [0.1607142857142857, 0.375, 0.42857142857142855, 0.48214285714285715, 0.4821428571428571, 0.4107142857142857, 0.7321428571428571, 0.4107142857142857, 0.42857142857142855, 0.39285714285714285], "acc": [0.5333333333333333, 0.5333333333333333, 0.4666666666666667, 0.5333333333333333, 0.5333333333333333, 0.5333333333333333, 0.5333333333333333, 0.4666666666666667, 0.5333333333333333, 0.5333333333333333], "aps": [0.3496804782519068, 0.5362244897959183, 0.5581632653061225, 0.5648827363113078, 0.6213976499690785, 0.5479849515563802, 0.8468864468864468, 0.5216030001744287, 0.5949023199023199, 0.47655638012780865], "f1": [0.0, 0.0, 0.6363636363636364, 0.0, 0.0, 0.0, 0.0, 0.6363636363636364, 0.0, 0.0], "auprc": [0.3051291962006248, 0.5035315874601589, 0.5247050568479139, 0.5309107559107559, 0.5993958422529851, 0.5149854114139828, 0.8409602302459445, 0.4893854161711304, 0.5738503559932131, 0.40784255427112565]}