{"auroc": [0.7142857142857142, 0.4821428571428571, 0.6785714285714286, 0.625, 0.6875, 0.6964285714285714, 0.5267857142857143, 0.625, 0.6339285714285714, 0.6428571428571428], "acc": [0.5333333333333333, 0.4666666666666667, 0.4666666666666667, 0.4666666666666667, 0.5333333333333333, 0.4666666666666667, 0.4666666666666667, 0.5333333333333333, 0.5333333333333333, 0.4666666666666667], "aps": [0.619047619047619, 0.5074005359719646, 0.5761904761904761, 0.5877551020408163, 0.5880952380952381, 0.588095238095238, 0.5357142857142857, 0.5523809523809524, 0.5595238095238095, 0.5595238095238095], "f1": [0.0, 0.6363636363636364, 0.6363636363636364, 0.6363636363636364, 0.0, 0.6363636363636364, 0.6363636363636364, 0.0, 0.0, 0.6363636363636364], "auprc": [0.6023809523809522, 0.43808235415378266, 0.530952380952381, 0.7020408163265306, 0.5273809523809524, 0.5178571428571429, 0.41071428571428575, 0.46190476190476193, 0.4821428571428572, 0.49404761904761907]}