{"auroc": [0.4642857142857143, 0.3571428571428571, 0.4732142857142857, 0.3392857142857143, 0.43749999999999994, 0.4910714285714285, 0.3839285714285714, 0.4375, 0.3839285714285714, 0.375], "acc": [0.5333333333333333, 0.5333333333333333, 0.4666666666666667, 0.4666666666666667, 0.4666666666666667, 0.4666666666666667, 0.4666666666666667, 0.4666666666666667, 0.5333333333333333, 0.5333333333333333], "aps": [0.4502164502164502, 0.44456654456654454, 0.5285714285714286, 0.39632034632034635, 0.5165834165834167, 0.5285714285714286, 0.44044526901669756, 0.44285714285714284, 0.43021978021978025, 0.4302851909994767], "f1": [0.0, 0.0, 0.6363636363636364, 0.6363636363636364, 0.6363636363636364, 0.6363636363636364, 0.6363636363636364, 0.6363636363636364, 0.0, 0.0], "auprc": [0.4567099567099567, 0.36946941946941947, 0.532967032967033, 0.3550865800865801, 0.49515484515484515, 0.6357142857142857, 0.3767547928262213, 0.5928571428571429, 0.38498168498168495, 0.3822344322344322]}