{"auroc": [0.33035714285714285, 0.30357142857142855, 0.3482142857142857, 0.30357142857142855, 0.3125, 0.375, 0.30357142857142855, 0.3303571428571428, 0.44642857142857134, 0.39285714285714285], "acc": [0.5333333333333333, 0.4666666666666667, 0.4666666666666667, 0.5333333333333333, 0.5333333333333333, 0.5333333333333333, 0.4666666666666667, 0.4666666666666667, 0.5333333333333333, 0.4666666666666667], "aps": [0.4104003139717426, 0.4073260073260074, 0.4962585034013605, 0.3882498453927025, 0.3964416535845107, 0.5077922077922079, 0.39155844155844155, 0.49167974882260596, 0.5034013605442177, 0.4204081632653061], "f1": [0.0, 0.6363636363636364, 0.6363636363636364, 0.0, 0.0, 0.0, 0.6363636363636364, 0.6363636363636364, 0.0, 0.6363636363636364], "auprc": [0.4299515960230246, 0.4014652014652015, 0.4684975738547167, 0.4100185528756957, 0.4156129584701013, 0.47649969078540505, 0.39870129870129867, 0.4632320060891489, 0.6251700680272109, 0.4312925170068027]}