{"auroc": [0.3571428571428571, 0.4821428571428571, 0.3571428571428571, 0.5892857142857142, 0.46428571428571425, 0.4107142857142857, 0.4107142857142857, 0.5, 0.30357142857142855, 0.4107142857142857], "acc": [0.5333333333333333, 0.4666666666666667, 0.5333333333333333, 0.4666666666666667, 0.5333333333333333, 0.5333333333333333, 0.5333333333333333, 0.5333333333333333, 0.4666666666666667, 0.4666666666666667], "aps": [0.44406070120355845, 0.5380643166357453, 0.4642547928262214, 0.5673992673992674, 0.5038850038850039, 0.48256981114123976, 0.4544261294261295, 0.5047095761381475, 0.5161695447409733, 0.5873626373626374], "f1": [0.0, 0.6363636363636364, 0.0, 0.6363636363636364, 0.0, 0.0, 0.0, 0.0, 0.6363636363636364, 0.6363636363636364], "auprc": [0.3762035583464155, 0.46963393749108034, 0.3961645497359783, 0.4979131979131979, 0.4343142968142968, 0.41356381713524565, 0.38673905459619745, 0.43492499563928133, 0.4844595880310166, 0.5669080919080919]}