{"auroc": [0.5, 0.5, 0.5, 0.5, 0.5, 0.5, 0.5, 0.5, 0.5714285714285714, 0.5], "acc": [0.5333333333333333, 0.5333333333333333, 0.4666666666666667, 0.5333333333333333, 0.5333333333333333, 0.5333333333333333, 0.5333333333333333, 0.5333333333333333, 0.5333333333333333, 0.4666666666666667], "aps": [0.4666666666666667, 0.4666666666666667, 0.4666666666666667, 0.4666666666666667, 0.4666666666666667, 0.4666666666666667, 0.4666666666666667, 0.4666666666666667, 0.5428571428571429, 0.4666666666666667], "f1": [0.0, 0.0, 0.6363636363636364, 0.0, 0.0, 0.0, 0.0, 0.0, 0.0, 0.6363636363636364], "auprc": [0.7333333333333334, 0.7333333333333334, 0.7333333333333334, 0.7333333333333334, 0.7333333333333334, 0.7333333333333334, 0.7333333333333334, 0.7333333333333334, 0.7714285714285716, 0.7333333333333334]}