{"enet": [{"auroc": [0.4107142857142857, 0.6160714285714286, 0.5, 0.5, 0.5, 0.24999999999999997, 0.5, 0.7857142857142857, 0.7857142857142857, 0.24999999999999997], "acc": [0.4666666666666667, 0.4, 0.5333333333333333, 0.5333333333333333, 0.5333333333333333, 0.4, 0.5333333333333333, 0.6, 0.6, 0.4], "aps": [0.5311268096982382, 0.570439084724799, 0.4666666666666667, 0.4666666666666667, 0.4666666666666667, 0.39984301412872847, 0.4666666666666667, 0.8636363636363635, 0.8636363636363635, 0.39984301412872847], "f1": [0.2, 0.5714285714285714, 0.0, 0.0, 0.0, 0.18181818181818182, 0.0, 0.6250000000000001, 0.6250000000000001, 0.18181818181818182], "auprc": [0.49774491381634234, 0.5729746444032158, 0.7333333333333334, 0.7333333333333334, 0.7333333333333334, 0.3353872318158032, 0.7333333333333334, 0.8576423576423575, 0.8576423576423575, 0.3353872318158032]}]}