{"auroc": [0.7142857142857142, 0.3214285714285714, 0.5, 0.23214285714285712, 0.6428571428571428, 0.6071428571428571, 0.3571428571428571, 0.5535714285714285, 0.375, 0.39285714285714285], "acc": [0.4666666666666667, 0.5333333333333333, 0.5333333333333333, 0.5333333333333333, 0.4666666666666667, 0.5333333333333333, 0.5333333333333333, 0.5333333333333333, 0.5333333333333333, 0.5333333333333333], "aps": [0.7461538461538462, 0.46793444650587507, 0.5830193615907902, 0.37980590837733696, 0.6958041958041958, 0.684981684981685, 0.4447409733124019, 0.639795918367347, 0.4821678321678322, 0.5161695447409733], "f1": [0.6363636363636364, 0.0, 0.0, 0.0, 0.6363636363636364, 0.0, 0.0, 0.0, 0.0, 0.0], "auprc": [0.788186813186813, 0.48231173588316445, 0.5900706436420722, 0.338896817468246, 0.7677738927738929, 0.7266483516483517, 0.41140763997906854, 0.6756017791732077, 0.5631463774320917, 0.5423600209314494]}