{"auroc": [0.5714285714285714, 0.4375, 0.36607142857142855, 0.4375, 0.4107142857142857, 0.44642857142857145, 0.5178571428571429, 0.375, 0.35714285714285715, 0.5446428571428572], "acc": [0.5333333333333333, 0.5333333333333333, 0.4666666666666667, 0.4666666666666667, 0.5333333333333333, 0.5333333333333333, 0.4666666666666667, 0.4666666666666667, 0.5333333333333333, 0.4666666666666667], "aps": [0.4873015873015873, 0.44761904761904764, 0.44675324675324674, 0.4380952380952381, 0.47074829931972784, 0.5401404151404152, 0.4904761904761905, 0.4387755102040816, 0.44430807287950147, 0.5842712842712843], "f1": [0.0, 0.0, 0.6363636363636364, 0.6363636363636364, 0.0, 0.0, 0.6363636363636364, 0.6363636363636364, 0.0, 0.6363636363636364], "auprc": [0.5658730158730159, 0.3666666666666667, 0.35844155844155845, 0.3857142857142857, 0.3945578231292517, 0.5069771498342928, 0.3880952380952381, 0.46428571428571425, 0.38130440987583847, 0.5622058497058497]}