{"auroc": [0.6071428571428572, 0.6607142857142857, 0.5357142857142857, 0.4821428571428571, 0.3214285714285714, 0.39285714285714285, 0.625, 0.5357142857142857, 0.46428571428571425, 0.4642857142857143], "acc": [0.5333333333333333, 0.5333333333333333, 0.5333333333333333, 0.5333333333333333, 0.5333333333333333, 0.5333333333333333, 0.5333333333333333, 0.4666666666666667, 0.5333333333333333, 0.5333333333333333], "aps": [0.6709183673469388, 0.7833943833943833, 0.6899790685504972, 0.6097069597069598, 0.4801270158413016, 0.5869178440607012, 0.7055555555555555, 0.688949938949939, 0.6111721611721612, 0.5065759637188209], "f1": [0.0, 0.0, 0.0, 0.0, 0.0, 0.0, 0.0, 0.6363636363636364, 0.0, 0.0], "auprc": [0.6488529327815042, 0.773499912785627, 0.670931449502878, 0.5772239665096808, 0.4563174920317777, 0.5658294086865515, 0.6849051741908883, 0.6742493617493617, 0.5895271395271395, 0.4372230943659515]}