{"auroc": [0.44642857142857145, 0.4107142857142857, 0.4107142857142857, 0.33928571428571425, 0.49999999999999994, 0.4821428571428571, 0.46428571428571425, 0.3571428571428571, 0.42857142857142855, 0.5892857142857142], "acc": [0.5333333333333333, 0.4666666666666667, 0.5333333333333333, 0.5333333333333333, 0.4666666666666667, 0.5333333333333333, 0.5333333333333333, 0.4666666666666667, 0.5333333333333333, 0.5333333333333333], "aps": [0.4558913308913309, 0.5224489795918368, 0.5206650492364778, 0.4074564324564325, 0.579168450597022, 0.5744588744588746, 0.5023500309214596, 0.43279220779220784, 0.4657897657897658, 0.5416666666666667], "f1": [0.0, 0.6363636363636364, 0.0, 0.0, 0.6363636363636364, 0.0, 0.0, 0.6363636363636364, 0.0, 0.0], "auprc": [0.39887691673405956, 0.49119134833420547, 0.4894141572713001, 0.357724814867672, 0.5451964701964702, 0.5407592407592408, 0.43296227581941865, 0.3665507111935683, 0.4081499849356992, 0.48432539682539677]}