{"auroc": [0.4642857142857143, 0.42857142857142855, 0.4107142857142857, 0.46428571428571425, 0.4464285714285714, 0.4107142857142857, 0.4464285714285714, 0.4107142857142857, 0.4642857142857143, 0.26785714285714285], "acc": [0.5333333333333333, 0.5333333333333333, 0.4666666666666667, 0.5333333333333333, 0.4666666666666667, 0.5333333333333333, 0.4666666666666667, 0.4666666666666667, 0.5333333333333333, 0.5333333333333333], "aps": [0.5601731601731601, 0.5949023199023199, 0.5479849515563802, 0.6104918890633177, 0.4934541648827363, 0.48692973692973696, 0.5458874458874459, 0.45085470085470086, 0.5516483516483517, 0.4185504971219257], "f1": [0.0, 0.0, 0.6363636363636364, 0.0, 0.6363636363636364, 0.0, 0.6363636363636364, 0.6363636363636364, 0.0, 0.0], "auprc": [0.5262665905523048, 0.5738503559932131, 0.5149854114139828, 0.5888730317301746, 0.40710123210123206, 0.4178821178821178, 0.5131713524570667, 0.39329698079698083, 0.5072039072039072, 0.3387885923600209]}