{"auroc": [0.6964285714285714, 0.6785714285714286, 0.3392857142857143, 0.7321428571428572, 0.5178571428571429, 0.3928571428571428, 0.49999999999999994, 0.4821428571428571, 0.6785714285714285, 0.6071428571428571], "acc": [0.5333333333333333, 0.4666666666666667, 0.5333333333333333, 0.4666666666666667, 0.5333333333333333, 0.5333333333333333, 0.4666666666666667, 0.4666666666666667, 0.5333333333333333, 0.5333333333333333], "aps": [0.7767316017316017, 0.7632129774986918, 0.4243447029161315, 0.8468864468864468, 0.561873840445269, 0.601883830455259, 0.6094928880643167, 0.5841880341880341, 0.7329931972789117, 0.7111721611721611], "f1": [0.0, 0.6363636363636364, 0.0, 0.6363636363636364, 0.0, 0.0, 0.6363636363636364, 0.6363636363636364, 0.0, 0.0], "auprc": [0.7633658008658009, 0.7490973312401883, 0.36756814613957467, 0.8409602302459445, 0.49378359735502586, 0.580888159459588, 0.5767767946339375, 0.5504398379398379, 0.7128835450264022, 0.6917538810395953]}