{"enet": [{"auroc": [0.5178571428571428, 0.5, 0.5, 0.5178571428571428, 0.5, 0.5, 0.5, 0.5, 0.5357142857142857, 0.5178571428571428], "acc": [0.4666666666666667, 0.5333333333333333, 0.5333333333333333, 0.6, 0.5333333333333333, 0.5333333333333333, 0.5333333333333333, 0.5333333333333333, 0.4666666666666667, 0.6], "aps": [0.5677179962894248, 0.4666666666666667, 0.4666666666666667, 0.46998556998556995, 0.4666666666666667, 0.4666666666666667, 0.4666666666666667, 0.4666666666666667, 0.5732125017839302, 0.46998556998556995], "f1": [0.5, 0.0, 0.0, 0.6666666666666665, 0.0, 0.0, 0.0, 0.0, 0.5, 0.6666666666666665], "auprc": [0.5339462125176411, 0.7333333333333334, 0.7333333333333334, 0.6238816738816739, 0.7333333333333334, 0.7333333333333334, 0.7333333333333334, 0.7333333333333334, 0.5394407180121465, 0.6238816738816739]}]}