{"auroc": [0.3214285714285714, 0.2321428571428571, 0.4107142857142857, 0.4642857142857143, 0.46428571428571425, 0.4642857142857143, 0.39285714285714285, 0.4107142857142857, 0.5178571428571429, 0.4285714285714286], "acc": [0.5333333333333333, 0.4666666666666667, 0.5333333333333333, 0.5333333333333333, 0.5333333333333333, 0.5333333333333333, 0.5333333333333333, 0.5333333333333333, 0.5333333333333333, 0.5333333333333333], "aps": [0.48812021312021314, 0.3792647828362114, 0.531828488971346, 0.546794475365904, 0.5784881784881785, 0.546794475365904, 0.5159554730983302, 0.5892547928262214, 0.5845238095238094, 0.5499690785405071], "f1": [0.0, 0.6363636363636364, 0.0, 0.0, 0.0, 0.0, 0.0, 0.0, 0.0, 0.0], "auprc": [0.4579593026021597, 0.3257010846296561, 0.4984037787609216, 0.5132365650222792, 0.5448563341420484, 0.5132365650222792, 0.48476999191284903, 0.5683584272869987, 0.5506868131868132, 0.5164026449740735]}