{"auroc": [0.5892857142857142, 0.5714285714285714, 0.375, 0.39285714285714285, 0.5535714285714286, 0.49999999999999994, 0.4107142857142857, 0.5892857142857142, 0.6071428571428571, 0.5], "acc": [0.5333333333333333, 0.5333333333333333, 0.4666666666666667, 0.5333333333333333, 0.4666666666666667, 0.4666666666666667, 0.5333333333333333, 0.5333333333333333, 0.4666666666666667, 0.4666666666666667], "aps": [0.5657596371882085, 0.5729024943310658, 0.5159863945578231, 0.5137445887445888, 0.6072039072039073, 0.5237571951857666, 0.4706039991754277, 0.5769841269841269, 0.58718820861678, 0.5253968253968254], "f1": [0.0, 0.0, 0.6363636363636364, 0.0, 0.6363636363636364, 0.6363636363636364, 0.0, 0.0, 0.6363636363636364, 0.6363636363636364], "auprc": [0.496031746031746, 0.5042929292929292, 0.48371866229009086, 0.4820269016697588, 0.5734999127856271, 0.45399877899877894, 0.40112486719629575, 0.5084467120181405, 0.5186507936507936, 0.45573850752422174]}