{"auroc": [0.6339285714285715, 0.7321428571428572, 0.6875, 0.7142857142857143, 0.875, 0.5357142857142857, 0.6875, 0.875, 0.5089285714285714, 0.4375], "acc": [0.5333333333333333, 0.4666666666666667, 0.5333333333333333, 0.4666666666666667, 0.5333333333333333, 0.4666666666666667, 0.4666666666666667, 0.5333333333333333, 0.4666666666666667, 0.4666666666666667], "aps": [0.555952380952381, 0.7743506493506493, 0.611904761904762, 0.7328231292517007, 0.8444444444444443, 0.558926787498216, 0.7358585858585858, 0.8486394557823129, 0.49523809523809526, 0.491042291042291], "f1": [0.0, 0.6363636363636364, 0.0, 0.6363636363636364, 0.0, 0.6363636363636364, 0.6363636363636364, 0.0, 0.6363636363636364, 0.6363636363636364], "auprc": [0.5083333333333333, 0.7598098330241188, 0.5634508348794063, 0.7120619459905173, 0.8280045351473921, 0.533220351077494, 0.7203407703407703, 0.8326530612244896, 0.4465986394557823, 0.4157437800294943]}