{"auroc": [0.37499999999999994, 0.5178571428571428, 0.5357142857142857, 0.4107142857142857, 0.5, 0.23214285714285712, 0.4107142857142857, 0.4464285714285714, 0.5535714285714286, 0.3571428571428571], "acc": [0.5333333333333333, 0.4666666666666667, 0.5333333333333333, 0.4666666666666667, 0.4666666666666667, 0.4666666666666667, 0.4666666666666667, 0.5333333333333333, 0.5333333333333333, 0.4666666666666667], "aps": [0.4187855794998652, 0.5064935064935064, 0.5533189033189033, 0.5880119880119881, 0.5754578754578754, 0.3966890252604538, 0.5182230467944754, 0.4932539682539683, 0.523953823953824, 0.49741805813234385], "f1": [0.0, 0.6363636363636364, 0.0, 0.6363636363636364, 0.6363636363636364, 0.6363636363636364, 0.6363636363636364, 0.0, 0.0, 0.6363636363636364], "auprc": [0.3652446759589617, 0.4366673009530152, 0.4848510616367758, 0.567475381761096, 0.5414137449851736, 0.33182611039753895, 0.48707225314368163, 0.4243609565038136, 0.46639868068439494, 0.4679112554112554]}