{"enet": [{"auroc": [0.33928571428571425, 0.5, 0.5, 0.5, 0.5, 0.5, 0.5, 0.5, 0.5, 0.33928571428571425], "acc": [0.4, 0.4666666666666667, 0.5333333333333333, 0.4666666666666667, 0.4666666666666667, 0.5333333333333333, 0.5333333333333333, 0.5333333333333333, 0.5333333333333333, 0.4], "aps": [0.4962585034013605, 0.4666666666666667, 0.4666666666666667, 0.4666666666666667, 0.4666666666666667, 0.4666666666666667, 0.4666666666666667, 0.4666666666666667, 0.4666666666666667, 0.4962585034013605], "f1": [0.30769230769230765, 0.6363636363636364, 0.0, 0.6363636363636364, 0.6363636363636364, 0.0, 0.0, 0.0, 0.0, 0.30769230769230765], "auprc": [0.4655213833785262, 0.7333333333333334, 0.7333333333333334, 0.7333333333333334, 0.7333333333333334, 0.7333333333333334, 0.7333333333333334, 0.7333333333333334, 0.7333333333333334, 0.4655213833785262]}]}