{"auroc": [0.2589285714285714, 0.607142857142857, 0.2857142857142857, 0.4821428571428571, 0.6249999999999999, 0.607142857142857, 0.5625, 0.607142857142857, 0.2857142857142857, 0.4107142857142857], "acc": [0.5333333333333333, 0.5333333333333333, 0.5333333333333333, 0.5333333333333333, 0.5333333333333333, 0.5333333333333333, 0.5333333333333333, 0.5333333333333333, 0.5333333333333333, 0.5333333333333333], "aps": [0.36335569192712047, 0.5772108843537416, 0.4685504971219257, 0.5115907901622188, 0.648639455782313, 0.5772108843537416, 0.5241496598639456, 0.5772108843537416, 0.39922696351267783, 0.5362244897959183], "f1": [0.0, 0.0, 0.0, 0.0, 0.0, 0.0, 0.0, 0.0, 0.0, 0.0], "auprc": [0.49928642785785643, 0.551360544217687, 0.4495028780743066, 0.48292778649921503, 0.6585034013605442, 0.551360544217687, 0.5367346938775509, 0.551360544217687, 0.3586722801008515, 0.5307424718139003]}