{"auroc": [0.3571428571428571, 0.35714285714285715, 0.4821428571428571, 0.5446428571428571, 0.5714285714285714, 0.625, 0.35714285714285715, 0.7142857142857143, 0.5892857142857143, 0.6607142857142857], "acc": [0.5333333333333333, 0.5333333333333333, 0.5333333333333333, 0.5333333333333333, 0.4666666666666667, 0.5333333333333333, 0.5333333333333333, 0.5333333333333333, 0.4666666666666667, 0.5333333333333333], "aps": [0.5000566893424037, 0.4966854573997431, 0.49688644688644684, 0.5969696969696969, 0.5547928262213976, 0.6331589045874759, 0.4980769230769231, 0.7742019884877027, 0.5989795918367347, 0.6996598639455782], "f1": [0.0, 0.0, 0.0, 0.0, 0.6363636363636364, 0.0, 0.0, 0.0, 0.6363636363636364, 0.0], "auprc": [0.47038635967207393, 0.4671941154084011, 0.4395271395271395, 0.5700267985982271, 0.48496662068090635, 0.5991191348334205, 0.4676733980305408, 0.7600447171875744, 0.5313840920983778, 0.6688620902906617]}