{"auroc": [0.48214285714285715, 0.5178571428571429, 0.4464285714285714, 0.5535714285714285, 0.625, 0.5357142857142857, 0.5892857142857143, 0.46428571428571425, 0.5357142857142857, 0.5892857142857143], "acc": [0.4666666666666667, 0.5333333333333333, 0.5333333333333333, 0.5333333333333333, 0.5333333333333333, 0.4666666666666667, 0.4, 0.5333333333333333, 0.4666666666666667, 0.5333333333333333], "aps": [0.5780045351473924, 0.5369047619047619, 0.44628942486085343, 0.573076923076923, 0.6029220779220779, 0.5881562881562881, 0.6489795918367347, 0.5151927437641723, 0.6083333333333334, 0.5471088435374148], "f1": [0.5555555555555556, 0.588235294117647, 0.588235294117647, 0.588235294117647, 0.588235294117647, 0.6363636363636364, 0.5263157894736842, 0.0, 0.5555555555555556, 0.631578947368421], "auprc": [0.5443659515088086, 0.4673534798534798, 0.39585097442240297, 0.5048491191348334, 0.5347943722943723, 0.5540859933717077, 0.6159079016221873, 0.44564146171289026, 0.574496336996337, 0.4777210884353741]}