{"auroc": [0.5892857142857143, 0.5535714285714285, 0.6071428571428571, 0.5357142857142857, 0.5714285714285714, 0.6071428571428572, 0.5892857142857143, 0.5535714285714285, 0.6428571428571428, 0.6071428571428572], "acc": [0.4666666666666667, 0.4666666666666667, 0.4666666666666667, 0.6, 0.6, 0.4666666666666667, 0.5333333333333333, 0.6, 0.5333333333333333, 0.4666666666666667], "aps": [0.6489795918367347, 0.5375850340136054, 0.6968864468864469, 0.5459794174079888, 0.5650793650793651, 0.7052721088435374, 0.6489795918367347, 0.6174079888365602, 0.7370748299319727, 0.6036891679748823], "f1": [0.5555555555555556, 0.5555555555555556, 0.5, 0.6250000000000001, 0.6250000000000001, 0.5555555555555556, 0.588235294117647, 0.6250000000000001, 0.588235294117647, 0.5555555555555556], "auprc": [0.6159079016221873, 0.46792671614100184, 0.6762515262515261, 0.47622100122100114, 0.4956194599051741, 0.6848704866562008, 0.6159079016221873, 0.5833638583638583, 0.7182888540031396, 0.5360282574568288]}