{"auroc": [0.5535714285714286, 0.5357142857142857, 0.5357142857142857, 0.5178571428571429, 0.5714285714285715, 0.6607142857142857, 0.5714285714285715, 0.625, 0.5535714285714286, 0.625], "acc": [0.4666666666666667, 0.6, 0.5333333333333333, 0.4666666666666667, 0.5333333333333333, 0.6, 0.4666666666666667, 0.7333333333333333, 0.4666666666666667, 0.7333333333333333], "aps": [0.6130429094714809, 0.5459794174079888, 0.5848072562358277, 0.5310657596371882, 0.558451072736787, 0.7727891156462585, 0.6362244897959184, 0.6350340136054422, 0.6559523809523808, 0.6091836734693878], "f1": [0.5555555555555556, 0.6250000000000001, 0.588235294117647, 0.6363636363636364, 0.588235294117647, 0.6250000000000001, 0.6363636363636364, 0.7142857142857143, 0.5555555555555556, 0.7142857142857143], "auprc": [0.579140502354788, 0.47622100122100114, 0.5507215007215007, 0.4617128902843189, 0.48959968602825743, 0.7599555206698063, 0.6027276295133437, 0.5696493982208267, 0.6340201465201465, 0.5414811379097092]}