{"auroc": [0.5357142857142857, 0.5535714285714285, 0.4821428571428571, 0.5357142857142857, 0.5178571428571429, 0.625, 0.5178571428571429, 0.5357142857142857, 0.5714285714285714, 0.625], "acc": [0.6, 0.5333333333333333, 0.5333333333333333, 0.4, 0.4, 0.7333333333333333, 0.4666666666666667, 0.6, 0.4666666666666667, 0.5333333333333333], "aps": [0.6083333333333334, 0.5559000523286237, 0.4752834467120182, 0.5506493506493506, 0.508281004709576, 0.6894557823129253, 0.5369047619047619, 0.6126984126984127, 0.6702380952380951, 0.6751177394034538], "f1": [0.4, 0.588235294117647, 0.588235294117647, 0.47058823529411764, 0.5263157894736842, 0.7142857142857143, 0.5555555555555556, 0.25, 0.5555555555555556, 0.588235294117647], "auprc": [0.574496336996337, 0.4862833594976452, 0.4185786435786435, 0.48126159554730974, 0.45056907378335953, 0.65876504447933, 0.4673534798534798, 0.5787196930054073, 0.6483058608058607, 0.6431711145996859]}