{"auroc": [0.5357142857142857, 0.5714285714285714, 0.6071428571428571, 0.5892857142857143, 0.5178571428571428, 0.6071428571428572, 0.5625, 0.4642857142857143, 0.5535714285714285, 0.5714285714285714], "acc": [0.4666666666666667, 0.6, 0.5333333333333333, 0.5333333333333333, 0.4666666666666667, 0.4666666666666667, 0.6, 0.4666666666666667, 0.4666666666666667, 0.4], "aps": [0.6083333333333334, 0.5613945578231292, 0.5624458874458874, 0.6489795918367347, 0.522169893598465, 0.7052721088435374, 0.5647959183673469, 0.5723356009070295, 0.6715419501133786, 0.5773286237571952], "f1": [0.5555555555555556, 0.6250000000000001, 0.588235294117647, 0.588235294117647, 0.5555555555555556, 0.5555555555555556, 0.6250000000000001, 0.5, 0.5555555555555556, 0.5263157894736842], "auprc": [0.574496336996337, 0.4917362399505256, 0.493101541315827, 0.6159079016221873, 0.45241147741147736, 0.6848704866562008, 0.567013343799058, 0.5384986045700331, 0.6506584685156114, 0.5089024071166928]}