{"auroc": [0.5, 0.5178571428571429, 0.42857142857142855, 0.5, 0.6071428571428571, 0.5535714285714286, 0.5357142857142857, 0.5892857142857143, 0.5892857142857143, 0.6428571428571428], "acc": [0.4666666666666667, 0.6666666666666666, 0.4666666666666667, 0.4666666666666667, 0.6, 0.4, 0.6, 0.4666666666666667, 0.5333333333333333, 0.5333333333333333], "aps": [0.5882086167800453, 0.5845238095238094, 0.44379509379509385, 0.5475667189952904, 0.5893166357452071, 0.6559523809523808, 0.6126984126984127, 0.6916666666666667, 0.6916666666666667, 0.621969696969697], "f1": [0.5555555555555556, 0.6666666666666666, 0.5, 0.5, 0.6666666666666665, 0.5263157894736842, 0.5714285714285714, 0.5555555555555556, 0.588235294117647, 0.631578947368421], "auprc": [0.55422989708704, 0.5506868131868132, 0.3931843949701092, 0.4791791541791541, 0.5208487940630797, 0.6340201465201465, 0.5787196930054073, 0.6709249084249083, 0.6709249084249083, 0.5550324675324675]}