{"auroc": [0.5714285714285714, 0.5892857142857143, 0.5, 0.5178571428571428, 0.46428571428571425, 0.6607142857142857, 0.6071428571428571, 0.5, 0.6607142857142857, 0.6071428571428571], "acc": [0.5333333333333333, 0.5333333333333333, 0.5333333333333333, 0.6, 0.5333333333333333, 0.4666666666666667, 0.4666666666666667, 0.4666666666666667, 0.4666666666666667, 0.6], "aps": [0.581013431013431, 0.6052721088435373, 0.48268398268398266, 0.5412698412698412, 0.4738705738705738, 0.7727891156462585, 0.6704081632653061, 0.5310657596371882, 0.7540816326530613, 0.6714896214896215], "f1": [0.5333333333333333, 0.588235294117647, 0.588235294117647, 0.6250000000000001, 0.588235294117647, 0.5555555555555556, 0.5555555555555556, 0.5555555555555556, 0.5555555555555556, 0.6250000000000001], "auprc": [0.5127856270713413, 0.5384419152276295, 0.42476253904825334, 0.4715768358625501, 0.4160169195883482, 0.7599555206698063, 0.6385269492412349, 0.4613727542298971, 0.7363160648874933, 0.6401665794522937]}