{"auroc": [0.5357142857142857, 0.5357142857142857, 0.48214285714285715, 0.5, 0.5892857142857143, 0.5892857142857143, 0.6428571428571428, 0.5535714285714286, 0.5892857142857143, 0.6607142857142857], "acc": [0.4666666666666667, 0.4666666666666667, 0.5333333333333333, 0.4666666666666667, 0.5333333333333333, 0.4666666666666667, 0.5333333333333333, 0.4666666666666667, 0.4666666666666667, 0.6666666666666666], "aps": [0.646031746031746, 0.5459794174079888, 0.4897959183673469, 0.5119658119658119, 0.5639455782312925, 0.6838435374149658, 0.7370748299319727, 0.6603174603174602, 0.6489795918367347, 0.7198412698412697], "f1": [0.5555555555555556, 0.5555555555555556, 0.588235294117647, 0.5555555555555556, 0.588235294117647, 0.5555555555555556, 0.588235294117647, 0.5555555555555556, 0.5555555555555556, 0.7058823529411764], "auprc": [0.6239577882435026, 0.47622100122100114, 0.4203098488812774, 0.44220739577882434, 0.4950525664811379, 0.6622514390371532, 0.7182888540031396, 0.6382435025292168, 0.6159079016221873, 0.6992630385487528]}