{"auroc": [0.5714285714285714, 0.6428571428571428, 0.4642857142857143, 0.4642857142857143, 0.6428571428571428, 0.42857142857142855, 0.5714285714285715, 0.5714285714285715, 0.5357142857142857, 0.6964285714285714], "acc": [0.4666666666666667, 0.5333333333333333, 0.5333333333333333, 0.4666666666666667, 0.5333333333333333, 0.4666666666666667, 0.4666666666666667, 0.5333333333333333, 0.4666666666666667, 0.5333333333333333], "aps": [0.6702380952380951, 0.6397435897435897, 0.4619047619047619, 0.4928262213976499, 0.6156771799628942, 0.4557299843014129, 0.6362244897959184, 0.6362244897959184, 0.6024943310657596, 0.7537724180581322], "f1": [0.5555555555555556, 0.588235294117647, 0.588235294117647, 0.6363636363636364, 0.588235294117647, 0.5, 0.5555555555555556, 0.36363636363636365, 0.5555555555555556, 0.631578947368421], "auprc": [0.6483058608058607, 0.5742935635792777, 0.40517379445950874, 0.4354502640216926, 0.5479746444032157, 0.39821646607360894, 0.6027276295133437, 0.6027276295133437, 0.568855747427176, 0.7348794063079775]}