{"auroc": [0.4285714285714286, 0.5535714285714286, 0.4642857142857143, 0.5178571428571428, 0.5535714285714286, 0.5892857142857143, 0.5535714285714286, 0.5178571428571428, 0.5892857142857143, 0.625], "acc": [0.5333333333333333, 0.5333333333333333, 0.4666666666666667, 0.4666666666666667, 0.4666666666666667, 0.4666666666666667, 0.4666666666666667, 0.4666666666666667, 0.4666666666666667, 0.4666666666666667], "aps": [0.45944055944055945, 0.5537414965986395, 0.4850340136054422, 0.5095238095238095, 0.5674079888365603, 0.6409340659340659, 0.6124149659863944, 0.5412698412698412, 0.5989795918367347, 0.6154761904761905], "f1": [0.5333333333333333, 0.588235294117647, 0.5555555555555556, 0.5555555555555556, 0.5555555555555556, 0.5555555555555556, 0.5555555555555556, 0.5555555555555556, 0.5555555555555556, 0.5555555555555556], "auprc": [0.40165905523048384, 0.48495552066980635, 0.41557410843125125, 0.4519686662543805, 0.49884004884004873, 0.6073717948717948, 0.57891810570382, 0.4715768358625501, 0.5313840920983778, 0.5485389610389609]}