{"auroc": [0.6071428571428571, 0.5892857142857143, 0.4821428571428571, 0.46428571428571425, 0.6428571428571428, 0.6428571428571428, 0.5535714285714286, 0.5178571428571428, 0.6071428571428571, 0.6428571428571428], "acc": [0.4666666666666667, 0.5333333333333333, 0.5333333333333333, 0.3333333333333333, 0.4666666666666667, 0.4666666666666667, 0.4, 0.4666666666666667, 0.6, 0.4666666666666667], "aps": [0.6885531135531135, 0.5909340659340659, 0.5015873015873016, 0.515934065934066, 0.6282312925170068, 0.7370748299319727, 0.6263038548752834, 0.638095238095238, 0.6965986394557824, 0.6209183673469387], "f1": [0.5555555555555556, 0.588235294117647, 0.588235294117647, 0.4444444444444444, 0.5555555555555556, 0.5555555555555556, 0.5714285714285714, 0.5555555555555556, 0.6250000000000001, 0.6363636363636364], "auprc": [0.6668956043956042, 0.5228479853479853, 0.43192898371469796, 0.44635602492745347, 0.5617192331478046, 0.7182888540031396, 0.5926652712366998, 0.6160212803069945, 0.6754317111459969, 0.5884508348794063]}