{"auroc": [0.5714285714285714, 0.5357142857142857, 0.4642857142857143, 0.48214285714285715, 0.48214285714285715, 0.6428571428571429, 0.5892857142857143, 0.5892857142857143, 0.5357142857142857, 0.5], "acc": [0.5333333333333333, 0.5333333333333333, 0.5333333333333333, 0.5333333333333333, 0.5333333333333333, 0.6, 0.5333333333333333, 0.6, 0.6, 0.4666666666666667], "aps": [0.5477633477633477, 0.5320905285190999, 0.45819418676561535, 0.4976800976800976, 0.4935984650270364, 0.6941653584510727, 0.6489795918367347, 0.6838435374149658, 0.5988095238095237, 0.5227581941867656], "f1": [0.588235294117647, 0.588235294117647, 0.588235294117647, 0.588235294117647, 0.588235294117647, 0.6250000000000001, 0.588235294117647, 0.6250000000000001, 0.6250000000000001, 0.5555555555555556], "auprc": [0.47830344258915686, 0.4624738356881214, 0.40180335537478395, 0.42792168149311005, 0.42503052503052496, 0.6634092098377811, 0.6159079016221873, 0.6622514390371532, 0.5649725274725275, 0.45303030303030295]}