{"auroc": [0.5714285714285714, 0.5714285714285714, 0.4821428571428571, 0.5535714285714286, 0.5178571428571428, 0.625, 0.6428571428571429, 0.5178571428571428, 0.625, 0.625], "acc": [0.5333333333333333, 0.4666666666666667, 0.5333333333333333, 0.5333333333333333, 0.4, 0.4666666666666667, 0.5333333333333333, 0.4666666666666667, 0.4, 0.6666666666666666], "aps": [0.6702380952380951, 0.6606619570905286, 0.4904238618524333, 0.5456959706959706, 0.5119658119658119, 0.7243197278911564, 0.7064625850340136, 0.6556689342403628, 0.7243197278911564, 0.6007936507936508], "f1": [0.588235294117647, 0.5555555555555556, 0.588235294117647, 0.588235294117647, 0.5263157894736842, 0.5555555555555556, 0.0, 0.5555555555555556, 0.5263157894736842, 0.7058823529411764], "auprc": [0.6483058608058607, 0.6386643118785975, 0.4325702075702076, 0.4764194139194139, 0.454452293738008, 0.7051085818942961, 0.6767922553636838, 0.6349271759986046, 0.7051085818942961, 0.5325963718820862]}