{"auroc": [0.5535714285714286, 0.5535714285714285, 0.4464285714285714, 0.5892857142857143, 0.48214285714285715, 0.6071428571428572, 0.5357142857142857, 0.5714285714285714, 0.6071428571428571, 0.5], "acc": [0.4666666666666667, 0.5333333333333333, 0.5333333333333333, 0.5333333333333333, 0.4666666666666667, 0.5333333333333333, 0.3333333333333333, 0.5333333333333333, 0.5333333333333333, 0.4666666666666667], "aps": [0.6130429094714809, 0.5559000523286237, 0.4627594627594627, 0.6832810047095761, 0.48815628815628814, 0.6767006802721087, 0.554875283446712, 0.615110286538858, 0.6965986394557824, 0.4929181929181929], "f1": [0.5555555555555556, 0.588235294117647, 0.588235294117647, 0.0, 0.5555555555555556, 0.588235294117647, 0.5, 0.4615384615384615, 0.588235294117647, 0.5555555555555556], "auprc": [0.579140502354788, 0.4862833594976452, 0.4050213675213675, 0.6623059480202336, 0.4303026338740624, 0.6455847723704866, 0.48552241409384267, 0.581024531024531, 0.6754317111459969, 0.43503837432408865]}