{"auroc": [0.4821428571428571, 0.5714285714285714, 0.5, 0.42857142857142855, 0.6964285714285714, 0.6785714285714286, 0.5892857142857143, 0.5178571428571428, 0.6071428571428571, 0.5892857142857142], "acc": [0.4666666666666667, 0.5333333333333333, 0.5333333333333333, 0.4666666666666667, 0.5333333333333333, 0.5333333333333333, 0.6, 0.4666666666666667, 0.4666666666666667, 0.5333333333333333], "aps": [0.4904238618524333, 0.5650793650793651, 0.4936507936507937, 0.4553589267874983, 0.7231601731601731, 0.7897959183673469, 0.6576530612244897, 0.6556689342403628, 0.6965986394557824, 0.5375850340136055], "f1": [0.5555555555555556, 0.588235294117647, 0.588235294117647, 0.5555555555555556, 0.631578947368421, 0.588235294117647, 0.6250000000000001, 0.5555555555555556, 0.5555555555555556, 0.631578947368421], "auprc": [0.4325702075702076, 0.4956194599051741, 0.42501506430077857, 0.39876789876789875, 0.6933828076685218, 0.7779827315541601, 0.6253466771323913, 0.6349271759986046, 0.6754317111459969, 0.4693615907901622]}