{"auroc": [0.5178571428571428, 0.5892857142857143, 0.625, 0.5535714285714286, 0.6071428571428572, 0.49999999999999994, 0.5892857142857143, 0.6607142857142857, 0.6071428571428571, 0.7142857142857142], "acc": [0.4666666666666667, 0.5333333333333333, 0.4666666666666667, 0.5333333333333333, 0.5333333333333333, 0.5333333333333333, 0.4, 0.4666666666666667, 0.4, 0.6], "aps": [0.635827664399093, 0.6838435374149658, 0.6626984126984126, 0.5647959183673469, 0.6036891679748823, 0.5237571951857666, 0.6489795918367347, 0.7417844060701204, 0.6965986394557824, 0.789486703772418], "f1": [0.5555555555555556, 0.588235294117647, 0.5555555555555556, 0.0, 0.588235294117647, 0.588235294117647, 0.5263157894736842, 0.5555555555555556, 0.5263157894736842, 0.6666666666666665], "auprc": [0.6137537066108495, 0.6622514390371532, 0.6301171051171051, 0.4955847723704866, 0.5360282574568288, 0.45399877899877894, 0.6159079016221873, 0.7229330193615906, 0.6754317111459969, 0.7765460729746443]}