{"auroc": [0.6071428571428571, 0.625, 0.4107142857142857, 0.48214285714285715, 0.5178571428571429, 0.5357142857142857, 0.5714285714285714, 0.5357142857142857, 0.625, 0.4464285714285714], "acc": [0.6, 0.5333333333333333, 0.6, 0.4666666666666667, 0.4, 0.5333333333333333, 0.4, 0.5333333333333333, 0.4, 0.4666666666666667], "aps": [0.6965986394557824, 0.7013082155939299, 0.43308080808080807, 0.48407465550322687, 0.5273809523809523, 0.6126984126984127, 0.625170068027211, 0.6126984126984127, 0.7180272108843537, 0.46085343228200376], "f1": [0.6250000000000001, 0.588235294117647, 0.6666666666666665, 0.5555555555555556, 0.5263157894736842, 0.588235294117647, 0.5263157894736842, 0.36363636363636365, 0.5263157894736842, 0.6363636363636364], "auprc": [0.6754317111459969, 0.6800758765044479, 0.3784473463044892, 0.42622100122100115, 0.4578296703296703, 0.5787196930054073, 0.5920983778126635, 0.5787196930054073, 0.6980507587650444, 0.40422077922077915]}