{"auroc": [0.5714285714285714, 0.5714285714285714, 0.6071428571428572, 0.5357142857142857, 0.5714285714285714, 0.5714285714285715, 0.5535714285714286, 0.6071428571428571, 0.5892857142857143, 0.5535714285714286], "acc": [0.4666666666666667, 0.4666666666666667, 0.5333333333333333, 0.5333333333333333, 0.5333333333333333, 0.4666666666666667, 0.4666666666666667, 0.5333333333333333, 0.4666666666666667, 0.6], "aps": [0.6606619570905286, 0.5773286237571952, 0.5797619047619047, 0.5174603174603174, 0.5773286237571952, 0.6362244897959184, 0.5647959183673469, 0.6704081632653061, 0.6489795918367347, 0.5090136054421768], "f1": [0.5555555555555556, 0.5555555555555556, 0.588235294117647, 0.631578947368421, 0.588235294117647, 0.5555555555555556, 0.5555555555555556, 0.588235294117647, 0.5555555555555556, 0.6666666666666665], "auprc": [0.6386643118785975, 0.5089024071166928, 0.5104175586318443, 0.44773242630385485, 0.5089024071166928, 0.6027276295133437, 0.4955847723704866, 0.6385269492412349, 0.6159079016221873, 0.45272108843537406]}