{"auroc": [0.4642857142857143, 0.625, 0.5714285714285714, 0.4464285714285714, 0.2857142857142857, 0.5892857142857143, 0.6071428571428571, 0.5714285714285714, 0.5714285714285715, 0.6964285714285714], "acc": [0.6, 0.5333333333333333, 0.6, 0.4666666666666667, 0.4, 0.6666666666666666, 0.5333333333333333, 0.4666666666666667, 0.4, 0.5333333333333333], "aps": [0.46978894121751263, 0.6751177394034538, 0.5206047920333634, 0.45714285714285713, 0.3857709750566894, 0.6489795918367347, 0.6965986394557824, 0.6229024943310657, 0.6362244897959184, 0.7537724180581322], "f1": [0.6250000000000001, 0.588235294117647, 0.6666666666666665, 0.5555555555555556, 0.5263157894736842, 0.6153846153846153, 0.588235294117647, 0.5555555555555556, 0.5263157894736842, 0.588235294117647], "auprc": [0.4131257631257631, 0.6431711145996859, 0.46268334839763414, 0.4004380540094825, 0.34181493110064537, 0.6159079016221873, 0.6754317111459969, 0.5888167388167387, 0.6027276295133437, 0.7348794063079775]}