{"auroc": [0.5535714285714286, 0.5892857142857143, 0.48214285714285715, 0.5714285714285714, 0.5714285714285714, 0.6071428571428571, 0.5535714285714286, 0.5178571428571429, 0.5892857142857143, 0.5714285714285714], "acc": [0.4666666666666667, 0.6666666666666666, 0.5333333333333333, 0.4666666666666667, 0.6, 0.6, 0.4, 0.4666666666666667, 0.5333333333333333, 0.4666666666666667], "aps": [0.5537414965986395, 0.5989795918367347, 0.4698412698412699, 0.581013431013431, 0.5773286237571952, 0.6965986394557824, 0.5537414965986395, 0.611873840445269, 0.6838435374149658, 0.5650793650793651], "f1": [0.5555555555555556, 0.6666666666666666, 0.588235294117647, 0.6, 0.6250000000000001, 0.6250000000000001, 0.5263157894736842, 0.5555555555555556, 0.588235294117647, 0.5555555555555556], "auprc": [0.48495552066980635, 0.5313840920983778, 0.41311030239601665, 0.5127856270713413, 0.5089024071166928, 0.6754317111459969, 0.48495552066980635, 0.5783074068788354, 0.6622514390371532, 0.4956194599051741]}