{"enet": [{"auroc": [0.5503685503685504, 0.45896805896805903, 0.5528255528255528, 0.40147420147420154, 0.45896805896805903, 0.5425061425061426, 0.5528255528255528, 0.45896805896805903, 0.5307125307125308, 0.5503685503685504], "acc": [0.5978260869565217, 0.5978260869565217, 0.5978260869565217, 0.3804347826086957, 0.5978260869565217, 0.5978260869565217, 0.5978260869565217, 0.5978260869565217, 0.5978260869565217, 0.5978260869565217], "aps": [0.4211809326022752, 0.4008777195584493, 0.4242418621298886, 0.34071558510198696, 0.4008777195584493, 0.41981253803173435, 0.4242418621298886, 0.4008777195584493, 0.4120420522420669, 0.4211809326022752], "f1": [0.0, 0.0, 0.0, 0.5511811023622046, 0.0, 0.0, 0.0, 0.0, 0.0, 0.0], "auprc": [0.4090746398127182, 0.3900614951648257, 0.4116750025827225, 0.37654046408477965, 0.3900614951648257, 0.40806508721273055, 0.4116750025827225, 0.3900614951648257, 0.39965607515853874, 0.4090746398127182]}]}