{"auroc": [0.5, 0.5178571428571429, 0.5892857142857142, 0.6964285714285714, 0.48214285714285715, 0.25, 0.5714285714285714, 0.42857142857142855, 0.5, 0.5178571428571428], "acc": [0.4, 0.6666666666666666, 0.5333333333333333, 0.5333333333333333, 0.5333333333333333, 0.2, 0.6, 0.4666666666666667, 0.4666666666666667, 0.6], "aps": [0.47766439909297054, 0.4845547309833024, 0.6293960008245723, 0.6554945054945055, 0.504029304029304, 0.3720779220779221, 0.6785190999476713, 0.5397435897435898, 0.5634920634920635, 0.5178048142333856], "f1": [0.18181818181818182, 0.6666666666666666, 0.4615384615384615, 0.588235294117647, 0.4615384615384615, 0.14285714285714285, 0.5714285714285714, 0.42857142857142855, 0.3333333333333333, 0.5714285714285714], "auprc": [0.42698412698412697, 0.43391786784643926, 0.5953102453102452, 0.58997668997669, 0.43427088784231643, 0.329560915275201, 0.6575702075702075, 0.5061938061938063, 0.5295218670218671, 0.4481881214024071]}