{"auroc": [0.5535714285714285, 0.4464285714285714, 0.5535714285714285, 0.5178571428571428, 0.4821428571428571, 0.48214285714285715, 0.6607142857142857, 0.42857142857142855, 0.4642857142857143, 0.4821428571428571], "acc": [0.6, 0.4666666666666667, 0.4, 0.5333333333333333, 0.5333333333333333, 0.4666666666666667, 0.6666666666666666, 0.3333333333333333, 0.4666666666666667, 0.6666666666666666], "aps": [0.6802197802197802, 0.5915663701377987, 0.6516483516483516, 0.5223665223665224, 0.6358974358974359, 0.6159031444745731, 0.6452380952380953, 0.48806431663574523, 0.5118524332810047, 0.551883830455259], "f1": [0.5, 0.42857142857142855, 0.47058823529411764, 0.588235294117647, 0.5333333333333333, 0.3333333333333333, 0.5454545454545454, 0.375, 0.3333333333333333, 0.6153846153846153], "auprc": [0.6597913990771131, 0.5592251002965288, 0.620505684791399, 0.4526820401820401, 0.6141287284144427, 0.5941760620332048, 0.5797464440321582, 0.4190166975881261, 0.4422743922743922, 0.4840266875981161]}