{"auroc": [0.5936117936117937, 0.48501228501228505, 0.5297297297297298, 0.486977886977887, 0.49238329238329237, 0.4850122850122851, 0.5159705159705159, 0.5307125307125308, 0.5351351351351352, 0.5425061425061425], "acc": [0.5978260869565217, 0.40217391304347827, 0.41304347826086957, 0.40217391304347827, 0.5869565217391305, 0.40217391304347827, 0.40217391304347827, 0.40217391304347827, 0.40217391304347827, 0.40217391304347827], "aps": [0.5088395729387011, 0.38334280054918884, 0.41621651081991107, 0.4128735445054457, 0.42108029421426135, 0.43058371245633636, 0.45617896818429254, 0.4588870022920024, 0.447176303222276, 0.4205845890638691], "f1": [0.0, 0.5736434108527132, 0.5645161290322581, 0.5736434108527132, 0.17391304347826086, 0.5736434108527132, 0.5736434108527132, 0.5736434108527132, 0.5736434108527132, 0.5736434108527132], "auprc": [0.49937249611109524, 0.37005815151463683, 0.4014039961151217, 0.40168805452864387, 0.40960694356085786, 0.42135866907040925, 0.44514051695579826, 0.4403250812697474, 0.4285439696312234, 0.4069816449893107]}