{"auroc": [0.5528255528255529, 0.6063882063882063, 0.5744471744471744, 0.514004914004914, 0.5292383292383294, 0.5120393120393121, 0.5120393120393121, 0.5567567567567568, 0.5493857493857495, 0.5292383292383293], "acc": [0.5108695652173914, 0.40217391304347827, 0.40217391304347827, 0.40217391304347827, 0.40217391304347827, 0.40217391304347827, 0.40217391304347827, 0.40217391304347827, 0.40217391304347827, 0.40217391304347827], "aps": [0.450002822757421, 0.4646011016893462, 0.4514334118130846, 0.3928177261788196, 0.40235320710335515, 0.4022151612122271, 0.40162083773211704, 0.4357370553423189, 0.4198080391645286, 0.41537519321666505], "f1": [0.5714285714285715, 0.5736434108527132, 0.5736434108527132, 0.5736434108527132, 0.5736434108527132, 0.5736434108527132, 0.5736434108527132, 0.5736434108527132, 0.5736434108527132, 0.5736434108527132], "auprc": [0.43924814605671764, 0.44658528869553304, 0.440447677843071, 0.3804830301236908, 0.388569565464178, 0.38513763554629754, 0.38457540945529567, 0.42519243589743855, 0.4064734975858752, 0.39806598002397603]}