{"auroc": [0.550859950859951, 0.5223587223587224, 0.4864864864864865, 0.516953316953317, 0.4481572481572482, 0.543980343980344, 0.5248157248157248, 0.5331695331695332, 0.51990171990172, 0.5159705159705159], "acc": [0.40217391304347827, 0.40217391304347827, 0.40217391304347827, 0.40217391304347827, 0.5978260869565217, 0.40217391304347827, 0.40217391304347827, 0.40217391304347827, 0.5434782608695652, 0.40217391304347827], "aps": [0.4391973367356748, 0.422263252681264, 0.41276485347845254, 0.4307636315527836, 0.3840222287362703, 0.43199173926337703, 0.4193127665957482, 0.42385160285931084, 0.4237121220314431, 0.42838694397727206], "f1": [0.5736434108527132, 0.5736434108527132, 0.5736434108527132, 0.5736434108527132, 0.0, 0.5736434108527132, 0.5736434108527132, 0.5736434108527132, 0.36363636363636365, 0.5736434108527132], "auprc": [0.42902321099151786, 0.4120886874821417, 0.4021281096800805, 0.4195677936767479, 0.3744719609060232, 0.4218570149587512, 0.4090209316566274, 0.41377785497894964, 0.41329002517395547, 0.4177956876247221]}