{"auroc": [0.6004914004914006, 0.5277641277641277, 0.444963144963145, 0.5444717444717444, 0.5041769041769042, 0.5076167076167076, 0.5828009828009828, 0.5572481572481572, 0.5331695331695332, 0.4181818181818182], "acc": [0.40217391304347827, 0.40217391304347827, 0.40217391304347827, 0.40217391304347827, 0.5869565217391305, 0.5978260869565217, 0.40217391304347827, 0.40217391304347827, 0.40217391304347827, 0.41304347826086957], "aps": [0.5391290398820092, 0.406546422517418, 0.38230380041586554, 0.43137754354022684, 0.4293932400105329, 0.4380589747332639, 0.45103700321547896, 0.44735879921341604, 0.4399827435761211, 0.39828810992184865], "f1": [0.5736434108527132, 0.5736434108527132, 0.5736434108527132, 0.5736434108527132, 0.0, 0.0, 0.5736434108527132, 0.5736434108527132, 0.5736434108527132, 0.2702702702702703], "auprc": [0.5296509333274255, 0.39314278996679985, 0.3666618368452144, 0.41343695314951284, 0.4107745418104665, 0.4262729693498515, 0.43612511566985734, 0.43231336460997855, 0.42143595026466235, 0.38702170209351683]}