{"enet": [{"auroc": [0.5267813267813268, 0.5267813267813268, 0.5267813267813268, 0.543980343980344, 0.5624078624078624, 0.5267813267813268, 0.48599508599508606, 0.5267813267813268, 0.5267813267813268, 0.5267813267813268], "acc": [0.40217391304347827, 0.40217391304347827, 0.40217391304347827, 0.5978260869565217, 0.41304347826086957, 0.40217391304347827, 0.5978260869565217, 0.40217391304347827, 0.40217391304347827, 0.40217391304347827], "aps": [0.48830236953404677, 0.48830236953404677, 0.48830236953404677, 0.5107863371052186, 0.47844136287191136, 0.48830236953404677, 0.40108966768536836, 0.48830236953404677, 0.48830236953404677, 0.48830236953404677], "f1": [0.5217391304347826, 0.5217391304347826, 0.5217391304347826, 0.0, 0.578125, 0.5217391304347826, 0.0, 0.5217391304347826, 0.5217391304347826, 0.5217391304347826], "auprc": [0.47997658691993556, 0.47997658691993556, 0.47997658691993556, 0.502606283566274, 0.481323382122695, 0.47997658691993556, 0.3851752465504016, 0.47997658691993556, 0.47997658691993556, 0.47997658691993556]}]}