{"enet": [{"auroc": [0.5164619164619164, 0.5164619164619164, 0.5164619164619164, 0.5203931203931204, 0.5179361179361179, 0.5203931203931204, 0.5164619164619164, 0.4933660933660934, 0.5164619164619164, 0.5], "acc": [0.5978260869565217, 0.5978260869565217, 0.5978260869565217, 0.5978260869565217, 0.5978260869565217, 0.5978260869565217, 0.5978260869565217, 0.5978260869565217, 0.5978260869565217, 0.5978260869565217], "aps": [0.4279829752014716, 0.4279829752014716, 0.4279829752014716, 0.46106025470226364, 0.436282212196855, 0.46106025470226364, 0.4279829752014716, 0.38831990831665597, 0.4279829752014716, 0.40217391304347827], "f1": [0.0, 0.0, 0.0, 0.0, 0.0, 0.0, 0.0, 0.0, 0.0, 0.0], "auprc": [0.41685552277859433, 0.41685552277859433, 0.41685552277859433, 0.44919443870938114, 0.4247934959168141, 0.44919443870938114, 0.41685552277859433, 0.37315041795786114, 0.41685552277859433, 0.7010869565217391]}]}