{"auroc": [0.5105651105651106, 0.3941031941031941, 0.5253071253071253, 0.5538083538083538, 0.48353808353808353, 0.539066339066339, 0.491891891891892, 0.5434889434889435, 0.5601965601965602, 0.5002457002457003], "acc": [0.40217391304347827, 0.41304347826086957, 0.40217391304347827, 0.45652173913043476, 0.5978260869565217, 0.40217391304347827, 0.40217391304347827, 0.40217391304347827, 0.40217391304347827, 0.6086956521739131], "aps": [0.4101009129434745, 0.3487406028702631, 0.4143540514762375, 0.41954357798792996, 0.404133858869006, 0.40784410857103137, 0.3912830482158788, 0.4447934260906286, 0.4194106818005849, 0.446852735528867], "f1": [0.5736434108527132, 0.425531914893617, 0.5736434108527132, 0.576271186440678, 0.0, 0.5736434108527132, 0.5736434108527132, 0.5736434108527132, 0.5736434108527132, 0.1], "auprc": [0.3931319509932248, 0.3341174016869468, 0.39729249748392076, 0.4030002518911318, 0.3940704855789602, 0.3932116463956764, 0.3745805082265883, 0.4344706081409631, 0.4055582838277219, 0.437398165723282]}