{"auroc": [0.5228501228501229, 0.5552825552825552, 0.5336609336609337, 0.4683046683046683, 0.5120393120393121, 0.5154791154791155, 0.5056511056511057, 0.5464373464373464, 0.5164619164619165, 0.5046683046683047], "acc": [0.5978260869565217, 0.5978260869565217, 0.5978260869565217, 0.5978260869565217, 0.5978260869565217, 0.5978260869565217, 0.5978260869565217, 0.5978260869565217, 0.5978260869565217, 0.5978260869565217], "aps": [0.44679431880192116, 0.42328837571973343, 0.4358687250320164, 0.3902516877863118, 0.4311327265596419, 0.4128933051665539, 0.4316940168448278, 0.45207614847429634, 0.4336291881801789, 0.3999819229043201], "f1": [0.0, 0.0, 0.0, 0.0, 0.0, 0.0, 0.0, 0.0, 0.0, 0.0], "auprc": [0.43493899421125476, 0.40604099698032653, 0.425135540286291, 0.38052600288436594, 0.4199991339537022, 0.4028617528073258, 0.4202431056627482, 0.44068027609822624, 0.41727374939146095, 0.38246943413380013]}