{"auroc": [0.5941031941031941, 0.5980343980343981, 0.5557739557739557, 0.48943488943488955, 0.5051597051597051, 0.5656019656019657, 0.47960687960687964, 0.5302211302211302, 0.5459459459459459, 0.5675675675675675], "acc": [0.6521739130434783, 0.5978260869565217, 0.5869565217391305, 0.40217391304347827, 0.5978260869565217, 0.5978260869565217, 0.40217391304347827, 0.5869565217391305, 0.5978260869565217, 0.5760869565217391], "aps": [0.552890023937672, 0.491881166541273, 0.44429838741324, 0.4235423481028542, 0.4273074487166296, 0.4771780427816369, 0.42723769949154883, 0.42277426558522957, 0.4630634789043337, 0.45907806878661384], "f1": [0.27272727272727276, 0.0, 0.17391304347826086, 0.5736434108527132, 0.0, 0.0, 0.5736434108527132, 0.29629629629629634, 0.0, 0.0], "auprc": [0.5424295956763905, 0.4754160672568903, 0.42920970091823396, 0.41465630921045343, 0.4093577360164621, 0.46767346891534256, 0.4155124820733041, 0.4050628699101854, 0.45115870980733946, 0.44258024961681885]}