{"auroc": [0.5356265356265356, 0.5312039312039313, 0.4697788697788699, 0.5218673218673219, 0.5051597051597052, 0.5474201474201474, 0.5110565110565111, 0.5257985257985258, 0.5076167076167076, 0.5066339066339067], "acc": [0.40217391304347827, 0.40217391304347827, 0.5978260869565217, 0.40217391304347827, 0.5978260869565217, 0.5760869565217391, 0.40217391304347827, 0.40217391304347827, 0.41304347826086957, 0.40217391304347827], "aps": [0.418864164419391, 0.4098419675121498, 0.4198064801561919, 0.40771643542131386, 0.4722489031870811, 0.4231478933215599, 0.4022672929976505, 0.40818949518343095, 0.4004838977208185, 0.4558306225516061], "f1": [0.5736434108527132, 0.5736434108527132, 0.0, 0.5736434108527132, 0.0, 0.04878048780487805, 0.5736434108527132, 0.5736434108527132, 0.5573770491803278, 0.5736434108527132], "auprc": [0.4041169378203951, 0.3952501904263051, 0.40822625396461437, 0.39247550370806106, 0.4628362535202008, 0.40517488177042693, 0.38506453677697333, 0.3912291638466086, 0.38562515910331074, 0.43736612089196697]}