{"auroc": [0.49729729729729744, 0.4918918918918919, 0.486977886977887, 0.5916461916461917, 0.5292383292383293, 0.4707616707616708, 0.5110565110565111, 0.5533169533169533, 0.5601965601965602, 0.5257985257985258], "acc": [0.5978260869565217, 0.5978260869565217, 0.5978260869565217, 0.40217391304347827, 0.5978260869565217, 0.5978260869565217, 0.5978260869565217, 0.5978260869565217, 0.5978260869565217, 0.5978260869565217], "aps": [0.42678173433854744, 0.420236365597968, 0.39995540515444505, 0.4839401886924161, 0.44464781498730716, 0.4052047664718404, 0.45722989728036106, 0.48546203332446597, 0.4809071632377971, 0.44001246336836736], "f1": [0.0, 0.0, 0.0, 0.5736434108527132, 0.0, 0.0, 0.0, 0.0, 0.0, 0.0], "auprc": [0.41537717922469103, 0.40899161448841204, 0.3839939604985652, 0.4688524433354196, 0.4333193093184371, 0.39394963242102327, 0.4456511657322657, 0.4735743436315992, 0.46948757397308133, 0.4288410857037227]}