{"auroc": [0.49877149877149884, 0.4933660933660934, 0.5331695331695332, 0.5002457002457004, 0.5385749385749387, 0.5292383292383293, 0.5528255528255529, 0.48943488943488944, 0.5120393120393121, 0.5626535626535627], "acc": [0.5978260869565217, 0.5978260869565217, 0.5978260869565217, 0.5978260869565217, 0.5978260869565217, 0.5978260869565217, 0.5978260869565217, 0.5978260869565217, 0.5978260869565217, 0.5978260869565217], "aps": [0.42763481071658244, 0.4183571235636088, 0.4651189863542906, 0.4186902066494693, 0.4432999284994241, 0.43334380923046023, 0.4497131203205418, 0.45945174008731193, 0.45454284278338736, 0.44296395566194224], "f1": [0.0, 0.0, 0.0, 0.0, 0.0, 0.0, 0.0, 0.0, 0.0, 0.0], "auprc": [0.41634303490226454, 0.4072558030088462, 0.45378147774939637, 0.408314331526952, 0.4248705349554324, 0.41699835629276333, 0.43866612517749193, 0.4500812270975155, 0.44285410112217816, 0.42548378375701923]}