{"enet": [{"auroc": [0.537100737100737, 0.537100737100737, 0.5449631449631449, 0.5449631449631449, 0.5916461916461917, 0.5533169533169534, 0.5449631449631449, 0.537100737100737, 0.537100737100737, 0.537100737100737], "acc": [0.5978260869565217, 0.5978260869565217, 0.5543478260869565, 0.5543478260869565, 0.5978260869565217, 0.5978260869565217, 0.5543478260869565, 0.5978260869565217, 0.5978260869565217, 0.5978260869565217], "aps": [0.48018777803288004, 0.48018777803288004, 0.468321487888965, 0.468321487888965, 0.53044849990648, 0.4857251241472788, 0.468321487888965, 0.48018777803288004, 0.48018777803288004, 0.48018777803288004], "f1": [0.0, 0.0, 0.45333333333333337, 0.45333333333333337, 0.0, 0.0, 0.45333333333333337, 0.0, 0.0, 0.0], "auprc": [0.4687395669468153, 0.4687395669468153, 0.45013644918548157, 0.45013644918548157, 0.5220474489549682, 0.4739810874719914, 0.45013644918548157, 0.4687395669468153, 0.4687395669468153, 0.4687395669468153]}]}