{"enet": [{"auroc": [0.5714285714285714, 0.5714285714285714, 0.5714285714285714, 0.5, 0.5357142857142857, 0.5714285714285714, 0.42857142857142855, 0.5714285714285714, 0.5714285714285714, 0.5], "acc": [0.6666666666666666, 0.6666666666666666, 0.6666666666666666, 0.5333333333333333, 0.6, 0.6666666666666666, 0.4666666666666667, 0.6666666666666666, 0.6666666666666666, 0.5333333333333333], "aps": [0.5328231292517006, 0.5328231292517006, 0.5328231292517006, 0.48801198801198803, 0.5499167499167499, 0.5328231292517006, 0.4447013304156161, 0.5328231292517006, 0.5328231292517006, 0.48801198801198803], "f1": [0.6666666666666666, 0.6666666666666666, 0.6666666666666666, 0.5333333333333333, 0.5714285714285714, 0.6666666666666666, 0.5, 0.6666666666666666, 0.6666666666666666, 0.5333333333333333], "auprc": [0.464625850340136, 0.464625850340136, 0.464625850340136, 0.621020646020646, 0.6210468103325246, 0.464625850340136, 0.5523676720105292, 0.464625850340136, 0.464625850340136, 0.621020646020646]}]}