{"auroc": [0.5562653562653563, 0.46830466830466827, 0.5990171990171991, 0.4648648648648649, 0.4864864864864865, 0.46437346437346444, 0.5164619164619165, 0.5434889434889435, 0.5213759213759214, 0.5130221130221131], "acc": [0.40217391304347827, 0.41304347826086957, 0.40217391304347827, 0.40217391304347827, 0.5978260869565217, 0.40217391304347827, 0.40217391304347827, 0.40217391304347827, 0.5217391304347826, 0.40217391304347827], "aps": [0.44166044569579793, 0.3833001386224015, 0.4847542668608636, 0.3964153464353294, 0.4356997456279643, 0.3786647259307852, 0.44579292231848877, 0.4276806232813538, 0.4204209428491138, 0.41796697766736146], "f1": [0.5736434108527132, 0.578125, 0.5736434108527132, 0.5736434108527132, 0.0, 0.5736434108527132, 0.5736434108527132, 0.5736434108527132, 0.4634146341463415, 0.5736434108527132], "auprc": [0.42659936493811235, 0.3692365380584127, 0.4731744760376201, 0.37830579454781643, 0.4240906982706029, 0.3633710722189378, 0.4298887540006039, 0.40955957166736484, 0.40233362935680067, 0.400036193487872]}