{"enet": [{"auroc": [0.5503685503685504, 0.5, 0.5582309582309581, 0.5582309582309581, 0.5, 0.5, 0.5110565110565111, 0.430958230958231, 0.5582309582309581, 0.5110565110565111], "acc": [0.5978260869565217, 0.5978260869565217, 0.5978260869565217, 0.5978260869565217, 0.5978260869565217, 0.5978260869565217, 0.5978260869565217, 0.5978260869565217, 0.5978260869565217, 0.5978260869565217], "aps": [0.4098023119159851, 0.40217391304347827, 0.4120624212860646, 0.4120624212860646, 0.40217391304347827, 0.40217391304347827, 0.39403892586733413, 0.3642582081923582, 0.4120624212860646, 0.39403892586733413], "f1": [0.0, 0.0, 0.0, 0.0, 0.0, 0.0, 0.0, 0.0, 0.0, 0.0], "auprc": [0.3965248743898796, 0.7010869565217391, 0.3984880972738776, 0.3984880972738776, 0.7010869565217391, 0.7010869565217391, 0.37935665195581453, 0.35035767051115796, 0.3984880972738776, 0.37935665195581453]}]}