{"auroc": [0.5203931203931204, 0.5739557739557741, 0.5538083538083538, 0.539066339066339, 0.4968058968058969, 0.5282555282555284, 0.46879606879606883, 0.5228501228501229, 0.5513513513513515, 0.5066339066339067], "acc": [0.40217391304347827, 0.40217391304347827, 0.40217391304347827, 0.40217391304347827, 0.5978260869565217, 0.40217391304347827, 0.5978260869565217, 0.40217391304347827, 0.40217391304347827, 0.40217391304347827], "aps": [0.4236564903257473, 0.43920567459992943, 0.4158800862190767, 0.41097526134886897, 0.40226541585273135, 0.4093946093672155, 0.3951952140515201, 0.41170537338182955, 0.42741654919882266, 0.40683288175713483], "f1": [0.5736434108527132, 0.5736434108527132, 0.5736434108527132, 0.5736434108527132, 0.0, 0.5736434108527132, 0.0975609756097561, 0.5736434108527132, 0.5736434108527132, 0.5736434108527132], "auprc": [0.4132654148330737, 0.4217980483166061, 0.4038277489527402, 0.397048580150832, 0.38511830520891704, 0.39431518308174934, 0.37728966211251386, 0.39647466068261694, 0.4141961228023261, 0.39009219734186995]}