{"enet": [{"auroc": [0.5616707616707617, 0.5616707616707617, 0.5793611793611794, 0.5941031941031941, 0.4938574938574939, 0.4938574938574939, 0.5847665847665847, 0.603931203931204, 0.5616707616707617, 0.5616707616707617], "acc": [0.5978260869565217, 0.5978260869565217, 0.5978260869565217, 0.5978260869565217, 0.5978260869565217, 0.5978260869565217, 0.5978260869565217, 0.5978260869565217, 0.5978260869565217, 0.5978260869565217], "aps": [0.45426277764801004, 0.45426277764801004, 0.5049738079627288, 0.5191875076467343, 0.4108323691083311, 0.4108323691083311, 0.5117300824394844, 0.4558490988444515, 0.45426277764801004, 0.45426277764801004], "f1": [0.0, 0.0, 0.0, 0.0, 0.0, 0.0, 0.0, 0.0, 0.0, 0.0], "auprc": [0.43568044047992, 0.43568044047992, 0.49534377721096085, 0.5078289262086919, 0.3948265577591988, 0.3948265577591988, 0.5000262658139298, 0.44003785967306847, 0.43568044047992, 0.43568044047992]}]}