{"auroc": [0.5405405405405405, 0.5449631449631449, 0.5076167076167076, 0.5105651105651106, 0.5356265356265357, 0.5724815724815725, 0.51007371007371, 0.5356265356265356, 0.5503685503685504, 0.5985257985257986], "acc": [0.5978260869565217, 0.40217391304347827, 0.5978260869565217, 0.5978260869565217, 0.5978260869565217, 0.40217391304347827, 0.5434782608695652, 0.6086956521739131, 0.5760869565217391, 0.40217391304347827], "aps": [0.43761330154601447, 0.41927775896441805, 0.4091262456262232, 0.4059304923815477, 0.44957167334638537, 0.4476484773325666, 0.423084047597436, 0.42901326484924435, 0.4372720265565711, 0.4586118832778986], "f1": [0.0, 0.5736434108527132, 0.0, 0.0, 0.0, 0.5736434108527132, 0.36363636363636365, 0.052631578947368425, 0.04878048780487805, 0.5736434108527132], "auprc": [0.4269237862629771, 0.40463728176582975, 0.39926738126516265, 0.39613922926826706, 0.43828574641121765, 0.43740259649303503, 0.41247094056502437, 0.41842455726982336, 0.4268047541518045, 0.44844010180328614]}