{"enet": [{"auroc": [0.4776412776412777, 0.47469287469287474, 0.4732186732186732, 0.4732186732186732, 0.521867321867322, 0.47469287469287474, 0.5071253071253072, 0.5203931203931204, 0.4732186732186732, 0.49828009828009834], "acc": [0.5978260869565217, 0.5978260869565217, 0.5978260869565217, 0.5978260869565217, 0.5978260869565217, 0.5978260869565217, 0.5978260869565217, 0.5978260869565217, 0.5978260869565217, 0.5978260869565217], "aps": [0.40960511283298445, 0.3981165947687624, 0.41317175436525694, 0.41317175436525694, 0.4131529824597441, 0.3981165947687624, 0.4040514845963432, 0.47370629934004777, 0.41317175436525694, 0.39125320230845484], "f1": [0.0, 0.0, 0.0, 0.0, 0.0, 0.0, 0.0, 0.0, 0.0, 0.0], "auprc": [0.3983266764073408, 0.38016956898261983, 0.4020248220855151, 0.4020248220855151, 0.39537589974650883, 0.38016956898261983, 0.3881079317720496, 0.46184399071609933, 0.4020248220855151, 0.37780949983958134]}]}