{"auroc": [0.5213759213759214, 0.5700245700245701, 0.49090909090909096, 0.5710073710073711, 0.5341523341523342, 0.47125307125307125, 0.5375921375921376, 0.5705159705159706, 0.5056511056511056, 0.5837837837837838], "acc": [0.40217391304347827, 0.40217391304347827, 0.5978260869565217, 0.40217391304347827, 0.40217391304347827, 0.40217391304347827, 0.40217391304347827, 0.40217391304347827, 0.5978260869565217, 0.40217391304347827], "aps": [0.41413040718132554, 0.4405610696949265, 0.38742969669040467, 0.43369442489501875, 0.41847319834845353, 0.3926686468303016, 0.4103133341710018, 0.43907398247385343, 0.41578958042598985, 0.4425191674699831], "f1": [0.5736434108527132, 0.5736434108527132, 0.0, 0.5736434108527132, 0.5736434108527132, 0.5736434108527132, 0.5736434108527132, 0.5736434108527132, 0.0, 0.5736434108527132], "auprc": [0.40406738972757716, 0.4230617039207281, 0.3738871425030764, 0.4158266904108806, 0.40101916158891776, 0.3824067698229353, 0.3953946877171538, 0.42153259355062966, 0.40478547714474455, 0.4271790293331128]}