{"auroc": [0.5357142857142857, 0.375, 0.4464285714285714, 0.4821428571428571, 0.4821428571428571, 0.4464285714285714, 0.4107142857142857, 0.46428571428571425, 0.48214285714285715, 0.39285714285714285], "acc": [0.6666666666666666, 0.5333333333333333, 0.4666666666666667, 0.3333333333333333, 0.5333333333333333, 0.5333333333333333, 0.3333333333333333, 0.6, 0.4, 0.4666666666666667], "aps": [0.6326007326007326, 0.4774582560296846, 0.4874149659863945, 0.526138147566719, 0.4989486703772418, 0.4962061747776033, 0.48806431663574523, 0.5382783882783883, 0.5348373848373849, 0.4460927960927961], "f1": [0.5454545454545454, 0.4615384615384615, 0.5, 0.4444444444444444, 0.5333333333333333, 0.5333333333333333, 0.375, 0.5, 0.39999999999999997, 0.5], "auprc": [0.6002675895533037, 0.4085022120736406, 0.43014723371866226, 0.4565601065601065, 0.42922077922077917, 0.426942105513534, 0.4187835973550259, 0.47008110936682357, 0.4664833182690325, 0.3885612403469546]}