{"auroc": [0.5371007371007371, 0.48402948402948404, 0.4953316953316954, 0.4923832923832924, 0.49041769041769046, 0.48132678132678136, 0.5292383292383294, 0.5260442260442261, 0.5292383292383293, 0.521867321867322], "acc": [0.5978260869565217, 0.40217391304347827, 0.5869565217391305, 0.40217391304347827, 0.5978260869565217, 0.532608695652174, 0.40217391304347827, 0.40217391304347827, 0.40217391304347827, 0.5869565217391305], "aps": [0.4348904462820189, 0.38917732587856535, 0.4247860735253165, 0.41152006344124176, 0.4350985322213727, 0.43807498139423817, 0.4140056249609442, 0.4068803910470595, 0.4245859681969677, 0.4303931609463737], "f1": [0.0, 0.5736434108527132, 0.0, 0.5736434108527132, 0.0975609756097561, 0.27118644067796616, 0.5736434108527132, 0.5736434108527132, 0.5736434108527132, 0.0], "auprc": [0.41876093530639474, 0.3760699697840266, 0.4064869438404266, 0.40082726542331687, 0.42602621723340217, 0.42875419536764525, 0.4007620853198646, 0.39003871779243016, 0.40846639394094514, 0.41194426419307123]}