{"enet": [{"auroc": [0.548894348894349, 0.548894348894349, 0.548894348894349, 0.548894348894349, 0.4894348894348895, 0.548894348894349, 0.548894348894349, 0.4894348894348895, 0.548894348894349, 0.548894348894349], "acc": [0.5869565217391305, 0.5869565217391305, 0.5869565217391305, 0.5869565217391305, 0.5652173913043478, 0.5869565217391305, 0.5869565217391305, 0.5652173913043478, 0.5869565217391305, 0.5869565217391305], "aps": [0.48010994744023283, 0.48010994744023283, 0.48010994744023283, 0.48010994744023283, 0.40655632765508576, 0.48010994744023283, 0.48010994744023283, 0.40655632765508576, 0.48010994744023283, 0.48010994744023283], "f1": [0.29629629629629634, 0.29629629629629634, 0.29629629629629634, 0.29629629629629634, 0.23076923076923078, 0.29629629629629634, 0.29629629629629634, 0.23076923076923078, 0.29629629629629634, 0.29629629629629634], "auprc": [0.47041730970021767, 0.47041730970021767, 0.47041730970021767, 0.47041730970021767, 0.39046716182605123, 0.47041730970021767, 0.47041730970021767, 0.39046716182605123, 0.47041730970021767, 0.47041730970021767]}]}