{"auroc": [0.5262899262899263, 0.518918918918919, 0.5081081081081081, 0.542014742014742, 0.5528255528255529, 0.5051597051597052, 0.45601965601965605, 0.5159705159705159, 0.4938574938574939, 0.46142506142506146], "acc": [0.40217391304347827, 0.40217391304347827, 0.40217391304347827, 0.40217391304347827, 0.6086956521739131, 0.40217391304347827, 0.40217391304347827, 0.40217391304347827, 0.5978260869565217, 0.40217391304347827], "aps": [0.40508652998933997, 0.4108488376196181, 0.39089642334719926, 0.45165327955073, 0.5001390868605631, 0.42443064596611635, 0.36714019881071513, 0.39965908952666834, 0.41413007208690955, 0.3904035925800867], "f1": [0.5736434108527132, 0.5736434108527132, 0.5736434108527132, 0.5736434108527132, 0.18181818181818182, 0.5736434108527132, 0.5736434108527132, 0.5736434108527132, 0.0975609756097561, 0.5736434108527132], "auprc": [0.3913993529295382, 0.3954117374138674, 0.37795783234720093, 0.44011460193786134, 0.4927991842035522, 0.4060118895996837, 0.3551136285095281, 0.38665203196397535, 0.39594491468355963, 0.3745532852456492]}