{"auroc": [0.5115479115479115, 0.4963144963144963, 0.4746928746928748, 0.4840294840294841, 0.47174447174447176, 0.4977886977886978, 0.5464373464373464, 0.4830466830466831, 0.49975429975429975, 0.4363636363636364], "acc": [0.5978260869565217, 0.5978260869565217, 0.5978260869565217, 0.5978260869565217, 0.5978260869565217, 0.5978260869565217, 0.5978260869565217, 0.5978260869565217, 0.5978260869565217, 0.5978260869565217], "aps": [0.42284707621762063, 0.40503701264528913, 0.4045600183721517, 0.41203549585981103, 0.4088973980399095, 0.4173314109022074, 0.4645649836426147, 0.39272997974180535, 0.40754257013189876, 0.3773784412471852], "f1": [0.0, 0.0, 0.0, 0.0, 0.0, 0.0, 0.0, 0.0, 0.0, 0.0], "auprc": [0.4065207903098337, 0.3877030549673959, 0.38642830113362076, 0.3935759156563933, 0.3978881256240495, 0.39896850121122596, 0.44840368851259355, 0.3773350709752615, 0.3914475313716704, 0.3598511298027796]}