{"auroc": [0.5090909090909091, 0.4678132678132679, 0.5253071253071253, 0.51990171990172, 0.5685503685503686, 0.5567567567567568, 0.5312039312039313, 0.547911547911548, 0.5651105651105651, 0.571990171990172], "acc": [0.5652173913043478, 0.40217391304347827, 0.40217391304347827, 0.40217391304347827, 0.5, 0.40217391304347827, 0.40217391304347827, 0.40217391304347827, 0.40217391304347827, 0.40217391304347827], "aps": [0.4188067593551398, 0.38714153199604995, 0.3994101245287587, 0.4026472607859348, 0.42628108915792595, 0.4200369487551703, 0.4118462478252085, 0.4156040531245983, 0.41622300049616445, 0.43452050745649595], "f1": [0.047619047619047616, 0.5736434108527132, 0.5736434108527132, 0.5736434108527132, 0.6101694915254238, 0.5736434108527132, 0.5736434108527132, 0.5736434108527132, 0.5736434108527132, 0.5736434108527132], "auprc": [0.4013727058380424, 0.3718698705630136, 0.38472427957662986, 0.38558741341851577, 0.4116011375946322, 0.4055179891334902, 0.3946273642983193, 0.4017290450145017, 0.4041361810324814, 0.4199715730335048]}