{"auroc": [0.5535714285714285, 0.5714285714285714, 0.4464285714285714, 0.32142857142857145, 0.4107142857142857, 0.5714285714285714, 0.5357142857142857, 0.4821428571428571, 0.46428571428571425, 0.33928571428571425], "acc": [0.6666666666666666, 0.4666666666666667, 0.4666666666666667, 0.4, 0.5333333333333333, 0.4666666666666667, 0.5333333333333333, 0.5333333333333333, 0.4666666666666667, 0.5333333333333333], "aps": [0.6802197802197802, 0.7077398791684506, 0.46901669758812614, 0.40736961451247167, 0.4636054421768708, 0.5953514739229024, 0.6921245421245421, 0.5015873015873016, 0.5784881784881785, 0.44275684632827483], "f1": [0.5454545454545454, 0.5, 0.5, 0.39999999999999997, 0.4615384615384615, 0.5555555555555556, 0.5333333333333333, 0.22222222222222224, 0.5555555555555556, 0.36363636363636365], "auprc": [0.6597913990771131, 0.6928155178155178, 0.4007932543646829, 0.3526245579817008, 0.4059975738547167, 0.5283795569509855, 0.6773084058798344, 0.43192898371469796, 0.5448563341420484, 0.37427612070469213]}