{"auroc": [0.5316953316953317, 0.5267813267813268, 0.5616707616707617, 0.5592137592137593, 0.5405405405405406, 0.4805896805896806, 0.5007371007371008, 0.5695331695331696, 0.5474201474201476, 0.538083538083538], "acc": [0.5978260869565217, 0.5978260869565217, 0.5978260869565217, 0.5978260869565217, 0.5978260869565217, 0.5978260869565217, 0.5978260869565217, 0.5978260869565217, 0.5978260869565217, 0.5978260869565217], "aps": [0.4383596208572821, 0.44257962667114287, 0.47619192225581175, 0.43114016441534797, 0.4626020640183083, 0.4128600971808877, 0.44825511744507723, 0.44016108434022627, 0.5203234034778601, 0.4425210884230161], "f1": [0.0, 0.0, 0.0, 0.0, 0.0, 0.0, 0.0, 0.0, 0.0, 0.0], "auprc": [0.42703506705984945, 0.43163493956525584, 0.45785000718084345, 0.41360614579032745, 0.4506674279867918, 0.4023200837106445, 0.43648227643176635, 0.42199732668679885, 0.5123752891743791, 0.4316478557113473]}