{"auroc": [0.5626535626535626, 0.5371007371007371, 0.543980343980344, 0.5636363636363637, 0.5557739557739558, 0.5670761670761671, 0.5218673218673219, 0.5085995085995086, 0.5346437346437346, 0.5808353808353809], "acc": [0.40217391304347827, 0.5978260869565217, 0.40217391304347827, 0.40217391304347827, 0.5217391304347826, 0.40217391304347827, 0.5978260869565217, 0.40217391304347827, 0.532608695652174, 0.5978260869565217], "aps": [0.4648734433345568, 0.4347305609465201, 0.4303848686218404, 0.4445836614916552, 0.43557746211472137, 0.42785665164525766, 0.41296365443174693, 0.43385765564376055, 0.4250609680567447, 0.4576503594140978], "f1": [0.5736434108527132, 0.0975609756097561, 0.5736434108527132, 0.5736434108527132, 0.5686274509803922, 0.5736434108527132, 0.0, 0.5736434108527132, 0.24561403508771934, 0.0], "auprc": [0.44973085808517843, 0.41844536385545045, 0.41429140730990754, 0.42818910602350757, 0.4214876765052427, 0.4142409400891828, 0.39904593759290297, 0.41530954655987734, 0.40880863879870977, 0.44373126817000874]}