{"auroc": [0.5535714285714285, 0.5178571428571429, 0.6428571428571428, 0.5178571428571428, 0.42857142857142855, 0.4642857142857142, 0.5178571428571428, 0.5178571428571428, 0.5357142857142857, 0.75], "acc": [0.6666666666666666, 0.5333333333333333, 0.6, 0.4, 0.4, 0.6, 0.6666666666666666, 0.6666666666666666, 0.5333333333333333, 0.6], "aps": [0.6802197802197802, 0.6423600209314495, 0.6929403929403928, 0.635827664399093, 0.5066457352171638, 0.5882783882783882, 0.5755102040816327, 0.6189952904238618, 0.6405372405372405, 0.7412087912087912], "f1": [0.5454545454545454, 0.5333333333333333, 0.7000000000000001, 0.5714285714285714, 0.47058823529411764, 0.5, 0.6153846153846153, 0.5454545454545454, 0.588235294117647, 0.4], "auprc": [0.6597913990771131, 0.6114076399790684, 0.671073371073371, 0.6137537066108495, 0.43725798011512296, 0.5546049188906331, 0.5087186622900909, 0.5863220113220112, 0.6183978719693005, 0.7114774114774114]}