{"enet": [{"auroc": [0.5714987714987716, 0.49287469287469293, 0.5, 0.5714987714987716, 0.5, 0.5714987714987716, 0.5, 0.5, 0.5, 0.5714987714987716], "acc": [0.5543478260869565, 0.5760869565217391, 0.40217391304347827, 0.5543478260869565, 0.40217391304347827, 0.5543478260869565, 0.40217391304347827, 0.40217391304347827, 0.40217391304347827, 0.5543478260869565], "aps": [0.44247342457142513, 0.4111491308342492, 0.40217391304347827, 0.44247342457142513, 0.40217391304347827, 0.44247342457142513, 0.40217391304347827, 0.40217391304347827, 0.40217391304347827, 0.44247342457142513], "f1": [0.19607843137254902, 0.04878048780487805, 0.5736434108527132, 0.19607843137254902, 0.5736434108527132, 0.19607843137254902, 0.5736434108527132, 0.5736434108527132, 0.5736434108527132, 0.19607843137254902], "auprc": [0.42439788630282826, 0.3951959582810281, 0.7010869565217391, 0.42439788630282826, 0.7010869565217391, 0.42439788630282826, 0.7010869565217391, 0.7010869565217391, 0.7010869565217391, 0.42439788630282826]}]}