{"auroc": [0.5105651105651106, 0.5076167076167077, 0.4663390663390664, 0.40786240786240785, 0.44963144963144963, 0.4353808353808354, 0.5582309582309584, 0.5523341523341523, 0.5007371007371008, 0.4751842751842752], "acc": [0.5978260869565217, 0.5978260869565217, 0.5978260869565217, 0.5978260869565217, 0.5978260869565217, 0.5978260869565217, 0.5978260869565217, 0.5978260869565217, 0.5978260869565217, 0.5978260869565217], "aps": [0.43388424558764654, 0.4483139276903249, 0.3925319606777766, 0.3638984817759157, 0.4272303807152927, 0.3875491201720217, 0.4635610007106197, 0.44622810858290496, 0.41714682251434565, 0.458928265593856], "f1": [0.0, 0.0, 0.0, 0.0, 0.0, 0.0, 0.0, 0.0, 0.0, 0.0], "auprc": [0.422392369635232, 0.4370020258747295, 0.37499986766107984, 0.35443179124139407, 0.4156648324099668, 0.36931515023874056, 0.4451015451894495, 0.42868797690555865, 0.40620704529980645, 0.4496434497399149]}