{"enet": [{"auroc": [0.5331695331695332, 0.5700245700245701, 0.5331695331695332, 0.5, 0.5331695331695332, 0.5, 0.5331695331695332, 0.5331695331695332, 0.5331695331695332, 0.5331695331695332], "acc": [0.5978260869565217, 0.5978260869565217, 0.5978260869565217, 0.5978260869565217, 0.5978260869565217, 0.5978260869565217, 0.5978260869565217, 0.5978260869565217, 0.5978260869565217, 0.5978260869565217], "aps": [0.4394164409386238, 0.5395212831682981, 0.4394164409386238, 0.40217391304347827, 0.4394164409386238, 0.40217391304347827, 0.4394164409386238, 0.4394164409386238, 0.4394164409386238, 0.4394164409386238], "f1": [0.0, 0.0, 0.0, 0.0, 0.0, 0.0, 0.0, 0.0, 0.0, 0.0], "auprc": [0.42815629846571995, 0.5324580638360257, 0.42815629846571995, 0.7010869565217391, 0.42815629846571995, 0.7010869565217391, 0.42815629846571995, 0.42815629846571995, 0.42815629846571995, 0.42815629846571995]}]}