{"auroc": [0.4464285714285714, 0.37499999999999994, 0.5714285714285714, 0.2857142857142857, 0.6964285714285714, 0.6607142857142857, 0.4107142857142857, 0.39285714285714285, 0.35714285714285715, 0.6428571428571428], "acc": [0.3333333333333333, 0.5333333333333333, 0.4666666666666667, 0.3333333333333333, 0.6, 0.6, 0.4, 0.4666666666666667, 0.3333333333333333, 0.6], "aps": [0.45317460317460323, 0.443825222396651, 0.6446410732125016, 0.38571864643293213, 0.7922077922077921, 0.6702380952380951, 0.5206650492364778, 0.4327664399092971, 0.5035405071119357, 0.6722222222222223], "f1": [0.0, 0.5333333333333333, 0.3333333333333333, 0.4444444444444444, 0.5714285714285714, 0.25, 0.18181818181818182, 0.42857142857142855, 0.2857142857142857, 0.25], "auprc": [0.40242218099360955, 0.37696826982541265, 0.6227740513454799, 0.33830613830613826, 0.7822455322455322, 0.6369047619047619, 0.4894141572713001, 0.3824611896040468, 0.4719298558584273, 0.6397392290249433]}