{"enet": [{"auroc": [0.46977886977886985, 0.5213759213759215, 0.47027027027027035, 0.5213759213759215, 0.4673218673218673, 0.5203931203931205, 0.5115479115479116, 0.5203931203931205, 0.5203931203931205, 0.5203931203931205], "acc": [0.5978260869565217, 0.5978260869565217, 0.5978260869565217, 0.5978260869565217, 0.5978260869565217, 0.5978260869565217, 0.5978260869565217, 0.4673913043478261, 0.4673913043478261, 0.4673913043478261], "aps": [0.4119495918420955, 0.4110404731863426, 0.4073851350377504, 0.4110404731863426, 0.3978830170874767, 0.4334755946144738, 0.43919380007319647, 0.4344206233067497, 0.4344206233067497, 0.4344206233067497], "f1": [0.0, 0.0, 0.0, 0.0, 0.0, 0.0, 0.0, 0.5420560747663551, 0.5420560747663551, 0.5420560747663551], "auprc": [0.40089275130900265, 0.3955746441494862, 0.3968923206389717, 0.3955746441494862, 0.3874082246176885, 0.4149294410248772, 0.4205175068372107, 0.4316775926290571, 0.4316775926290571, 0.4316775926290571]}]}