{"auroc": [0.5002457002457003, 0.4992628992628993, 0.4874692874692875, 0.5071253071253072, 0.5169533169533169, 0.4815724815724816, 0.45454545454545453, 0.4805896805896806, 0.4914004914004914, 0.48058968058968066], "acc": [0.5978260869565217, 0.5978260869565217, 0.5978260869565217, 0.5978260869565217, 0.5978260869565217, 0.5978260869565217, 0.5978260869565217, 0.5978260869565217, 0.5978260869565217, 0.5978260869565217], "aps": [0.42687813544868036, 0.4199998751913514, 0.39945987161977814, 0.41632323365227647, 0.39875038266902973, 0.38535843410034126, 0.38819597730244426, 0.3971190823793361, 0.4018148354888155, 0.40636633680658746], "f1": [0.0, 0.0, 0.0, 0.0, 0.0, 0.0, 0.0, 0.0, 0.0, 0.0], "auprc": [0.41570589207535796, 0.40872788410508554, 0.38172649347150983, 0.40569835824137285, 0.38497915376625935, 0.37054691298668624, 0.378406538498348, 0.38146608149838596, 0.387315926971519, 0.3955313657132496]}