{"auroc": [0.514987714987715, 0.48796068796068803, 0.544963144963145, 0.5203931203931205, 0.4776412776412777, 0.5120393120393121, 0.5405405405405406, 0.5371007371007371, 0.5027027027027027, 0.5562653562653563], "acc": [0.5978260869565217, 0.5978260869565217, 0.5978260869565217, 0.5978260869565217, 0.5978260869565217, 0.5978260869565217, 0.5978260869565217, 0.5978260869565217, 0.5978260869565217, 0.5978260869565217], "aps": [0.41444064763555366, 0.3808244703814115, 0.4311727600834578, 0.44129344036267226, 0.3912415652502883, 0.4329193104118342, 0.4259808917618157, 0.42118883594227424, 0.4106501906819022, 0.4420904778144311], "f1": [0.0, 0.0, 0.0, 0.0, 0.0, 0.0, 0.0, 0.0, 0.0, 0.0], "auprc": [0.3963505191325889, 0.3671610187763615, 0.4170959399988686, 0.4226806310258662, 0.3780916291521067, 0.41657395741799186, 0.41138099577299336, 0.4072517310392717, 0.3946374978741207, 0.4236752433253483]}