{"auroc": [0.5601965601965603, 0.5292383292383291, 0.47174447174447176, 0.5828009828009828, 0.4943488943488944, 0.5459459459459459, 0.5380835380835381, 0.5154791154791155, 0.5007371007371008, 0.47027027027027024], "acc": [0.5978260869565217, 0.5978260869565217, 0.5978260869565217, 0.45652173913043476, 0.5978260869565217, 0.40217391304347827, 0.40217391304347827, 0.40217391304347827, 0.5869565217391305, 0.40217391304347827], "aps": [0.44190923645131963, 0.4261177806625977, 0.39212317490769316, 0.43712134348126286, 0.4134895771419258, 0.43688023454073616, 0.42391906995205225, 0.4204444789419701, 0.4039186158807189, 0.41157272153008795], "f1": [0.0, 0.0, 0.0, 0.5833333333333334, 0.0, 0.5736434108527132, 0.5736434108527132, 0.5736434108527132, 0.05, 0.5736434108527132], "auprc": [0.4241667435256509, 0.41584756750724733, 0.38234246057403815, 0.41977559492260436, 0.40322753369924713, 0.4266103183117506, 0.4137610067449533, 0.409846736869468, 0.3940607651842402, 0.3930969497441503]}