{"auroc": [0.5375921375921376, 0.47911547911547914, 0.5218673218673219, 0.5253071253071253, 0.45110565110565115, 0.5297297297297298, 0.5159705159705159, 0.5660933660933661, 0.5356265356265357, 0.5641277641277642], "acc": [0.532608695652174, 0.5978260869565217, 0.4673913043478261, 0.40217391304347827, 0.40217391304347827, 0.532608695652174, 0.40217391304347827, 0.40217391304347827, 0.5869565217391305, 0.5978260869565217], "aps": [0.407864641450601, 0.4061902649635537, 0.4206960171896697, 0.4125178763845847, 0.36973292444499517, 0.4217818288804542, 0.41760008664304865, 0.4347970706285529, 0.4122154590656587, 0.4690592607862522], "f1": [0.3582089552238806, 0.0, 0.5585585585585585, 0.5736434108527132, 0.5736434108527132, 0.044444444444444446, 0.5736434108527132, 0.5736434108527132, 0.05, 0.0], "auprc": [0.3945084139431277, 0.39604561222704177, 0.4104387578270573, 0.39551801861523306, 0.3575966679618357, 0.4116188517929161, 0.4074077785573851, 0.4170276311618238, 0.39517710286546776, 0.45037620551218216]}