{"enet": [{"auroc": [0.514987714987715, 0.514987714987715, 0.514987714987715, 0.5120393120393121, 0.514987714987715, 0.514987714987715, 0.514987714987715, 0.514987714987715, 0.514987714987715, 0.514987714987715], "acc": [0.5978260869565217, 0.5978260869565217, 0.5978260869565217, 0.5978260869565217, 0.5978260869565217, 0.5978260869565217, 0.5978260869565217, 0.5978260869565217, 0.5978260869565217, 0.5978260869565217], "aps": [0.40646961029500245, 0.40646961029500245, 0.40646961029500245, 0.44953249855168226, 0.40646961029500245, 0.4351285417458669, 0.40646961029500245, 0.40646961029500245, 0.40646961029500245, 0.40646961029500245], "f1": [0.0, 0.0, 0.0, 0.0, 0.0, 0.0, 0.0, 0.0, 0.0, 0.0], "auprc": [0.39134472681085997, 0.39134472681085997, 0.39134472681085997, 0.4377483627626093, 0.39134472681085997, 0.4164847737966411, 0.39134472681085997, 0.39134472681085997, 0.39134472681085997, 0.39134472681085997]}]}