{"auroc": [0.5046683046683047, 0.5484029484029485, 0.5135135135135135, 0.6501228501228502, 0.4987714987714988, 0.5228501228501228, 0.5577395577395577, 0.5444717444717445, 0.5238329238329239, 0.5601965601965603], "acc": [0.40217391304347827, 0.40217391304347827, 0.40217391304347827, 0.5978260869565217, 0.5869565217391305, 0.40217391304347827, 0.40217391304347827, 0.40217391304347827, 0.40217391304347827, 0.40217391304347827], "aps": [0.40237036692905914, 0.4198589491764783, 0.3986860289250123, 0.5194152650928872, 0.40554346638452543, 0.3968557615051457, 0.42735453177288607, 0.43565355779337545, 0.4123567570644109, 0.4433235443517912], "f1": [0.5736434108527132, 0.5736434108527132, 0.5736434108527132, 0.0, 0.0, 0.5736434108527132, 0.5736434108527132, 0.5736434108527132, 0.5736434108527132, 0.5736434108527132], "auprc": [0.38564634502818734, 0.40487014047021314, 0.38518262045206686, 0.5044229232264316, 0.39073473406995884, 0.38431518453788327, 0.4097422151966541, 0.4250784028123671, 0.39484121081491286, 0.42479432228483033]}