{"auroc": [0.37499999999999994, 0.39285714285714285, 0.23214285714285715, 0.4107142857142857, 0.44642857142857134, 0.33928571428571425, 0.3392857142857143, 0.3214285714285714, 0.41071428571428564, 0.42857142857142855], "acc": [0.4, 0.26666666666666666, 0.26666666666666666, 0.3333333333333333, 0.4666666666666667, 0.4666666666666667, 0.4, 0.3333333333333333, 0.4666666666666667, 0.5333333333333333], "aps": [0.4187855794998652, 0.442595103309389, 0.3774582560296846, 0.5170634920634921, 0.45173160173160176, 0.5064625850340136, 0.4311791383219955, 0.39555167055167056, 0.4335910121624408, 0.595773274344703], "f1": [0.18181818181818182, 0.15384615384615383, 0.26666666666666666, 0.2857142857142857, 0.42857142857142855, 0.6363636363636364, 0.18181818181818182, 0.16666666666666666, 0.6363636363636364, 0.36363636363636365], "auprc": [0.3652446759589617, 0.37714943786372357, 0.3243752279466565, 0.4862657184085755, 0.40097917955060813, 0.4741948527662813, 0.3645293198864627, 0.35055579341293625, 0.3833204493918779, 0.5746848389705532]}