{"auroc": [0.514987714987715, 0.5484029484029485, 0.5646191646191647, 0.5361179361179361, 0.5906633906633907, 0.5253071253071253, 0.5557739557739557, 0.5375921375921376, 0.5656019656019656, 0.514004914004914], "acc": [0.40217391304347827, 0.40217391304347827, 0.40217391304347827, 0.40217391304347827, 0.5978260869565217, 0.391304347826087, 0.40217391304347827, 0.40217391304347827, 0.40217391304347827, 0.40217391304347827], "aps": [0.417393454285518, 0.41185598447661476, 0.4236260803481279, 0.4097097862614971, 0.4714791074446436, 0.3995359599315249, 0.4131340095317162, 0.4129937471743125, 0.420861960542963, 0.41281315856446216], "f1": [0.5736434108527132, 0.5736434108527132, 0.5736434108527132, 0.5736434108527132, 0.0, 0.5625, 0.5736434108527132, 0.5736434108527132, 0.5736434108527132, 0.5736434108527132], "auprc": [0.39977677730262845, 0.3992452388466866, 0.41161551093694576, 0.39713478507804756, 0.46015029014060466, 0.3866912796863481, 0.4004700480887434, 0.39998340580459996, 0.4077946008314993, 0.3973908626505506]}