{"auroc": [0.5346437346437347, 0.539066339066339, 0.5567567567567568, 0.5243243243243244, 0.5484029484029485, 0.539066339066339, 0.5125307125307126, 0.5174447174447174, 0.5164619164619164, 0.5405405405405406], "acc": [0.6086956521739131, 0.40217391304347827, 0.5217391304347826, 0.6086956521739131, 0.5434782608695652, 0.5543478260869565, 0.5978260869565217, 0.5217391304347826, 0.5869565217391305, 0.5978260869565217], "aps": [0.4246356284294135, 0.4319028487690076, 0.4321822166799231, 0.42462774997293146, 0.42982104653441494, 0.42320329762303144, 0.41260403481960223, 0.41057436628399496, 0.4012430037949491, 0.42542450138536186], "f1": [0.052631578947368425, 0.5736434108527132, 0.2903225806451613, 0.052631578947368425, 0.045454545454545456, 0.2807017543859649, 0.0, 0.08333333333333334, 0.0, 0.0], "auprc": [0.4144084665976981, 0.42163548421479596, 0.42227797102104947, 0.4138732994816699, 0.4196387409709655, 0.41334224940187586, 0.4021527046459184, 0.40074376708254955, 0.38412160830284975, 0.4152131928048453]}