{"auroc": [0.5331695331695332, 0.509090909090909, 0.5031941031941032, 0.5302211302211303, 0.5194103194103195, 0.5557739557739558, 0.5601965601965602, 0.5036855036855037, 0.5567567567567568, 0.4683046683046683], "acc": [0.5978260869565217, 0.40217391304347827, 0.40217391304347827, 0.40217391304347827, 0.40217391304347827, 0.40217391304347827, 0.41304347826086957, 0.40217391304347827, 0.41304347826086957, 0.40217391304347827], "aps": [0.4644110170561021, 0.4107667734048212, 0.39013165831922225, 0.4311938009428594, 0.4092968333983785, 0.42165749837401756, 0.4354765775862394, 0.3994764563901808, 0.41337286905149656, 0.39901095736224984], "f1": [0.0, 0.5736434108527132, 0.5736434108527132, 0.5736434108527132, 0.5736434108527132, 0.5736434108527132, 0.578125, 0.5736434108527132, 0.578125, 0.5736434108527132], "auprc": [0.4548290867544647, 0.4007934603417678, 0.3736440214422518, 0.4130004871829939, 0.39229911951500446, 0.4048946830008328, 0.4178847276354207, 0.3821197334614261, 0.3991578789007013, 0.3886632257888355]}