{"enet": [{"auroc": [0.4398034398034399, 0.399017199017199, 0.48304668304668313, 0.4398034398034399, 0.4412776412776413, 0.4398034398034399, 0.43734643734643736, 0.4412776412776413, 0.4412776412776413, 0.4412776412776413], "acc": [0.4891304347826087, 0.5978260869565217, 0.5978260869565217, 0.4891304347826087, 0.5978260869565217, 0.4891304347826087, 0.5978260869565217, 0.5978260869565217, 0.5978260869565217, 0.5978260869565217], "aps": [0.3892708781305908, 0.34044198238354273, 0.39854555603351993, 0.3892708781305908, 0.3797426514885792, 0.3892708781305908, 0.3939164149749115, 0.3797426514885792, 0.3797426514885792, 0.3797426514885792], "f1": [0.3896103896103896, 0.0, 0.0, 0.3896103896103896, 0.0, 0.3896103896103896, 0.0, 0.0, 0.0, 0.0], "auprc": [0.3711833340850524, 0.3286547622860451, 0.38259875219260014, 0.3711833340850524, 0.36224181627143787, 0.3711833340850524, 0.382963463924178, 0.36224181627143787, 0.36224181627143787, 0.36224181627143787]}]}