{"auroc": [0.49778869778869783, 0.5115479115479116, 0.5469287469287469, 0.4963144963144964, 0.5326781326781327, 0.5503685503685504, 0.5557739557739558, 0.5051597051597052, 0.5233415233415234, 0.5154791154791155], "acc": [0.5978260869565217, 0.5978260869565217, 0.40217391304347827, 0.40217391304347827, 0.40217391304347827, 0.40217391304347827, 0.40217391304347827, 0.40217391304347827, 0.5978260869565217, 0.40217391304347827], "aps": [0.4612269338518529, 0.4358283032666039, 0.42094322036485354, 0.40404504137707, 0.4243957951791426, 0.42434254944597016, 0.4302225792220812, 0.4018843669152199, 0.4410911171399574, 0.42601580846610204], "f1": [0.0, 0.05128205128205129, 0.5736434108527132, 0.5736434108527132, 0.5736434108527132, 0.5736434108527132, 0.5736434108527132, 0.5736434108527132, 0.0, 0.5736434108527132], "auprc": [0.4532469323240929, 0.424370125427922, 0.4069944793614923, 0.3941059588971777, 0.40949749143714187, 0.40710602605288543, 0.4123752962552719, 0.3867013991737976, 0.42278584767651073, 0.41480355871333313]}