{"enet": [{"auroc": [0.5425061425061426, 0.5425061425061426, 0.49434889434889434, 0.5316953316953317, 0.5, 0.5, 0.5, 0.5425061425061426, 0.5228501228501229, 0.5228501228501229], "acc": [0.5978260869565217, 0.5978260869565217, 0.5978260869565217, 0.40217391304347827, 0.40217391304347827, 0.40217391304347827, 0.40217391304347827, 0.5978260869565217, 0.41304347826086957, 0.41304347826086957], "aps": [0.4401908094207072, 0.4401908094207072, 0.40049632401571844, 0.4177599675084095, 0.40217391304347827, 0.40217391304347827, 0.40217391304347827, 0.4401908094207072, 0.47039306342976767, 0.47039306342976767], "f1": [0.0, 0.0, 0.0, 0.5736434108527132, 0.5736434108527132, 0.5736434108527132, 0.5736434108527132, 0.0, 0.578125, 0.578125], "auprc": [0.42181257093215174, 0.42181257093215174, 0.38580572269708413, 0.40187073246526334, 0.7010869565217391, 0.7010869565217391, 0.7010869565217391, 0.42181257093215174, 0.45856920403730095, 0.45856920403730095]}]}