{"enet": [{"auroc": [0.486977886977887, 0.486977886977887, 0.486977886977887, 0.5253071253071253, 0.5267813267813268, 0.4678132678132679, 0.46093366093366095, 0.5267813267813268, 0.44275184275184276, 0.5125307125307125], "acc": [0.5978260869565217, 0.5978260869565217, 0.5978260869565217, 0.5978260869565217, 0.5978260869565217, 0.5978260869565217, 0.5978260869565217, 0.5978260869565217, 0.5978260869565217, 0.5978260869565217], "aps": [0.4262714978273947, 0.4262714978273947, 0.4262714978273947, 0.4286399102303946, 0.4346991085919537, 0.41389619377327863, 0.4074877779967329, 0.4346991085919537, 0.40862876275187776, 0.44059796099277726], "f1": [0.0, 0.0, 0.0, 0.0, 0.0, 0.0, 0.0, 0.0, 0.0, 0.0], "auprc": [0.4150669681499751, 0.4150669681499751, 0.4150669681499751, 0.4101212898802579, 0.41828195944999536, 0.4029984830297045, 0.3966735792100205, 0.41828195944999536, 0.3971581981470206, 0.42200627579333155]}]}