{"enet": [{"auroc": [0.4815724815724816, 0.4914004914004914, 0.568058968058968, 0.568058968058968, 0.522850122850123, 0.568058968058968, 0.4815724815724816, 0.4412776412776413, 0.568058968058968, 0.568058968058968], "acc": [0.5978260869565217, 0.5978260869565217, 0.5978260869565217, 0.5978260869565217, 0.5978260869565217, 0.5978260869565217, 0.5978260869565217, 0.5869565217391305, 0.5978260869565217, 0.5978260869565217], "aps": [0.3868997024891443, 0.39026435882602756, 0.43030609925112895, 0.43030609925112895, 0.4126904137166949, 0.43030609925112895, 0.3868997024891443, 0.3758987689686948, 0.43030609925112895, 0.43030609925112895], "f1": [0.0, 0.0, 0.0, 0.0, 0.0, 0.0, 0.0, 0.0, 0.0, 0.0], "auprc": [0.37142440174361085, 0.3759972050711692, 0.41290879715373124, 0.41290879715373124, 0.394956020722123, 0.41290879715373124, 0.37142440174361085, 0.36235272843811317, 0.41290879715373124, 0.41290879715373124]}]}