{"enet": [{"auroc": [0.5892857142857142, 0.5357142857142857, 0.5357142857142857, 0.5892857142857142, 0.5357142857142857, 0.5535714285714286, 0.7232142857142857, 0.5357142857142857, 0.5535714285714286, 0.6428571428571428], "acc": [0.5333333333333333, 0.5333333333333333, 0.5333333333333333, 0.5333333333333333, 0.5333333333333333, 0.6, 0.6666666666666666, 0.5333333333333333, 0.6, 0.5333333333333333], "aps": [0.576221397649969, 0.5594714809000524, 0.5594714809000524, 0.576221397649969, 0.5594714809000524, 0.5158428872714587, 0.6996598639455782, 0.5594714809000524, 0.5158428872714587, 0.5995730460016173], "f1": [0.5333333333333333, 0.588235294117647, 0.588235294117647, 0.5333333333333333, 0.588235294117647, 0.7000000000000001, 0.6153846153846153, 0.588235294117647, 0.7000000000000001, 0.588235294117647], "auprc": [0.507585668299954, 0.4909035409035408, 0.4909035409035408, 0.507585668299954, 0.4909035409035408, 0.44720715792144355, 0.7405612244897959, 0.4909035409035408, 0.44720715792144355, 0.5310790400076114]}]}