{"auroc": [0.5130221130221131, 0.5351351351351351, 0.5027027027027027, 0.4638820638820639, 0.5282555282555282, 0.5041769041769042, 0.518918918918919, 0.5459459459459459, 0.5130221130221131, 0.6078624078624079], "acc": [0.391304347826087, 0.40217391304347827, 0.5978260869565217, 0.5978260869565217, 0.40217391304347827, 0.40217391304347827, 0.40217391304347827, 0.5978260869565217, 0.40217391304347827, 0.40217391304347827], "aps": [0.4075123893652075, 0.4272756422597765, 0.3913606631218617, 0.3768562642133034, 0.39866872745063175, 0.4109009982348361, 0.3976169846336495, 0.41783565266547035, 0.41444059728417193, 0.4722687378873318], "f1": [0.5555555555555556, 0.5736434108527132, 0.0, 0.0, 0.5736434108527132, 0.5736434108527132, 0.5736434108527132, 0.0, 0.5736434108527132, 0.5736434108527132], "auprc": [0.390454895622341, 0.4168090275878071, 0.37781137843858736, 0.3603954326647058, 0.38657797401750427, 0.40103442091734787, 0.384032375349459, 0.4021161808525464, 0.3968974182540727, 0.4540349817488026]}