{"auroc": [0.5508599508599509, 0.4181818181818182, 0.43734643734643736, 0.46535626535626534, 0.46044226044226044, 0.5808353808353809, 0.4963144963144963, 0.5169533169533169, 0.47911547911547914, 0.4914004914004914], "acc": [0.5978260869565217, 0.5978260869565217, 0.5978260869565217, 0.5978260869565217, 0.5978260869565217, 0.5978260869565217, 0.5978260869565217, 0.5978260869565217, 0.5978260869565217, 0.5978260869565217], "aps": [0.49134401791123805, 0.366047936847103, 0.3879861634677115, 0.40092851620601866, 0.4080136377319747, 0.49179505875423174, 0.4083570714328687, 0.4314603347541059, 0.40329701791734623, 0.3971836353546081], "f1": [0.0, 0.0, 0.0, 0.0, 0.0, 0.0, 0.0, 0.0, 0.0, 0.0], "auprc": [0.48190332180360296, 0.3487028580840332, 0.37753366165360014, 0.3826504729495836, 0.39684568032445117, 0.47574327010886336, 0.3902250391527638, 0.42058124472557223, 0.39299923548699095, 0.3797055121928809]}