{"auroc": [0.5656019656019656, 0.5567567567567568, 0.5331695331695332, 0.44127764127764135, 0.5218673218673219, 0.5125307125307126, 0.5572481572481573, 0.48894348894348894, 0.4771498771498771, 0.4520884520884521], "acc": [0.5978260869565217, 0.5760869565217391, 0.40217391304347827, 0.40217391304347827, 0.391304347826087, 0.40217391304347827, 0.5978260869565217, 0.5434782608695652, 0.5978260869565217, 0.40217391304347827], "aps": [0.4999648747638037, 0.41561470192956596, 0.41843839856450465, 0.38062114544337594, 0.417640064102225, 0.419608595523138, 0.45399452452954286, 0.4129616813370466, 0.4053399844145934, 0.3632406351634587], "f1": [0.3508771929824562, 0.0, 0.5736434108527132, 0.5736434108527132, 0.5625, 0.5736434108527132, 0.0, 0.36363636363636365, 0.0, 0.5736434108527132], "auprc": [0.48851296187314275, 0.4008735875602469, 0.40391921654617075, 0.3660381528001038, 0.40211221051453033, 0.40126548500099346, 0.4388435930456479, 0.39484580694209676, 0.38930747323807247, 0.35048829988288643]}