{"enet": [{"auroc": [0.5302211302211303, 0.5302211302211303, 0.48943488943488944, 0.5660933660933661, 0.5572481572481572, 0.5813267813267813, 0.5, 0.5302211302211303, 0.5, 0.5090909090909091], "acc": [0.5978260869565217, 0.5978260869565217, 0.5978260869565217, 0.5978260869565217, 0.5978260869565217, 0.5978260869565217, 0.40217391304347827, 0.5978260869565217, 0.40217391304347827, 0.5978260869565217], "aps": [0.40606675928981356, 0.40606675928981356, 0.39724817396671025, 0.43979365160734607, 0.4273799898501939, 0.4296479837213611, 0.40217391304347827, 0.40606675928981356, 0.40217391304347827, 0.39729684481415817], "f1": [0.0, 0.0, 0.0, 0.0, 0.0, 0.0, 0.5736434108527132, 0.0, 0.5736434108527132, 0.0], "auprc": [0.3935790516518686, 0.3935790516518686, 0.382808252562026, 0.42620039858906644, 0.4132367886293933, 0.4170957480927286, 0.7010869565217391, 0.3935790516518686, 0.7010869565217391, 0.38478668357150553]}]}