{"auroc": [0.4122850122850123, 0.43292383292383296, 0.5464373464373464, 0.5292383292383291, 0.47321867321867317, 0.5203931203931205, 0.48501228501228505, 0.49090909090909096, 0.5213759213759215, 0.4997542997542997], "acc": [0.5978260869565217, 0.5978260869565217, 0.5978260869565217, 0.5978260869565217, 0.5978260869565217, 0.5978260869565217, 0.40217391304347827, 0.5978260869565217, 0.5978260869565217, 0.5978260869565217], "aps": [0.35513293266797863, 0.34606628318913557, 0.47626424813533974, 0.41722883729586424, 0.3851958719020417, 0.4285163753892116, 0.38737591126340454, 0.42002799993567835, 0.42210271787761156, 0.4262043278947389], "f1": [0.0, 0.0, 0.0, 0.0, 0.0, 0.0, 0.5736434108527132, 0.0, 0.0, 0.0], "auprc": [0.3414141819558235, 0.3357148148250042, 0.46660850164750906, 0.3993371501928534, 0.37091499975878295, 0.40995033658054897, 0.37496049892564165, 0.40847601990370713, 0.4036647115438803, 0.41477061766196094]}