{"enet": [{"auroc": [0.5670761670761671, 0.5, 0.5670761670761671, 0.5, 0.5670761670761671, 0.5, 0.5081081081081081, 0.5, 0.5670761670761671, 0.5670761670761671], "acc": [0.5978260869565217, 0.5978260869565217, 0.5978260869565217, 0.5978260869565217, 0.5978260869565217, 0.5978260869565217, 0.5978260869565217, 0.5978260869565217, 0.5978260869565217, 0.5978260869565217], "aps": [0.4316265506329488, 0.40217391304347827, 0.4316265506329488, 0.40217391304347827, 0.4316265506329488, 0.40217391304347827, 0.41391748146274904, 0.40217391304347827, 0.4316265506329488, 0.4316265506329488], "f1": [0.0, 0.0, 0.0, 0.0, 0.0, 0.0, 0.0, 0.0, 0.0, 0.0], "auprc": [0.4143895610192181, 0.7010869565217391, 0.4143895610192181, 0.7010869565217391, 0.4143895610192181, 0.7010869565217391, 0.3979121376599149, 0.7010869565217391, 0.4143895610192181, 0.4143895610192181]}]}