{"enet": [{"auroc": [0.5302211302211303, 0.5302211302211303, 0.5302211302211303, 0.5331695331695331, 0.5390663390663392, 0.4771498771498772, 0.5302211302211303, 0.5302211302211303, 0.5302211302211303, 0.5331695331695331], "acc": [0.5978260869565217, 0.5978260869565217, 0.5978260869565217, 0.5978260869565217, 0.5978260869565217, 0.5978260869565217, 0.5978260869565217, 0.5978260869565217, 0.5978260869565217, 0.5978260869565217], "aps": [0.4345289881268655, 0.4345289881268655, 0.4345289881268655, 0.41369395802527065, 0.4126379612316956, 0.40470035252643943, 0.4345289881268655, 0.4345289881268655, 0.4345289881268655, 0.41369395802527065], "f1": [0.0, 0.0, 0.0, 0.0, 0.0, 0.0, 0.0, 0.0, 0.0, 0.0], "auprc": [0.42346889393359893, 0.42346889393359893, 0.42346889393359893, 0.3962037303916073, 0.397743527552672, 0.3476955216085651, 0.42346889393359893, 0.42346889393359893, 0.42346889393359893, 0.3962037303916073]}]}