{"auroc": [0.5395577395577397, 0.44324324324324327, 0.5469287469287469, 0.5400491400491401, 0.5218673218673219, 0.5233415233415234, 0.4574938574938575, 0.569041769041769, 0.5346437346437346, 0.5385749385749387], "acc": [0.40217391304347827, 0.40217391304347827, 0.40217391304347827, 0.40217391304347827, 0.5978260869565217, 0.40217391304347827, 0.40217391304347827, 0.40217391304347827, 0.40217391304347827, 0.40217391304347827], "aps": [0.42449969242268687, 0.38320503157774377, 0.41903646284924156, 0.41368769952628526, 0.4414821517230237, 0.39628921711475723, 0.3885184599245065, 0.45409293465051936, 0.4197287364269745, 0.4286699008177445], "f1": [0.5736434108527132, 0.5736434108527132, 0.5736434108527132, 0.5736434108527132, 0.0975609756097561, 0.5736434108527132, 0.5736434108527132, 0.5736434108527132, 0.5736434108527132, 0.5736434108527132], "auprc": [0.4085748242493556, 0.3674835948120128, 0.4036274757725908, 0.39657464698556905, 0.429762156294942, 0.38340557991131213, 0.37298390100395745, 0.4356422655696321, 0.40201420282919115, 0.41033302921808906]}