{"auroc": [0.5159705159705159, 0.5557739557739558, 0.491891891891892, 0.49975429975429975, 0.5542997542997544, 0.5331695331695332, 0.5130221130221131, 0.5341523341523341, 0.5130221130221131, 0.5120393120393121], "acc": [0.5869565217391305, 0.5978260869565217, 0.40217391304347827, 0.40217391304347827, 0.40217391304347827, 0.40217391304347827, 0.40217391304347827, 0.40217391304347827, 0.40217391304347827, 0.40217391304347827], "aps": [0.4140283036656809, 0.45437840127380497, 0.4249373651833008, 0.4234949432105689, 0.43601864287498643, 0.41411291823589613, 0.3985819542554325, 0.41749953154889835, 0.4007096762141117, 0.40265184487855504], "f1": [0.0, 0.0, 0.5736434108527132, 0.5736434108527132, 0.5736434108527132, 0.5736434108527132, 0.5736434108527132, 0.5736434108527132, 0.5736434108527132, 0.5736434108527132], "auprc": [0.39658033954294986, 0.4430102885031751, 0.4134583786899953, 0.4125118570811957, 0.4199882495929297, 0.39701826277593444, 0.38183526686596475, 0.4030639210748182, 0.3856464807725099, 0.3857278004049578]}