{"enet": [{"auroc": [0.46093366093366095, 0.5410319410319411, 0.46093366093366095, 0.46093366093366095, 0.46093366093366095, 0.46093366093366095, 0.46093366093366095, 0.46093366093366095, 0.46093366093366095, 0.5415233415233416], "acc": [0.5978260869565217, 0.5978260869565217, 0.5978260869565217, 0.5978260869565217, 0.5978260869565217, 0.5978260869565217, 0.5978260869565217, 0.5978260869565217, 0.5978260869565217, 0.5978260869565217], "aps": [0.3890370457706601, 0.44030730626983805, 0.3890370457706601, 0.3890370457706601, 0.3890370457706601, 0.3890370457706601, 0.3890370457706601, 0.3890370457706601, 0.3890370457706601, 0.4107312732971708], "f1": [0.0, 0.0, 0.0, 0.0, 0.0, 0.0, 0.0, 0.0, 0.0, 0.0], "auprc": [0.37137141635822807, 0.42386623933310413, 0.37137141635822807, 0.37137141635822807, 0.37137141635822807, 0.37137141635822807, 0.37137141635822807, 0.37137141635822807, 0.37137141635822807, 0.39719689857555074]}]}