{"auroc": [0.5523341523341524, 0.49238329238329237, 0.4339066339066339, 0.4933660933660934, 0.4968058968058969, 0.4948402948402949, 0.48992628992629, 0.49926289926289924, 0.5022113022113023, 0.47714987714987717], "acc": [0.5978260869565217, 0.5978260869565217, 0.40217391304347827, 0.5978260869565217, 0.5978260869565217, 0.5978260869565217, 0.5978260869565217, 0.5978260869565217, 0.5978260869565217, 0.5978260869565217], "aps": [0.4584927532959581, 0.38366812269373707, 0.37611486563378466, 0.4048705266969749, 0.4482371857286156, 0.3992355262674849, 0.42530419124287383, 0.44564757571732483, 0.39595698599113316, 0.426331762517555], "f1": [0.0, 0.0, 0.5736434108527132, 0.0, 0.0, 0.0, 0.0, 0.0, 0.0, 0.0], "auprc": [0.443640656845911, 0.3725767286995407, 0.3616407789728892, 0.3870392431704085, 0.4387189764708953, 0.38392921333947894, 0.4136379708427777, 0.4361880293328858, 0.3807728085936444, 0.41709275613116914]}