{"enet": [{"auroc": [0.4864864864864865, 0.4702702702702703, 0.4702702702702703, 0.4864864864864865, 0.4702702702702703, 0.4525798525798526, 0.51007371007371, 0.4702702702702703, 0.4525798525798526, 0.46339066339066337], "acc": [0.5978260869565217, 0.5978260869565217, 0.5978260869565217, 0.5978260869565217, 0.5978260869565217, 0.5978260869565217, 0.5978260869565217, 0.5978260869565217, 0.5978260869565217, 0.5978260869565217], "aps": [0.4319443927141791, 0.41618203077391064, 0.41618203077391064, 0.4319443927141791, 0.41618203077391064, 0.40201029071066136, 0.44084423106876247, 0.41618203077391064, 0.40201029071066136, 0.41061409790357073], "f1": [0.0, 0.0, 0.0, 0.0, 0.0, 0.0, 0.0, 0.0, 0.0, 0.0], "auprc": [0.42015891805573924, 0.40466702325111686, 0.40466702325111686, 0.42015891805573924, 0.40466702325111686, 0.39085995243241795, 0.42925995834590586, 0.40466702325111686, 0.39085995243241795, 0.39921255182940324]}]}