{"auroc": [0.5764127764127764, 0.5474201474201474, 0.5326781326781327, 0.5425061425061425, 0.5557739557739559, 0.4751842751842752, 0.5130221130221131, 0.4545454545454546, 0.4525798525798526, 0.45454545454545453], "acc": [0.40217391304347827, 0.5978260869565217, 0.391304347826087, 0.40217391304347827, 0.5978260869565217, 0.40217391304347827, 0.40217391304347827, 0.40217391304347827, 0.5108695652173914, 0.40217391304347827], "aps": [0.44249787990932277, 0.4301097682447721, 0.4494734833516211, 0.4508794860762213, 0.45192655302325, 0.39909300165613104, 0.4152877903559459, 0.38278781922562044, 0.3982840140149501, 0.3967331327072347], "f1": [0.5736434108527132, 0.0, 0.5625, 0.5736434108527132, 0.0, 0.5736434108527132, 0.5736434108527132, 0.5736434108527132, 0.34782608695652173, 0.5736434108527132], "auprc": [0.4278370055331096, 0.4122382621896697, 0.4406288702066813, 0.4395196154826554, 0.43544077423330846, 0.3811485983362873, 0.39927246204353917, 0.3651468072884682, 0.3873894705308382, 0.3860276908289788]}