{"auroc": [0.5203931203931205, 0.5154791154791155, 0.5508599508599509, 0.5316953316953317, 0.5936117936117936, 0.5356265356265356, 0.5383292383292384, 0.5061425061425061, 0.538083538083538, 0.5380835380835381], "acc": [0.5217391304347826, 0.40217391304347827, 0.40217391304347827, 0.40217391304347827, 0.5978260869565217, 0.40217391304347827, 0.5869565217391305, 0.40217391304347827, 0.40217391304347827, 0.40217391304347827], "aps": [0.45109010204246447, 0.3961115445752615, 0.44100501813301346, 0.4154701200625657, 0.47360042396520563, 0.4410315105200257, 0.43622312990087875, 0.4063819403773131, 0.42445459430636057, 0.40574481279056435], "f1": [0.40540540540540543, 0.5736434108527132, 0.5736434108527132, 0.5736434108527132, 0.0, 0.5736434108527132, 0.17391304347826086, 0.5736434108527132, 0.5736434108527132, 0.5736434108527132], "auprc": [0.43924053078006314, 0.38311560589725596, 0.4298333278573527, 0.3978618019685848, 0.4573305522546897, 0.42939094642818226, 0.41770837453539095, 0.3885936438539087, 0.40671224642389064, 0.3927410509122947]}