{"auroc": [0.5936117936117936, 0.5213759213759215, 0.5754299754299754, 0.4948402948402948, 0.5744471744471744, 0.5380835380835381, 0.4702702702702703, 0.5592137592137592, 0.46093366093366095, 0.40147420147420154], "acc": [0.43478260869565216, 0.40217391304347827, 0.5978260869565217, 0.40217391304347827, 0.40217391304347827, 0.5869565217391305, 0.5978260869565217, 0.391304347826087, 0.5978260869565217, 0.40217391304347827], "aps": [0.5231400582607247, 0.4073890650212233, 0.4648986118245253, 0.39713261951263035, 0.4580896999427561, 0.43278380940202277, 0.41491901940487447, 0.45298226122428464, 0.3830426111408114, 0.38671322764569616], "f1": [0.5806451612903226, 0.5736434108527132, 0.0, 0.5736434108527132, 0.5736434108527132, 0.09523809523809523, 0.0, 0.5625, 0.0, 0.5736434108527132], "auprc": [0.5134637305510914, 0.3899809103098795, 0.44620369345839317, 0.3795237566013276, 0.44186726996001496, 0.41445648340344227, 0.40343931450997367, 0.43450032119698523, 0.36560441705121977, 0.37559753471356633]}