{"enet": [{"auroc": [0.4643734643734644, 0.4643734643734644, 0.4643734643734644, 0.4643734643734644, 0.4643734643734644, 0.46879606879606883, 0.47911547911547914, 0.46732186732186737, 0.47911547911547914, 0.47125307125307125], "acc": [0.5978260869565217, 0.5978260869565217, 0.5978260869565217, 0.5978260869565217, 0.5978260869565217, 0.5978260869565217, 0.5652173913043478, 0.5978260869565217, 0.5652173913043478, 0.5978260869565217], "aps": [0.4285315221219856, 0.4285315221219856, 0.4285315221219856, 0.4285315221219856, 0.4285315221219856, 0.415654092635915, 0.4008379508056702, 0.41997973402806776, 0.4008379508056702, 0.43031414040729815], "f1": [0.0, 0.0, 0.0, 0.0, 0.0, 0.0, 0.16666666666666669, 0.0, 0.16666666666666669, 0.0], "auprc": [0.41679898871299725, 0.41679898871299725, 0.41679898871299725, 0.41679898871299725, 0.41679898871299725, 0.4041779673652961, 0.39071706032259235, 0.40839019088924616, 0.39071706032259235, 0.41858909346008727]}]}