{"enet": [{"auroc": [0.4938574938574939, 0.5, 0.5, 0.48255528255528257, 0.5, 0.48255528255528257, 0.5, 0.5375921375921376, 0.5503685503685504, 0.5], "acc": [0.5978260869565217, 0.40217391304347827, 0.40217391304347827, 0.5760869565217391, 0.40217391304347827, 0.5760869565217391, 0.40217391304347827, 0.40217391304347827, 0.43478260869565216, 0.40217391304347827], "aps": [0.4532357786718534, 0.40217391304347827, 0.40217391304347827, 0.41637283719558427, 0.40217391304347827, 0.41637283719558427, 0.40217391304347827, 0.4561210666254771, 0.44287564060575313, 0.40217391304347827], "f1": [0.0, 0.5736434108527132, 0.5736434108527132, 0.20408163265306126, 0.5736434108527132, 0.20408163265306126, 0.5736434108527132, 0.5736434108527132, 0.559322033898305, 0.5736434108527132], "auprc": [0.44514957937824035, 0.7010869565217391, 0.7010869565217391, 0.40008761251289804, 0.7010869565217391, 0.40008761251289804, 0.7010869565217391, 0.44420304397810423, 0.42650488573532164, 0.7010869565217391]}]}