{"auroc": [0.5626535626535627, 0.5380835380835381, 0.548894348894349, 0.45257985257985256, 0.5331695331695332, 0.5154791154791154, 0.5012285012285013, 0.5115479115479116, 0.4648648648648649, 0.4614250614250615], "acc": [0.5978260869565217, 0.5978260869565217, 0.5978260869565217, 0.5978260869565217, 0.5978260869565217, 0.5978260869565217, 0.5978260869565217, 0.5978260869565217, 0.5978260869565217, 0.5978260869565217], "aps": [0.4768315991896361, 0.4776915832619939, 0.49950112160302235, 0.40730929182246506, 0.4833597009796351, 0.46982897318280864, 0.4814282658383908, 0.45508729547984444, 0.43043187959397483, 0.37089173174575174], "f1": [0.0, 0.0, 0.0, 0.0, 0.0, 0.0, 0.0, 0.0, 0.0, 0.0], "auprc": [0.4648587925540902, 0.45909189793915706, 0.49004279883144786, 0.3963223710547014, 0.47147124509131927, 0.45800727229274313, 0.4703153701703209, 0.44339282019996956, 0.4187289118568899, 0.3564474128929637]}