{"auroc": [0.5243243243243243, 0.48058968058968066, 0.5459459459459459, 0.539066339066339, 0.5245700245700246, 0.5012285012285013, 0.544963144963145, 0.5400491400491401, 0.5184275184275184, 0.5434889434889435], "acc": [0.40217391304347827, 0.5978260869565217, 0.40217391304347827, 0.40217391304347827, 0.40217391304347827, 0.40217391304347827, 0.40217391304347827, 0.40217391304347827, 0.40217391304347827, 0.40217391304347827], "aps": [0.4068105723551185, 0.3893104422907998, 0.4263437856575889, 0.4260365302423328, 0.40125974601883135, 0.4054830401019096, 0.4093375594313468, 0.41000732891954117, 0.3908875182827094, 0.42014289683891826], "f1": [0.5736434108527132, 0.0, 0.5736434108527132, 0.5736434108527132, 0.5736434108527132, 0.5736434108527132, 0.5736434108527132, 0.5736434108527132, 0.5736434108527132, 0.5736434108527132], "auprc": [0.39429265810314634, 0.3740349178011293, 0.40893273371763045, 0.4103153679820869, 0.38700877072717654, 0.38771708769721897, 0.3970382396385207, 0.3971945178959142, 0.3790558156983445, 0.4068766042339922]}