{"enet": [{"auroc": [0.6428571428571429, 0.5357142857142857, 0.5535714285714285, 0.35714285714285715, 0.5803571428571428, 0.5357142857142857, 0.48214285714285715, 0.7767857142857143, 0.5357142857142857, 0.4464285714285714], "acc": [0.6666666666666666, 0.5333333333333333, 0.6, 0.4666666666666667, 0.5333333333333333, 0.5333333333333333, 0.5333333333333333, 0.6, 0.5333333333333333, 0.4666666666666667], "aps": [0.6566326530612243, 0.5142857142857142, 0.5436817151102865, 0.39991674991674997, 0.6125850340136054, 0.5142857142857142, 0.4649350649350649, 0.6441043083900226, 0.5142857142857142, 0.47536590393733247], "f1": [0.6666666666666666, 0.588235294117647, 0.5714285714285714, 0.6, 0.4615384615384615, 0.588235294117647, 0.4615384615384615, 0.5, 0.588235294117647, 0.5555555555555556], "auprc": [0.6229591836734694, 0.4567044067044067, 0.47388167388167385, 0.5720208363065507, 0.6511183261183261, 0.4567044067044067, 0.528514342800057, 0.6480725623582766, 0.4567044067044067, 0.4060937078794221]}]}