{"enet": [{"auroc": [0.5616707616707617, 0.5886977886977887, 0.5616707616707617, 0.5724815724815725, 0.5886977886977887, 0.6250614250614251, 0.5675675675675675, 0.49533169533169535, 0.5616707616707617, 0.5616707616707617], "acc": [0.5978260869565217, 0.5978260869565217, 0.5978260869565217, 0.5978260869565217, 0.5978260869565217, 0.5978260869565217, 0.5978260869565217, 0.5978260869565217, 0.5978260869565217, 0.5978260869565217], "aps": [0.4577420551040874, 0.4624161768735379, 0.4577420551040874, 0.46194138935378887, 0.4624161768735379, 0.5311065652495874, 0.4467983060970976, 0.41257628740079816, 0.4577420551040874, 0.4577420551040874], "f1": [0.0, 0.0, 0.0, 0.0, 0.0, 0.0, 0.0, 0.0, 0.0, 0.0], "auprc": [0.4391579810613051, 0.44727613209733985, 0.4391579810613051, 0.4454538486441086, 0.44727613209733985, 0.5192765690723395, 0.43053328281614567, 0.3963348787882004, 0.4391579810613051, 0.4391579810613051]}]}