{"enet": [{"auroc": [0.5410319410319411, 0.5410319410319411, 0.5410319410319411, 0.543980343980344, 0.5410319410319411, 0.5410319410319411, 0.5, 0.5410319410319411, 0.5410319410319411, 0.543980343980344], "acc": [0.5978260869565217, 0.5978260869565217, 0.5978260869565217, 0.5978260869565217, 0.5978260869565217, 0.5978260869565217, 0.5978260869565217, 0.5978260869565217, 0.5978260869565217, 0.5978260869565217], "aps": [0.43659395737900586, 0.43659395737900586, 0.43659395737900586, 0.4588042259514629, 0.44487827245616524, 0.43659395737900586, 0.40217391304347827, 0.43659395737900586, 0.43659395737900586, 0.4588042259514629], "f1": [0.0, 0.0, 0.0, 0.0, 0.0, 0.0, 0.0, 0.0, 0.0, 0.0], "auprc": [0.42607332005745135, 0.42607332005745135, 0.42607332005745135, 0.446928987037648, 0.43341123158591527, 0.42607332005745135, 0.7010869565217391, 0.42607332005745135, 0.42607332005745135, 0.446928987037648]}]}