{"enet": [{"auroc": [0.5484029484029485, 0.5, 0.5051597051597051, 0.5051597051597051, 0.5, 0.5051597051597051, 0.5051597051597051, 0.5, 0.5051597051597051, 0.5051597051597051], "acc": [0.5978260869565217, 0.40217391304347827, 0.5543478260869565, 0.5543478260869565, 0.40217391304347827, 0.5543478260869565, 0.5543478260869565, 0.40217391304347827, 0.5543478260869565, 0.5543478260869565], "aps": [0.4742813797636961, 0.40217391304347827, 0.44961091708832335, 0.44961091708832335, 0.40217391304347827, 0.44961091708832335, 0.44961091708832335, 0.40217391304347827, 0.44961091708832335, 0.44961091708832335], "f1": [0.0, 0.5736434108527132, 0.163265306122449, 0.163265306122449, 0.5736434108527132, 0.163265306122449, 0.163265306122449, 0.5736434108527132, 0.163265306122449, 0.163265306122449], "auprc": [0.4626129777624158, 0.7010869565217391, 0.4381587682313325, 0.4381587682313325, 0.7010869565217391, 0.4381587682313325, 0.4381587682313325, 0.7010869565217391, 0.4381587682313325, 0.4381587682313325]}]}