{"auroc": [0.5611793611793611, 0.5228501228501229, 0.5017199017199018, 0.5292383292383293, 0.4933660933660934, 0.5144963144963145, 0.5395577395577396, 0.47469287469287474, 0.5248157248157248, 0.514987714987715], "acc": [0.5978260869565217, 0.5978260869565217, 0.40217391304347827, 0.40217391304347827, 0.5978260869565217, 0.40217391304347827, 0.40217391304347827, 0.40217391304347827, 0.40217391304347827, 0.40217391304347827], "aps": [0.4582294062058457, 0.4586350314378591, 0.39285380437317974, 0.4076385858601472, 0.44144747979864357, 0.4151149166016459, 0.41393342007292216, 0.38847984507070077, 0.45218407231491126, 0.3998839660031134], "f1": [0.17777777777777778, 0.0, 0.5736434108527132, 0.5736434108527132, 0.0, 0.5736434108527132, 0.5736434108527132, 0.5736434108527132, 0.5736434108527132, 0.5736434108527132], "auprc": [0.4463927446948054, 0.44712766067703624, 0.3785284679706758, 0.3934160568690578, 0.4304203313507175, 0.39686394787631213, 0.39969439412439567, 0.37434265819886325, 0.4404440053005925, 0.3879787260294283]}