{"enet": [{"auroc": [0.5051597051597052, 0.4781326781326781, 0.5764127764127764, 0.4388206388206389, 0.5744471744471744, 0.5764127764127764, 0.5051597051597052, 0.5051597051597052, 0.5744471744471744, 0.5051597051597052], "acc": [0.5978260869565217, 0.5978260869565217, 0.5978260869565217, 0.5978260869565217, 0.5978260869565217, 0.5978260869565217, 0.5978260869565217, 0.5978260869565217, 0.5978260869565217, 0.5978260869565217], "aps": [0.3899494602477679, 0.37194135524204786, 0.4287075772059418, 0.35508626853744696, 0.43307169621249525, 0.4287075772059418, 0.3899494602477679, 0.3899494602477679, 0.43307169621249525, 0.3899494602477679], "f1": [0.0, 0.0, 0.0, 0.0, 0.0, 0.0, 0.0, 0.0, 0.0, 0.0], "auprc": [0.37796250579871327, 0.36088354201776196, 0.41516932701091624, 0.3440720087455186, 0.4208668271290463, 0.41516932701091624, 0.37796250579871327, 0.37796250579871327, 0.4208668271290463, 0.37796250579871327]}]}