{"auroc": [0.48746928746928747, 0.5213759213759214, 0.49336609336609333, 0.5046683046683047, 0.4835380835380836, 0.5238329238329239, 0.5184275184275184, 0.518918918918919, 0.5135135135135136, 0.4751842751842752], "acc": [0.40217391304347827, 0.40217391304347827, 0.40217391304347827, 0.40217391304347827, 0.40217391304347827, 0.5978260869565217, 0.40217391304347827, 0.40217391304347827, 0.5652173913043478, 0.40217391304347827], "aps": [0.4006204295165263, 0.41098898907237064, 0.42353036932973703, 0.3906109129771635, 0.4063241358780879, 0.47906781541846355, 0.42693605377819743, 0.40738814866556683, 0.4217049253740215, 0.3960401111942822], "f1": [0.5736434108527132, 0.5736434108527132, 0.5736434108527132, 0.5736434108527132, 0.5736434108527132, 0.0, 0.5736434108527132, 0.5736434108527132, 0.2592592592592593, 0.5736434108527132], "auprc": [0.38698988282806235, 0.39736043158759293, 0.41229847502062655, 0.3778184151468603, 0.3901211837306329, 0.47196670842454014, 0.4083924672210906, 0.3918315021763539, 0.40541053756415407, 0.3813261305187752]}