{"auroc": [0.4810810810810811, 0.5400491400491401, 0.5454545454545454, 0.5017199017199017, 0.5253071253071253, 0.5326781326781327, 0.5071253071253071, 0.48206388206388207, 0.5700245700245701, 0.4933660933660934], "acc": [0.5978260869565217, 0.5978260869565217, 0.5978260869565217, 0.5978260869565217, 0.5978260869565217, 0.5978260869565217, 0.5978260869565217, 0.5978260869565217, 0.5978260869565217, 0.5978260869565217], "aps": [0.4095896471429744, 0.42368505639651677, 0.46257261155181123, 0.4102615268245978, 0.4036567256828419, 0.41650652148503203, 0.416885524951794, 0.3972382893313584, 0.4475614524052868, 0.39334166800835024], "f1": [0.0, 0.0, 0.0, 0.0, 0.0, 0.0, 0.0, 0.0, 0.0, 0.0], "auprc": [0.3919170204720506, 0.40612331106457367, 0.4508198286133301, 0.3954235636074969, 0.38854135978065346, 0.4009679902891531, 0.39914186161909426, 0.3872627684530489, 0.43189522564189825, 0.37812983141157785]}