{"auroc": [0.5390663390663392, 0.5292383292383293, 0.572972972972973, 0.5474201474201474, 0.5616707616707617, 0.5606879606879607, 0.543980343980344, 0.5395577395577396, 0.5587223587223588, 0.45454545454545453], "acc": [0.40217391304347827, 0.40217391304347827, 0.40217391304347827, 0.40217391304347827, 0.40217391304347827, 0.40217391304347827, 0.40217391304347827, 0.40217391304347827, 0.40217391304347827, 0.5978260869565217], "aps": [0.43909107801064823, 0.4075044752388609, 0.4445556282415891, 0.40984395229893933, 0.42688915151649987, 0.44213535116430425, 0.4263147226348705, 0.41064755161171607, 0.4190944426922071, 0.3898710501150445], "f1": [0.5736434108527132, 0.5736434108527132, 0.5736434108527132, 0.5736434108527132, 0.5736434108527132, 0.5736434108527132, 0.5736434108527132, 0.5736434108527132, 0.5736434108527132, 0.0], "auprc": [0.42832633493365985, 0.39004501451266055, 0.42983145867687533, 0.3974222417180867, 0.41363864864981637, 0.4242443699877339, 0.41074806581236395, 0.3978844285794529, 0.40641345364232595, 0.37994034694193646]}