{"auroc": [0.39285714285714285, 0.3035714285714285, 0.4642857142857143, 0.5178571428571428, 0.5357142857142857, 0.5714285714285714, 0.375, 0.3392857142857143, 0.39285714285714285, 0.4107142857142857], "acc": [0.4, 0.4666666666666667, 0.4, 0.5333333333333333, 0.6, 0.5333333333333333, 0.4, 0.3333333333333333, 0.6, 0.3333333333333333], "aps": [0.4456349206349207, 0.4245801817230389, 0.47519147519147514, 0.5809523809523809, 0.5333333333333333, 0.6031746031746033, 0.437096237096237, 0.4034271284271284, 0.4535964035964036, 0.4266705516705517], "f1": [0.18181818181818182, 0.2, 0.39999999999999997, 0.36363636363636365, 0.5714285714285714, 0.22222222222222224, 0.30769230769230765, 0.2857142857142857, 0.5, 0.16666666666666666], "auprc": [0.37912286126571837, 0.357279625136768, 0.41768231768231767, 0.546866625438054, 0.4638734281591424, 0.5691609977324263, 0.37125374625374624, 0.3548443619872191, 0.39645354645354647, 0.37798947084661366]}