{"auroc": [0.5149877149877151, 0.5454545454545455, 0.4766584766584767, 0.5051597051597052, 0.4717444717444717, 0.47862407862407863, 0.487960687960688, 0.544963144963145, 0.5135135135135136, 0.5253071253071253], "acc": [0.5434782608695652, 0.5978260869565217, 0.40217391304347827, 0.40217391304347827, 0.40217391304347827, 0.40217391304347827, 0.40217391304347827, 0.40217391304347827, 0.40217391304347827, 0.5978260869565217], "aps": [0.40896591556798634, 0.436323014984952, 0.39593813513098, 0.3995025872175183, 0.3978251327158135, 0.3865009329883108, 0.38620752106902634, 0.4322534666447942, 0.4032699693028169, 0.42256383334016406], "f1": [0.045454545454545456, 0.0, 0.5736434108527132, 0.5736434108527132, 0.5736434108527132, 0.5736434108527132, 0.5736434108527132, 0.5736434108527132, 0.5736434108527132, 0.05128205128205129], "auprc": [0.3921063972003873, 0.42531165016829564, 0.38581425913840467, 0.384333340554553, 0.3829896068718338, 0.3710550017977294, 0.36950105540322226, 0.4215720004967816, 0.3861782534301895, 0.4122419153832055]}