{"enet": [{"auroc": [0.4864864864864865, 0.542997542997543, 0.542997542997543, 0.4727272727272728, 0.5154791154791155, 0.5, 0.4864864864864865, 0.542997542997543, 0.4864864864864865, 0.5154791154791155], "acc": [0.5978260869565217, 0.5978260869565217, 0.5978260869565217, 0.5978260869565217, 0.5978260869565217, 0.40217391304347827, 0.5978260869565217, 0.5978260869565217, 0.5978260869565217, 0.5978260869565217], "aps": [0.42005317589209723, 0.4549478800424105, 0.4549478800424105, 0.37359758912569113, 0.4179263539735727, 0.40217391304347827, 0.42005317589209723, 0.4549478800424105, 0.42005317589209723, 0.4179263539735727], "f1": [0.0, 0.0, 0.0, 0.0, 0.0, 0.5736434108527132, 0.0, 0.0, 0.0, 0.0], "auprc": [0.4051416209344004, 0.4399571538237613, 0.4399571538237613, 0.35944170026576105, 0.4000087777375541, 0.7010869565217391, 0.4051416209344004, 0.4399571538237613, 0.4051416209344004, 0.4000087777375541]}]}