{"auroc": [0.4821428571428571, 0.39285714285714285, 0.5, 0.33928571428571425, 0.3392857142857143, 0.1964285714285714, 0.4642857142857143, 0.35714285714285715, 0.4107142857142857, 0.44642857142857145], "acc": [0.6666666666666666, 0.4, 0.4, 0.4666666666666667, 0.3333333333333333, 0.26666666666666666, 0.4, 0.4, 0.4666666666666667, 0.5333333333333333], "aps": [0.6277468563182849, 0.5159554730983302, 0.48344671201814066, 0.4039373325087611, 0.42862811791383226, 0.3662948162948163, 0.6079666365380652, 0.5035405071119357, 0.4610801896516182, 0.5421768707482992], "f1": [0.4444444444444445, 0.30769230769230765, 0.5714285714285714, 0.5, 0.16666666666666666, 0.3529411764705882, 0.39999999999999997, 0.18181818181818182, 0.5555555555555556, 0.5333333333333333], "auprc": [0.6058867719582005, 0.48476999191284903, 0.4259637188208617, 0.3585008245722531, 0.3632435025292168, 0.3157257425114568, 0.586381277452706, 0.4719298558584273, 0.4035058195772482, 0.5093886272457702]}