{"auroc": [0.5223587223587224, 0.5002457002457003, 0.5641277641277641, 0.44226044226044225, 0.42162162162162165, 0.47174447174447176, 0.46437346437346444, 0.40835380835380836, 0.4855036855036855, 0.4063882063882064], "acc": [0.5978260869565217, 0.5978260869565217, 0.5978260869565217, 0.5978260869565217, 0.5978260869565217, 0.5978260869565217, 0.5978260869565217, 0.5978260869565217, 0.5978260869565217, 0.5978260869565217], "aps": [0.41789414671438013, 0.4675884673340489, 0.45011631912033934, 0.37471520734281827, 0.3526681251841236, 0.37114889466636075, 0.37260867902585487, 0.3446868238486771, 0.3959036140886524, 0.35269621929251255], "f1": [0.0, 0.0, 0.0, 0.0, 0.0, 0.0, 0.0, 0.0, 0.0, 0.0], "auprc": [0.4030742876154031, 0.4579198671469027, 0.43180218300725093, 0.35739347865925525, 0.3384107992083782, 0.35715708287676073, 0.35796294882796803, 0.33112264820607057, 0.3804665121678092, 0.3384301607415024]}