{"enet": [{"auroc": [0.49778869778869783, 0.49778869778869783, 0.49778869778869783, 0.49778869778869783, 0.49778869778869783, 0.4948402948402949, 0.48796068796068803, 0.49778869778869783, 0.49778869778869783, 0.49778869778869783], "acc": [0.5978260869565217, 0.5978260869565217, 0.5978260869565217, 0.5978260869565217, 0.5978260869565217, 0.5978260869565217, 0.5978260869565217, 0.5978260869565217, 0.5978260869565217, 0.5978260869565217], "aps": [0.4348563372866519, 0.4348563372866519, 0.4348563372866519, 0.4348563372866519, 0.4348563372866519, 0.4091650867614566, 0.3972081620100154, 0.4348563372866519, 0.4348563372866519, 0.4348563372866519], "f1": [0.0, 0.0, 0.0, 0.0, 0.0, 0.0, 0.0, 0.0, 0.0, 0.0], "auprc": [0.42329654075256457, 0.42329654075256457, 0.42329654075256457, 0.42329654075256457, 0.42329654075256457, 0.39096830474659366, 0.3793185829559334, 0.42329654075256457, 0.42329654075256457, 0.42329654075256457]}]}