{"auroc": [0.5410319410319411, 0.5882063882063883, 0.5105651105651106, 0.5267813267813268, 0.515970515970516, 0.5415233415233416, 0.5390663390663392, 0.5597051597051598, 0.5002457002457003, 0.5041769041769042], "acc": [0.6304347826086957, 0.5978260869565217, 0.40217391304347827, 0.40217391304347827, 0.5978260869565217, 0.40217391304347827, 0.40217391304347827, 0.40217391304347827, 0.5978260869565217, 0.40217391304347827], "aps": [0.46405699965843095, 0.4918752464928915, 0.3996837627382928, 0.4070846369704533, 0.46017767496321904, 0.41289080757555724, 0.410133770079359, 0.4217090521169238, 0.43364045973741155, 0.39498937786354316], "f1": [0.22727272727272727, 0.0, 0.5736434108527132, 0.5736434108527132, 0.05128205128205129, 0.5736434108527132, 0.5736434108527132, 0.5736434108527132, 0.0, 0.5736434108527132], "auprc": [0.4455188038020925, 0.4734579767567416, 0.38628249610139953, 0.39459208636917903, 0.44886388478910044, 0.3988271708107194, 0.39691956928704636, 0.4081488849217474, 0.42202907453850247, 0.3811470006997606]}