{"auroc": [0.543980343980344, 0.5503685503685505, 0.572972972972973, 0.539066339066339, 0.457002457002457, 0.5405405405405406, 0.546928746928747, 0.5552825552825553, 0.4594594594594595, 0.4948402948402949], "acc": [0.5978260869565217, 0.5978260869565217, 0.5652173913043478, 0.40217391304347827, 0.5760869565217391, 0.40217391304347827, 0.40217391304347827, 0.5978260869565217, 0.6086956521739131, 0.5978260869565217], "aps": [0.439746882103316, 0.4527744071813009, 0.44135680493939694, 0.424908914345348, 0.39090233823233816, 0.421537933601541, 0.49028656444153873, 0.43592815385012823, 0.3887925852260496, 0.40405579127944163], "f1": [0.0, 0.0, 0.047619047619047616, 0.5736434108527132, 0.04878048780487805, 0.5736434108527132, 0.5736434108527132, 0.05128205128205129, 0.052631578947368425, 0.0], "auprc": [0.42922474269924626, 0.4412466297787435, 0.4312702370298033, 0.4149118006579397, 0.38052233802175195, 0.41159006085101874, 0.48110618950986295, 0.4259519440415822, 0.37883340967714924, 0.3941790246160308]}