{"enet": [{"auroc": [0.5405405405405406, 0.5, 0.5, 0.5, 0.5, 0.5, 0.5, 0.5405405405405406, 0.5405405405405406, 0.5405405405405406], "acc": [0.5978260869565217, 0.5978260869565217, 0.5978260869565217, 0.5978260869565217, 0.5978260869565217, 0.5978260869565217, 0.5978260869565217, 0.5978260869565217, 0.5978260869565217, 0.5978260869565217], "aps": [0.41192797444043466, 0.40217391304347827, 0.40217391304347827, 0.40217391304347827, 0.40217391304347827, 0.40217391304347827, 0.40217391304347827, 0.41192797444043466, 0.41192797444043466, 0.41192797444043466], "f1": [0.0, 0.0, 0.0, 0.0, 0.0, 0.0, 0.0, 0.0, 0.0, 0.0], "auprc": [0.3944414995703356, 0.7010869565217391, 0.7010869565217391, 0.7010869565217391, 0.7010869565217391, 0.7010869565217391, 0.7010869565217391, 0.3944414995703356, 0.3944414995703356, 0.3944414995703356]}]}