{"enet": [{"auroc": [0.6071428571428571, 0.6071428571428571, 0.5357142857142857, 0.5357142857142857, 0.7142857142857143, 0.4464285714285714, 0.5357142857142857, 0.6071428571428571, 0.6071428571428571, 0.6071428571428571], "acc": [0.6, 0.6, 0.4666666666666667, 0.4666666666666667, 0.5333333333333333, 0.4666666666666667, 0.4666666666666667, 0.6, 0.6, 0.6], "aps": [0.6650793650793649, 0.6650793650793649, 0.6593795093795094, 0.6593795093795094, 0.7279220779220779, 0.4452904238618524, 0.6593795093795094, 0.6650793650793649, 0.6650793650793649, 0.6650793650793649], "f1": [0.6666666666666665, 0.6666666666666665, 0.42857142857142855, 0.42857142857142855, 0.631578947368421, 0.5, 0.42857142857142855, 0.6666666666666665, 0.6666666666666665, 0.6666666666666665], "auprc": [0.6429443572300715, 0.6429443572300715, 0.6386028653885796, 0.6386028653885796, 0.6981185481185481, 0.39485197342340195, 0.6386028653885796, 0.6429443572300715, 0.6429443572300715, 0.6429443572300715]}]}