{"auroc": [0.546928746928747, 0.49926289926289935, 0.5567567567567568, 0.5233415233415233, 0.49926289926289924, 0.5262899262899262, 0.48746928746928747, 0.47911547911547914, 0.5194103194103195, 0.51990171990172], "acc": [0.5978260869565217, 0.5978260869565217, 0.5978260869565217, 0.5978260869565217, 0.5978260869565217, 0.5978260869565217, 0.5978260869565217, 0.5978260869565217, 0.40217391304347827, 0.5978260869565217], "aps": [0.45708858945304687, 0.4294066174647168, 0.4639635268100293, 0.39380502547744856, 0.430911802765657, 0.43139581051489095, 0.40690912602593643, 0.41280315974167386, 0.4490697941898225, 0.4308938047909903], "f1": [0.0, 0.0, 0.0, 0.0, 0.0, 0.0, 0.0, 0.0, 0.5736434108527132, 0.0], "auprc": [0.44560719555877687, 0.4179121259490934, 0.4454193260324859, 0.3815373057213984, 0.41947015775296737, 0.41308784428326734, 0.39634013427479103, 0.4016673482269458, 0.4375458078502652, 0.4202037876440958]}