{"auroc": [0.49434889434889434, 0.576904176904177, 0.5031941031941033, 0.5051597051597052, 0.5346437346437347, 0.5154791154791155, 0.3832923832923833, 0.5184275184275184, 0.5066339066339066, 0.488943488943489], "acc": [0.5978260869565217, 0.5978260869565217, 0.5978260869565217, 0.5978260869565217, 0.5978260869565217, 0.5978260869565217, 0.40217391304347827, 0.5978260869565217, 0.5978260869565217, 0.5978260869565217], "aps": [0.4328498714278449, 0.4721793715298138, 0.41284598951581747, 0.3832166167261768, 0.42097368379051403, 0.41260255377958005, 0.3673646789279084, 0.4256925415470381, 0.41300444998560576, 0.38003263874466114], "f1": [0.0, 0.0, 0.0, 0.0, 0.0, 0.0, 0.5736434108527132, 0.0, 0.0, 0.0], "auprc": [0.42124991073768536, 0.4537306489000745, 0.40251419417915396, 0.3708295461235388, 0.4034796041140248, 0.39745189833563627, 0.3569131464015875, 0.4148178052395352, 0.39725157772700803, 0.36587994901068377]}