{"enet": [{"auroc": [0.47518427518427525, 0.47518427518427525, 0.47518427518427525, 0.5312039312039312, 0.5, 0.47518427518427525, 0.5, 0.5312039312039312, 0.47518427518427525, 0.48796068796068803], "acc": [0.5869565217391305, 0.5869565217391305, 0.5869565217391305, 0.5978260869565217, 0.40217391304347827, 0.5869565217391305, 0.40217391304347827, 0.5978260869565217, 0.5869565217391305, 0.5978260869565217], "aps": [0.4415933425016817, 0.4415933425016817, 0.4415933425016817, 0.4438501123149423, 0.40217391304347827, 0.4415933425016817, 0.40217391304347827, 0.4438501123149423, 0.4415933425016817, 0.4208546111998269], "f1": [0.09523809523809523, 0.09523809523809523, 0.09523809523809523, 0.0, 0.5736434108527132, 0.09523809523809523, 0.5736434108527132, 0.0, 0.09523809523809523, 0.0], "auprc": [0.4321184162832806, 0.4321184162832806, 0.4321184162832806, 0.4327689458774235, 0.7010869565217391, 0.4321184162832806, 0.7010869565217391, 0.4327689458774235, 0.4321184162832806, 0.40470145749229564]}]}