{"auroc": [0.547911547911548, 0.5203931203931204, 0.4343980343980344, 0.5228501228501229, 0.4938574938574939, 0.581818181818182, 0.541031941031941, 0.5444717444717445, 0.5341523341523342, 0.48894348894348894], "acc": [0.5978260869565217, 0.5978260869565217, 0.5978260869565217, 0.5978260869565217, 0.5978260869565217, 0.5978260869565217, 0.5978260869565217, 0.5978260869565217, 0.5978260869565217, 0.5978260869565217], "aps": [0.45063410023988465, 0.42312743859722446, 0.38262112489066014, 0.43137740762162313, 0.4284137813945222, 0.489862376242686, 0.47430357246941013, 0.4577878519040292, 0.43526858653279116, 0.41688652069664417], "f1": [0.0, 0.0, 0.0, 0.0, 0.0, 0.0, 0.0, 0.0, 0.0, 0.0], "auprc": [0.4391450661153578, 0.4049024572971171, 0.36461623073959565, 0.41301626498537064, 0.4167298142741299, 0.47803795473203514, 0.46234042229462036, 0.44597861006350176, 0.42387070415339695, 0.4056737517035973]}