{"auroc": [0.5351351351351352, 0.5346437346437347, 0.546928746928747, 0.4864864864864865, 0.4963144963144963, 0.539066339066339, 0.5115479115479116, 0.5631449631449632, 0.5493857493857494, 0.51990171990172], "acc": [0.41304347826086957, 0.5978260869565217, 0.40217391304347827, 0.5978260869565217, 0.5978260869565217, 0.5978260869565217, 0.5978260869565217, 0.40217391304347827, 0.40217391304347827, 0.5978260869565217], "aps": [0.4085729439060998, 0.42781288925162103, 0.4294042162584838, 0.40108779288328333, 0.45168847917878113, 0.42464576115303926, 0.41069098953130195, 0.44260742482682564, 0.42620833415510806, 0.42630627479162964], "f1": [0.5714285714285715, 0.0, 0.5736434108527132, 0.0, 0.0, 0.05128205128205129, 0.0, 0.5736434108527132, 0.5736434108527132, 0.0], "auprc": [0.3917883963442449, 0.4174848459695123, 0.4193209366754041, 0.3912451914018286, 0.4398154956896529, 0.41478687771901274, 0.4005501257581544, 0.4320961858877779, 0.4162502260818218, 0.41560011004417025]}