{"enet": [{"auroc": [0.5523341523341524, 0.5, 0.5, 0.5523341523341524, 0.5, 0.5523341523341524, 0.4909090909090909, 0.3906633906633907, 0.5444717444717445, 0.4909090909090909], "acc": [0.5978260869565217, 0.5978260869565217, 0.5978260869565217, 0.5978260869565217, 0.5978260869565217, 0.5978260869565217, 0.5978260869565217, 0.5978260869565217, 0.5978260869565217, 0.5978260869565217], "aps": [0.41275600410439994, 0.40217391304347827, 0.40217391304347827, 0.41275600410439994, 0.40217391304347827, 0.41275600410439994, 0.38340338627414605, 0.35181121832155926, 0.4109865506008423, 0.38340338627414605], "f1": [0.0, 0.0, 0.0, 0.0, 0.0, 0.0, 0.0, 0.0, 0.0, 0.0], "auprc": [0.39897327979123653, 0.7010869565217391, 0.7010869565217391, 0.39897327979123653, 0.7010869565217391, 0.39897327979123653, 0.37014208327265546, 0.33486833918331155, 0.3971798968055643, 0.37014208327265546]}]}