{"auroc": [0.5277641277641278, 0.5710073710073711, 0.487960687960688, 0.5336609336609337, 0.4707616707616708, 0.5459459459459459, 0.5316953316953317, 0.5926289926289927, 0.5002457002457003, 0.5228501228501229], "acc": [0.40217391304347827, 0.40217391304347827, 0.40217391304347827, 0.40217391304347827, 0.6086956521739131, 0.40217391304347827, 0.40217391304347827, 0.45652173913043476, 0.5978260869565217, 0.40217391304347827], "aps": [0.4169909106017765, 0.45733725543326603, 0.38244680357759697, 0.4157095555733822, 0.42875363124155563, 0.43144359864891557, 0.41766445368306726, 0.45469011354083305, 0.45247005790566497, 0.4193123777619195], "f1": [0.5736434108527132, 0.5736434108527132, 0.5736434108527132, 0.5736434108527132, 0.1, 0.5736434108527132, 0.5736434108527132, 0.576271186440678, 0.0, 0.5736434108527132], "auprc": [0.40216774636766434, 0.4460543767248338, 0.3697233845613775, 0.40028905034018114, 0.4196391123652762, 0.4134076568115312, 0.40183608324793185, 0.43988240448083515, 0.4429991723909, 0.4044698463314972]}