{"enet": [{"auroc": [0.5366093366093366, 0.5100737100737102, 0.5488943488943488, 0.544963144963145, 0.5636363636363637, 0.5597051597051598, 0.5100737100737102, 0.5488943488943488, 0.544963144963145, 0.5100737100737102], "acc": [0.5978260869565217, 0.5978260869565217, 0.5978260869565217, 0.5978260869565217, 0.5978260869565217, 0.5978260869565217, 0.5978260869565217, 0.5978260869565217, 0.5978260869565217, 0.5978260869565217], "aps": [0.41036276737008553, 0.39963883860813143, 0.42032543189182886, 0.42009314220727856, 0.41564393247898423, 0.43186405563618646, 0.39963883860813143, 0.42032543189182886, 0.42009314220727856, 0.39963883860813143], "f1": [0.0, 0.0, 0.0, 0.0, 0.0, 0.0, 0.0, 0.0, 0.0, 0.0], "auprc": [0.39740785866267203, 0.3861078252824931, 0.406747994727386, 0.40701460222001046, 0.4024752885825876, 0.41395517581654845, 0.3861078252824931, 0.406747994727386, 0.40701460222001046, 0.3861078252824931]}]}