{"enet": [{"auroc": [0.5357142857142857, 0.42857142857142855, 0.5892857142857143, 0.5357142857142857, 0.48214285714285715, 0.5357142857142857, 0.6071428571428571, 0.48214285714285715, 0.48214285714285715, 0.48214285714285715], "acc": [0.6666666666666666, 0.4666666666666667, 0.6, 0.6666666666666666, 0.5333333333333333, 0.6666666666666666, 0.5333333333333333, 0.5333333333333333, 0.5333333333333333, 0.5333333333333333], "aps": [0.504251700680272, 0.4430315716030002, 0.6744588744588744, 0.504251700680272, 0.48407465550322687, 0.504251700680272, 0.6726499690785404, 0.48407465550322687, 0.48407465550322687, 0.48407465550322687], "f1": [0.6666666666666666, 0.42857142857142855, 0.5714285714285714, 0.6666666666666666, 0.588235294117647, 0.6666666666666666, 0.588235294117647, 0.588235294117647, 0.588235294117647, 0.588235294117647], "auprc": [0.4464719804005518, 0.5070883481597768, 0.6526640026640027, 0.4464719804005518, 0.42622100122100115, 0.4464719804005518, 0.6506106988249845, 0.42622100122100115, 0.42622100122100115, 0.42622100122100115]}]}