{"auroc": [0.5385749385749385, 0.5316953316953318, 0.5105651105651106, 0.5174447174447174, 0.49189189189189186, 0.5203931203931205, 0.5041769041769042, 0.4918918918918919, 0.49041769041769046, 0.5085995085995086], "acc": [0.40217391304347827, 0.43478260869565216, 0.40217391304347827, 0.40217391304347827, 0.5978260869565217, 0.5869565217391305, 0.5, 0.5543478260869565, 0.40217391304347827, 0.5543478260869565], "aps": [0.44271555485843683, 0.4126617557202992, 0.41027263958365723, 0.4229598079474887, 0.4324440301156742, 0.4273549428785465, 0.42499811855426123, 0.390032889905646, 0.38810811596650363, 0.41524370334355587], "f1": [0.5736434108527132, 0.5517241379310345, 0.5736434108527132, 0.5736434108527132, 0.0, 0.0, 0.43902439024390244, 0.046511627906976744, 0.5736434108527132, 0.163265306122449], "auprc": [0.4263322332645983, 0.39725143242735556, 0.39218616872418194, 0.4079747472800751, 0.41414211891033603, 0.4110939735483055, 0.41364647838024876, 0.3750804334946595, 0.3737576101948682, 0.39689683045218743]}