{"enet": [{"auroc": [0.517936117936118, 0.517936117936118, 0.5110565110565111, 0.5577395577395579, 0.5081081081081081, 0.517936117936118, 0.5110565110565111, 0.5081081081081081, 0.517936117936118, 0.5081081081081081], "acc": [0.5978260869565217, 0.5978260869565217, 0.5978260869565217, 0.5978260869565217, 0.5978260869565217, 0.5978260869565217, 0.5978260869565217, 0.5978260869565217, 0.5978260869565217, 0.5978260869565217], "aps": [0.42681715181223584, 0.42681715181223584, 0.4385290333672666, 0.47059973460618176, 0.43421030199588717, 0.42681715181223584, 0.4385290333672666, 0.43421030199588717, 0.42681715181223584, 0.43421030199588717], "f1": [0.0, 0.0, 0.0, 0.0, 0.0, 0.0, 0.0, 0.0, 0.0, 0.0], "auprc": [0.41626833940120206, 0.41626833940120206, 0.4269305132430286, 0.45215116877661765, 0.422655530898026, 0.41626833940120206, 0.4269305132430286, 0.422655530898026, 0.41626833940120206, 0.422655530898026]}]}