{"enet": [{"auroc": [0.5484029484029485, 0.5484029484029485, 0.5484029484029485, 0.5135135135135135, 0.5769041769041768, 0.5484029484029485, 0.5135135135135136, 0.5484029484029485, 0.5484029484029485, 0.5135135135135135], "acc": [0.44565217391304346, 0.44565217391304346, 0.44565217391304346, 0.5978260869565217, 0.5978260869565217, 0.44565217391304346, 0.5978260869565217, 0.44565217391304346, 0.44565217391304346, 0.5978260869565217], "aps": [0.5005144791853864, 0.5005144791853864, 0.5005144791853864, 0.41392762150228757, 0.45226375609137126, 0.5005144791853864, 0.4202126239335545, 0.5005144791853864, 0.5005144791853864, 0.41392762150228757], "f1": [0.578512396694215, 0.578512396694215, 0.578512396694215, 0.0, 0.0, 0.578512396694215, 0.0, 0.578512396694215, 0.578512396694215, 0.0], "auprc": [0.4922207691835974, 0.4922207691835974, 0.4922207691835974, 0.39804813342970324, 0.4340987492990038, 0.4922207691835974, 0.40414751822858547, 0.4922207691835974, 0.4922207691835974, 0.39804813342970324]}]}