{"enet": [{"auroc": [0.5415233415233416, 0.5022113022113022, 0.5213759213759214, 0.5105651105651106, 0.5444717444717445, 0.5022113022113022, 0.5, 0.5425061425061425, 0.5022113022113022, 0.5759213759213759], "acc": [0.5978260869565217, 0.5652173913043478, 0.5978260869565217, 0.5869565217391305, 0.5978260869565217, 0.5652173913043478, 0.40217391304347827, 0.5978260869565217, 0.5652173913043478, 0.5978260869565217], "aps": [0.49441461897625333, 0.4494761381752841, 0.43946531514884013, 0.4448183809744623, 0.45049449639241146, 0.4494761381752841, 0.40217391304347827, 0.46728387563137064, 0.4494761381752841, 0.49535626303394364], "f1": [0.0, 0.2, 0.0, 0.13636363636363638, 0.0, 0.2, 0.5736434108527132, 0.0, 0.2, 0.05128205128205129], "auprc": [0.4860967757595087, 0.4379350470809559, 0.42091156733008794, 0.4330491005985345, 0.43633078485864124, 0.4379350470809559, 0.7010869565217391, 0.44856335622601523, 0.4379350470809559, 0.4771139677772707]}]}