{"enet": [{"auroc": [0.4894348894348895, 0.4707616707616708, 0.4707616707616708, 0.4707616707616708, 0.5179361179361179, 0.47469287469287474, 0.49189189189189186, 0.5, 0.47469287469287474, 0.4707616707616708], "acc": [0.5978260869565217, 0.5978260869565217, 0.5978260869565217, 0.5978260869565217, 0.5978260869565217, 0.5978260869565217, 0.5978260869565217, 0.40217391304347827, 0.5978260869565217, 0.5978260869565217], "aps": [0.4397130786500862, 0.40297769022017227, 0.40297769022017227, 0.40297769022017227, 0.4437349149456101, 0.4308384894596455, 0.4030357592471966, 0.40217391304347827, 0.4308384894596455, 0.40297769022017227], "f1": [0.0, 0.0, 0.0, 0.0, 0.0, 0.0, 0.0, 0.5736434108527132, 0.0, 0.0], "auprc": [0.4279919717499064, 0.38501934102066576, 0.38501934102066576, 0.38501934102066576, 0.427397590799595, 0.41930570048046295, 0.3870302285307103, 0.7010869565217391, 0.41930570048046295, 0.38501934102066576]}]}