{"enet": [{"auroc": [0.5385749385749385, 0.5385749385749385, 0.5385749385749385, 0.5665847665847666, 0.49484029484029485, 0.5385749385749385, 0.606879606879607, 0.49484029484029485, 0.5385749385749385, 0.5385749385749385], "acc": [0.5869565217391305, 0.5869565217391305, 0.5869565217391305, 0.5978260869565217, 0.5760869565217391, 0.5869565217391305, 0.5978260869565217, 0.5760869565217391, 0.5869565217391305, 0.5869565217391305], "aps": [0.4679269021190159, 0.4679269021190159, 0.4679269021190159, 0.46482194506326424, 0.41393558557153376, 0.4679269021190159, 0.5233263747339041, 0.41393558557153376, 0.4679269021190159, 0.4679269021190159], "f1": [0.17391304347826086, 0.17391304347826086, 0.17391304347826086, 0.0, 0.0, 0.17391304347826086, 0.0, 0.0, 0.17391304347826086, 0.17391304347826086], "auprc": [0.45841642047488096, 0.45841642047488096, 0.45841642047488096, 0.44613553274980566, 0.3977061413665448, 0.45841642047488096, 0.505249502284495, 0.3977061413665448, 0.45841642047488096, 0.45841642047488096]}]}