{"auroc": [0.5567567567567567, 0.4982800982800983, 0.5459459459459459, 0.5135135135135136, 0.5528255528255528, 0.5484029484029485, 0.6127764127764128, 0.5095823095823097, 0.5400491400491401, 0.5798525798525799], "acc": [0.5978260869565217, 0.40217391304347827, 0.5760869565217391, 0.40217391304347827, 0.5978260869565217, 0.5869565217391305, 0.5869565217391305, 0.40217391304347827, 0.5760869565217391, 0.6086956521739131], "aps": [0.4222469042015267, 0.42810718850815793, 0.4232954718144506, 0.3948296320875124, 0.44567071641675876, 0.4296863561143077, 0.4654001874152949, 0.40691894461055245, 0.4714202207627344, 0.5060148477822446], "f1": [0.0, 0.5736434108527132, 0.0, 0.5736434108527132, 0.0, 0.0, 0.0, 0.5736434108527132, 0.20408163265306126, 0.1], "auprc": [0.40840717382106007, 0.4165531681822499, 0.40887320171149977, 0.380848080816401, 0.43438403596597513, 0.41495097141368636, 0.45284254312578653, 0.38946076958441417, 0.45943662354276144, 0.48746735187937396]}