{"auroc": [0.5262899262899264, 0.5184275184275184, 0.5292383292383291, 0.5533169533169534, 0.5316953316953317, 0.5194103194103195, 0.5321867321867322, 0.5434889434889435, 0.542997542997543, 0.6235872235872236], "acc": [0.40217391304347827, 0.40217391304347827, 0.43478260869565216, 0.40217391304347827, 0.6086956521739131, 0.40217391304347827, 0.40217391304347827, 0.40217391304347827, 0.40217391304347827, 0.40217391304347827], "aps": [0.40138545395594183, 0.4071613197458882, 0.42433337999242515, 0.4240571759658181, 0.4775080823679199, 0.4061348012863617, 0.4099229775356114, 0.41004065576374005, 0.4128531579529154, 0.5325069379137436], "f1": [0.5736434108527132, 0.5736434108527132, 0.5873015873015873, 0.5736434108527132, 0.052631578947368425, 0.5736434108527132, 0.5736434108527132, 0.5736434108527132, 0.5736434108527132, 0.5669291338582677], "auprc": [0.3885709850667299, 0.39194219166693456, 0.4060387305081029, 0.4105346810714121, 0.46794899793973965, 0.393000257982389, 0.3956899927279857, 0.3967990870174151, 0.3998480870518173, 0.5140332862203932]}