{"auroc": [0.5277641277641278, 0.5405405405405405, 0.5700245700245701, 0.5434889434889435, 0.5606879606879607, 0.5538083538083538, 0.547911547911548, 0.5331695331695332, 0.5405405405405406, 0.5415233415233416], "acc": [0.5978260869565217, 0.40217391304347827, 0.5978260869565217, 0.40217391304347827, 0.5978260869565217, 0.40217391304347827, 0.40217391304347827, 0.40217391304347827, 0.40217391304347827, 0.5978260869565217], "aps": [0.43661532640637346, 0.4135168347472683, 0.4738340015558303, 0.41853723350603067, 0.4864831130738656, 0.41872806810376595, 0.41168401868279636, 0.40618294855836723, 0.41112718026595424, 0.42967618811615294], "f1": [0.0, 0.5736434108527132, 0.0975609756097561, 0.5736434108527132, 0.0, 0.5736434108527132, 0.5736434108527132, 0.5736434108527132, 0.5736434108527132, 0.0], "auprc": [0.41806178269376926, 0.4000640330752321, 0.4642547648064267, 0.4055339221509529, 0.4786030619388232, 0.40514131384362795, 0.39885389040772273, 0.392937276154844, 0.39773998805515703, 0.4112980532073735]}