{"auroc": [0.5420147420147421, 0.5665847665847666, 0.6004914004914005, 0.5631449631449632, 0.5508599508599509, 0.5341523341523342, 0.4732186732186733, 0.5528255528255529, 0.5356265356265356, 0.6230958230958231], "acc": [0.40217391304347827, 0.40217391304347827, 0.40217391304347827, 0.40217391304347827, 0.5869565217391305, 0.40217391304347827, 0.5978260869565217, 0.40217391304347827, 0.40217391304347827, 0.40217391304347827], "aps": [0.4108688112675165, 0.43354672418858775, 0.48691583960991563, 0.47896031848745496, 0.4995435288230947, 0.4068509800889146, 0.38272139712023384, 0.41726136124005825, 0.411325181763751, 0.5018229288230941], "f1": [0.5736434108527132, 0.5736434108527132, 0.5736434108527132, 0.5736434108527132, 0.3214285714285714, 0.5736434108527132, 0.0, 0.5736434108527132, 0.5736434108527132, 0.5736434108527132], "auprc": [0.39794958384900003, 0.4181376667591201, 0.46814104431215403, 0.46702516881416206, 0.4911846038785814, 0.3939165660866357, 0.3678841140635841, 0.4040615132520433, 0.3982316089212272, 0.4898369858361964]}