{"auroc": [0.5425061425061425, 0.6167076167076168, 0.5469287469287469, 0.600982800982801, 0.6088452088452089, 0.5184275184275184, 0.5395577395577396, 0.5891891891891892, 0.5498771498771499, 0.5626535626535626], "acc": [0.40217391304347827, 0.40217391304347827, 0.40217391304347827, 0.40217391304347827, 0.6304347826086957, 0.40217391304347827, 0.40217391304347827, 0.40217391304347827, 0.40217391304347827, 0.40217391304347827], "aps": [0.41150572658754037, 0.513787127782905, 0.4616864082348139, 0.5249329944590553, 0.4901535412824972, 0.407792846259055, 0.4097623898372501, 0.459437460832853, 0.41697047731811876, 0.4474147239310785], "f1": [0.5736434108527132, 0.5736434108527132, 0.5736434108527132, 0.5736434108527132, 0.22727272727272727, 0.5736434108527132, 0.5736434108527132, 0.5736434108527132, 0.5736434108527132, 0.5736434108527132], "auprc": [0.3980834874566046, 0.49556347938116396, 0.44303362331184815, 0.516715181438022, 0.47380990423276487, 0.39435816386882105, 0.3957294553584272, 0.44106001377287873, 0.4038362657623281, 0.4289866685535397]}