{"auroc": [0.6304668304668305, 0.5341523341523342, 0.5213759213759214, 0.5690417690417691, 0.5321867321867322, 0.542997542997543, 0.5611793611793612, 0.5557739557739558, 0.5253071253071253, 0.6103194103194104], "acc": [0.40217391304347827, 0.40217391304347827, 0.5978260869565217, 0.40217391304347827, 0.44565217391304346, 0.40217391304347827, 0.40217391304347827, 0.40217391304347827, 0.40217391304347827, 0.40217391304347827], "aps": [0.5117668163293564, 0.40672941123377937, 0.470161338514549, 0.45295857776169446, 0.4560271795339112, 0.4128823425946302, 0.42612932673089104, 0.4170328191508237, 0.4034470782135998, 0.5156073097274603], "f1": [0.5736434108527132, 0.5736434108527132, 0.3018867924528302, 0.5736434108527132, 0.5920000000000001, 0.5736434108527132, 0.5736434108527132, 0.5736434108527132, 0.5736434108527132, 0.5736434108527132], "auprc": [0.49299323519506455, 0.3939281555889421, 0.4605627684219836, 0.4344372647736088, 0.44442503378584175, 0.3996413577942386, 0.4116513609314031, 0.403640253165688, 0.3905568922654301, 0.5058453936504657]}