{"auroc": [0.5484029484029485, 0.5754299754299754, 0.488943488943489, 0.5385749385749387, 0.4776412776412776, 0.5400491400491401, 0.536117936117936, 0.5351351351351352, 0.5405405405405406, 0.5474201474201474], "acc": [0.40217391304347827, 0.40217391304347827, 0.5978260869565217, 0.40217391304347827, 0.40217391304347827, 0.40217391304347827, 0.40217391304347827, 0.40217391304347827, 0.40217391304347827, 0.40217391304347827], "aps": [0.418819274101642, 0.4479279500658551, 0.4263656935165484, 0.41345452066360194, 0.42777402982799323, 0.4106377208622934, 0.4072234645845063, 0.40958477948139693, 0.4138594650576685, 0.4455388155099028], "f1": [0.5736434108527132, 0.5736434108527132, 0.0, 0.5736434108527132, 0.5736434108527132, 0.5736434108527132, 0.5736434108527132, 0.5736434108527132, 0.5736434108527132, 0.5736434108527132], "auprc": [0.40530135921307264, 0.4322463670644942, 0.4081268011534519, 0.39914407103780164, 0.41854719491997433, 0.39769994120850233, 0.3943555280506629, 0.3965693238889065, 0.400324002246934, 0.42919489980781506]}