{"auroc": [0.5508599508599509, 0.5518427518427519, 0.5081081081081081, 0.5710073710073711, 0.5606879606879608, 0.542997542997543, 0.5434889434889436, 0.5464373464373465, 0.547911547911548, 0.5297297297297299], "acc": [0.40217391304347827, 0.40217391304347827, 0.40217391304347827, 0.40217391304347827, 0.40217391304347827, 0.40217391304347827, 0.40217391304347827, 0.40217391304347827, 0.40217391304347827, 0.40217391304347827], "aps": [0.4141480725719147, 0.42404127177711987, 0.41791527486812774, 0.4800376135379525, 0.4938672918002089, 0.4111926306865208, 0.41324862170811405, 0.4098657170611649, 0.4130149960495272, 0.4078444011315827], "f1": [0.5736434108527132, 0.5736434108527132, 0.5736434108527132, 0.5736434108527132, 0.5736434108527132, 0.5736434108527132, 0.5736434108527132, 0.5736434108527132, 0.5736434108527132, 0.5736434108527132], "auprc": [0.4012974640176978, 0.40947328345474104, 0.3995637981074049, 0.46130843933246507, 0.48235033800321603, 0.39826973264484083, 0.40017485507189116, 0.39710652074563746, 0.40009984988112623, 0.39411602341023566]}