{"auroc": [0.5292383292383293, 0.5179361179361179, 0.5759213759213759, 0.5243243243243243, 0.5022113022113023, 0.5395577395577396, 0.5454545454545455, 0.5351351351351352, 0.5444717444717445, 0.6388206388206388], "acc": [0.40217391304347827, 0.40217391304347827, 0.40217391304347827, 0.40217391304347827, 0.5978260869565217, 0.40217391304347827, 0.40217391304347827, 0.40217391304347827, 0.40217391304347827, 0.5978260869565217], "aps": [0.4061937340610595, 0.4100902485680541, 0.5166054671024702, 0.42638569617933586, 0.4181100687280556, 0.4147946393292084, 0.41469880834128203, 0.4055406829741224, 0.4150934143402322, 0.47915063657301854], "f1": [0.5736434108527132, 0.5736434108527132, 0.5736434108527132, 0.5736434108527132, 0.0, 0.5736434108527132, 0.5736434108527132, 0.5736434108527132, 0.5736434108527132, 0.0], "auprc": [0.3932355103329369, 0.3955892118019664, 0.5083694716189708, 0.4102584267760733, 0.40688515931833413, 0.40058180241366226, 0.4012820054222588, 0.39280794195044855, 0.40149245478376544, 0.46438403682613566]}