{"auroc": [0.49385749385749383, 0.5877149877149878, 0.539066339066339, 0.5400491400491401, 0.5228501228501229, 0.5390663390663392, 0.5429975429975431, 0.5557739557739558, 0.5007371007371009, 0.5454545454545455], "acc": [0.5978260869565217, 0.40217391304347827, 0.40217391304347827, 0.40217391304347827, 0.5978260869565217, 0.5543478260869565, 0.40217391304347827, 0.40217391304347827, 0.5434782608695652, 0.40217391304347827], "aps": [0.4037413502079306, 0.49720604931424495, 0.44382691401928387, 0.4444328103205305, 0.45336668676283987, 0.40694692343462807, 0.4139190356605064, 0.4238927954665984, 0.4066753624396109, 0.4209810018537405], "f1": [0.0, 0.5736434108527132, 0.5736434108527132, 0.5736434108527132, 0.0, 0.046511627906976744, 0.5736434108527132, 0.5736434108527132, 0.25, 0.5736434108527132], "auprc": [0.3932673753792517, 0.48770068430808833, 0.42560279808363766, 0.42613946874226016, 0.44402796788347526, 0.39316797572110984, 0.4004911857651462, 0.4085169813348774, 0.3906408312344061, 0.4070897166923101]}