{"auroc": [0.5203931203931204, 0.543980343980344, 0.45995085995086, 0.5651105651105651, 0.5714987714987716, 0.5518427518427519, 0.544963144963145, 0.548894348894349, 0.5248157248157248, 0.6461916461916462], "acc": [0.6086956521739131, 0.40217391304347827, 0.5434782608695652, 0.40217391304347827, 0.40217391304347827, 0.40217391304347827, 0.40217391304347827, 0.40217391304347827, 0.40217391304347827, 0.5978260869565217], "aps": [0.43947433196167585, 0.42460012017413024, 0.40130674485572543, 0.43543139658689334, 0.48339280904954474, 0.41652725777135663, 0.41551049532626694, 0.41457518101414614, 0.43584742558810424, 0.5460946693581736], "f1": [0.18181818181818182, 0.5736434108527132, 0.27586206896551724, 0.5736434108527132, 0.5736434108527132, 0.5736434108527132, 0.5736434108527132, 0.5736434108527132, 0.5736434108527132, 0.0], "auprc": [0.4209693065840436, 0.4096927926377281, 0.3901898323891767, 0.4195953095934472, 0.4737900472850953, 0.4029337427299993, 0.4023248789445082, 0.4015725733304513, 0.42434177952226154, 0.5278622705912954]}