{"auroc": [0.5331695331695332, 0.571990171990172, 0.5321867321867322, 0.5547911547911548, 0.6339066339066339, 0.5415233415233416, 0.5464373464373465, 0.5248157248157248, 0.5459459459459459, 0.5651105651105652], "acc": [0.40217391304347827, 0.40217391304347827, 0.5543478260869565, 0.40217391304347827, 0.5978260869565217, 0.40217391304347827, 0.40217391304347827, 0.40217391304347827, 0.40217391304347827, 0.5978260869565217], "aps": [0.40491110200170266, 0.47568790552810597, 0.4291443769789294, 0.4554443032986447, 0.5392727295265061, 0.41050447772170945, 0.41392879204767696, 0.4080326947094127, 0.41264113229098964, 0.4750180583955272], "f1": [0.5736434108527132, 0.5736434108527132, 0.19607843137254902, 0.5736434108527132, 0.0, 0.5736434108527132, 0.5736434108527132, 0.5736434108527132, 0.5736434108527132, 0.0], "auprc": [0.39208317549564575, 0.46378554257354127, 0.41117167477492783, 0.4371402234877013, 0.529787121770032, 0.3972035323285935, 0.40050815343996643, 0.3929188223115397, 0.3997280777529122, 0.46306760742754005]}