{"auroc": [0.5257985257985258, 0.5533169533169533, 0.5444717444717445, 0.6152334152334152, 0.5562653562653563, 0.5410319410319411, 0.4732186732186732, 0.5243243243243244, 0.5557739557739558, 0.5577395577395577], "acc": [0.5978260869565217, 0.40217391304347827, 0.40217391304347827, 0.40217391304347827, 0.5, 0.40217391304347827, 0.40217391304347827, 0.40217391304347827, 0.40217391304347827, 0.5978260869565217], "aps": [0.4310482132139637, 0.4473418030992118, 0.42923605332649906, 0.5142429931826141, 0.45157096935014324, 0.4057387922546344, 0.38891615387539136, 0.4027618291244528, 0.4249403513705531, 0.4623281162692643], "f1": [0.0, 0.5736434108527132, 0.5736434108527132, 0.5736434108527132, 0.6034482758620688, 0.5736434108527132, 0.5736434108527132, 0.5736434108527132, 0.5736434108527132, 0.0], "auprc": [0.41262816853722617, 0.43109941985837513, 0.4111192151398194, 0.49608060200864174, 0.4399757478977527, 0.3926899679370285, 0.37112122194017844, 0.3893766090547687, 0.411630929402561, 0.4504484782428856]}