{"auroc": [0.5336609336609337, 0.5597051597051597, 0.5312039312039313, 0.5262899262899263, 0.6122850122850123, 0.5415233415233416, 0.5538083538083538, 0.5302211302211302, 0.548894348894349, 0.5336609336609337], "acc": [0.40217391304347827, 0.40217391304347827, 0.6086956521739131, 0.40217391304347827, 0.5978260869565217, 0.40217391304347827, 0.40217391304347827, 0.40217391304347827, 0.40217391304347827, 0.5543478260869565], "aps": [0.4083419303597132, 0.4272984147970945, 0.44649875192175725, 0.4117280078866178, 0.5129237469551825, 0.4155644210688174, 0.4161348124138382, 0.404874593404821, 0.4148676767310059, 0.4418660372808282], "f1": [0.5736434108527132, 0.5736434108527132, 0.33333333333333337, 0.5736434108527132, 0.0, 0.5736434108527132, 0.5736434108527132, 0.5736434108527132, 0.5736434108527132, 0.4383561643835616], "auprc": [0.39495496697641486, 0.4129764799989321, 0.42791447728802084, 0.397356708207782, 0.5011740794451637, 0.4012709216801795, 0.40316431125802454, 0.3920079323499642, 0.40188799093171657, 0.4232657115753229]}