{"auroc": [0.5410319410319411, 0.5660933660933661, 0.5508599508599509, 0.5651105651105651, 0.5533169533169533, 0.5601965601965603, 0.5341523341523342, 0.5292383292383293, 0.5307125307125308, 0.5754299754299755], "acc": [0.40217391304347827, 0.40217391304347827, 0.5869565217391305, 0.40217391304347827, 0.6195652173913043, 0.40217391304347827, 0.40217391304347827, 0.40217391304347827, 0.40217391304347827, 0.532608695652174], "aps": [0.41209043405950607, 0.4620489348309475, 0.4436290992654389, 0.4246461253664928, 0.4880780098810264, 0.42726939709698475, 0.4081777144223451, 0.40792513554542287, 0.4183162243413185, 0.47921518140524194], "f1": [0.5736434108527132, 0.5736434108527132, 0.0, 0.5736434108527132, 0.10256410256410257, 0.5736434108527132, 0.5736434108527132, 0.5736434108527132, 0.5736434108527132, 0.5904761904761905], "auprc": [0.3991156781579828, 0.4433949743782494, 0.4273808536716362, 0.41124577001045476, 0.47973353110864886, 0.4121012923652166, 0.39522640282520016, 0.39426156346985, 0.40346977640225445, 0.4604835638926924]}