{"auroc": [0.547911547911548, 0.5651105651105651, 0.5253071253071254, 0.5857493857493858, 0.5764127764127764, 0.5400491400491401, 0.5351351351351351, 0.5523341523341523, 0.5366093366093367, 0.6230958230958231], "acc": [0.5869565217391305, 0.40217391304347827, 0.40217391304347827, 0.40217391304347827, 0.5978260869565217, 0.40217391304347827, 0.40217391304347827, 0.40217391304347827, 0.40217391304347827, 0.40217391304347827], "aps": [0.4423988543036219, 0.42752583394364774, 0.44347899304370925, 0.5036264389485547, 0.5183945791420027, 0.40947841530032014, 0.40979268484481124, 0.41520005983137787, 0.425099179295926, 0.529947119548733], "f1": [0.0, 0.5736434108527132, 0.5736434108527132, 0.5736434108527132, 0.0, 0.5736434108527132, 0.5736434108527132, 0.5736434108527132, 0.5736434108527132, 0.5736434108527132], "auprc": [0.4238016497505008, 0.41429592692385464, 0.427042384470867, 0.4939317485334242, 0.5094861614552563, 0.39658879159895144, 0.3963833089090823, 0.4020269887866157, 0.40708639005244346, 0.511777501137516]}