{"auroc": [0.5184275184275184, 0.5469287469287469, 0.5115479115479116, 0.5351351351351351, 0.5941031941031941, 0.5641277641277641, 0.5321867321867323, 0.547911547911548, 0.546928746928747, 0.4820638820638821], "acc": [0.5978260869565217, 0.40217391304347827, 0.6086956521739131, 0.40217391304347827, 0.5978260869565217, 0.40217391304347827, 0.40217391304347827, 0.40217391304347827, 0.40217391304347827, 0.40217391304347827], "aps": [0.4370641705896311, 0.4625522407084818, 0.43176433325604446, 0.42669933945625144, 0.5411842748624318, 0.43540222118047445, 0.4065336207834699, 0.4127304354871044, 0.41348200892288545, 0.3973495492920298], "f1": [0.0, 0.5736434108527132, 0.2173913043478261, 0.5736434108527132, 0.0, 0.5736434108527132, 0.5736434108527132, 0.5736434108527132, 0.5736434108527132, 0.5736434108527132], "auprc": [0.42543077333767176, 0.45300850954559135, 0.41323457275102266, 0.41172563179740057, 0.5340665926942825, 0.4177317499087398, 0.39359536179689225, 0.39944752589357785, 0.40017245871652696, 0.3830894080888863]}