{"auroc": [0.5454545454545455, 0.5282555282555282, 0.5312039312039312, 0.625061425061425, 0.5803439803439803, 0.5366093366093366, 0.5321867321867322, 0.5395577395577396, 0.539066339066339, 0.5847665847665848], "acc": [0.40217391304347827, 0.40217391304347827, 0.6195652173913043, 0.40217391304347827, 0.40217391304347827, 0.40217391304347827, 0.40217391304347827, 0.40217391304347827, 0.40217391304347827, 0.5760869565217391], "aps": [0.42720278685615387, 0.41772177023023843, 0.4434428524348883, 0.5298238883090989, 0.46942590080191093, 0.4101864397919722, 0.40675662290502695, 0.41945701695790105, 0.41338024635022086, 0.4700885091711714], "f1": [0.5736434108527132, 0.5736434108527132, 0.14634146341463414, 0.5736434108527132, 0.5736434108527132, 0.5736434108527132, 0.5736434108527132, 0.5736434108527132, 0.5736434108527132, 0.04878048780487805], "auprc": [0.4110971089612827, 0.4037865588413685, 0.42508524330004865, 0.5201809622527813, 0.4511352718845729, 0.3971916029056599, 0.39381659959495474, 0.40550083445092067, 0.40020419273178864, 0.45155183952563416]}