{"auroc": [0.5213759213759214, 0.518918918918919, 0.5071253071253071, 0.5464373464373464, 0.5744471744471745, 0.548894348894349, 0.5366093366093366, 0.5400491400491401, 0.5351351351351352, 0.6186732186732187], "acc": [0.43478260869565216, 0.40217391304347827, 0.6086956521739131, 0.40217391304347827, 0.6195652173913043, 0.40217391304347827, 0.40217391304347827, 0.40217391304347827, 0.40217391304347827, 0.40217391304347827], "aps": [0.44781184599576807, 0.4088702982569012, 0.4422486610528325, 0.4230792067483836, 0.49845462562448567, 0.41722981640806767, 0.40605517940129465, 0.40692641903710736, 0.4078234854103946, 0.5260122324599491], "f1": [0.5737704918032787, 0.5736434108527132, 0.052631578947368425, 0.5736434108527132, 0.10256410256410257, 0.5736434108527132, 0.5736434108527132, 0.5736434108527132, 0.5736434108527132, 0.5736434108527132], "auprc": [0.4293183655788039, 0.39526582268400473, 0.4328764818112773, 0.4089282256244168, 0.49009703974542035, 0.40311449134826216, 0.39319607363858317, 0.39424544556996277, 0.3948420691235975, 0.5162335694199942]}