{"auroc": [0.5857493857493857, 0.6098280098280099, 0.5592137592137593, 0.5577395577395577, 0.5562653562653563, 0.5184275184275184, 0.54987714987715, 0.5277641277641278, 0.5434889434889435, 0.5395577395577396], "acc": [0.5978260869565217, 0.40217391304347827, 0.5, 0.40217391304347827, 0.5978260869565217, 0.40217391304347827, 0.40217391304347827, 0.40217391304347827, 0.40217391304347827, 0.5978260869565217], "aps": [0.49493149422794713, 0.49737088003446794, 0.46494017565919654, 0.45718896863064273, 0.514101880849149, 0.39677209507582945, 0.41464786790022845, 0.40257188730914756, 0.42784865443752984, 0.46658058764913074], "f1": [0.0, 0.5736434108527132, 0.5106382978723405, 0.5736434108527132, 0.0, 0.5736434108527132, 0.5736434108527132, 0.5736434108527132, 0.5736434108527132, 0.0], "auprc": [0.4829336762244246, 0.48114456827790714, 0.4462093051953906, 0.43851202597092975, 0.5074723444086743, 0.38387713529633, 0.4012380983427731, 0.3898103019458716, 0.41163085431746776, 0.4546928597619829]}