{"auroc": [0.5636363636363637, 0.5651105651105651, 0.49975429975429975, 0.5764127764127764, 0.5361179361179361, 0.5405405405405406, 0.5498771498771499, 0.5326781326781327, 0.4761670761670762, 0.6471744471744472], "acc": [0.5978260869565217, 0.40217391304347827, 0.41304347826086957, 0.40217391304347827, 0.5978260869565217, 0.40217391304347827, 0.40217391304347827, 0.40217391304347827, 0.5978260869565217, 0.5978260869565217], "aps": [0.48183736167228286, 0.4753147513109448, 0.43102290925920084, 0.47676902076088423, 0.4656155243979299, 0.4087026583952141, 0.41768247710806017, 0.40179015342727836, 0.3830978770385009, 0.5239449121971987], "f1": [0.0, 0.5736434108527132, 0.578125, 0.5736434108527132, 0.0, 0.5736434108527132, 0.5736434108527132, 0.5736434108527132, 0.0, 0.0], "auprc": [0.46317537299024536, 0.45659152841809325, 0.4124682240233814, 0.4578428114751704, 0.4567726276584012, 0.3957629949770214, 0.40429773135203373, 0.38924062769118606, 0.3697568673250172, 0.5053789380132255]}