{"auroc": [0.399017199017199, 0.5987714987714988, 0.4027027027027027, 0.4164619164619165, 0.5528255528255528, 0.5968058968058968, 0.5918918918918918, 0.4152334152334153, 0.5331695331695332, 0.3987714987714988], "acc": [0.5978260869565217, 0.40217391304347827, 0.5978260869565217, 0.40217391304347827, 0.5978260869565217, 0.40217391304347827, 0.40217391304347827, 0.5978260869565217, 0.5978260869565217, 0.40217391304347827], "aps": [0.35084672924988863, 0.48248097444050686, 0.35511871875887213, 0.3549342758225882, 0.41858430905344074, 0.4814495874616661, 0.4750514007853004, 0.35861782894300515, 0.4048020713857041, 0.35310409538932985], "f1": [0.0, 0.5736434108527132, 0.0, 0.5736434108527132, 0.0, 0.5736434108527132, 0.5736434108527132, 0.0, 0.0, 0.5736434108527132], "auprc": [0.33741172323367274, 0.46388324114355894, 0.34023949459924624, 0.34219201751405026, 0.4063568136080668, 0.4628407916136778, 0.45654736084588027, 0.3458973396650087, 0.3935821535768672, 0.337950299679442]}