{"auroc": [0.4800982800982801, 0.4813267813267813, 0.49090909090909096, 0.4400491400491401, 0.4751842751842752, 0.47346437346437353, 0.5174447174447174, 0.47862407862407863, 0.4987714987714988, 0.51990171990172], "acc": [0.40217391304347827, 0.5978260869565217, 0.40217391304347827, 0.5978260869565217, 0.5978260869565217, 0.40217391304347827, 0.5978260869565217, 0.5978260869565217, 0.5978260869565217, 0.40217391304347827], "aps": [0.3716064463741872, 0.38085730696318976, 0.37938924255703455, 0.36074055006057004, 0.3741124047039955, 0.38056669958859957, 0.3911051757270295, 0.37318879003733235, 0.3808363128525694, 0.3899058031219905], "f1": [0.5736434108527132, 0.0, 0.5736434108527132, 0.0, 0.0, 0.5736434108527132, 0.0, 0.0, 0.0, 0.5736434108527132], "auprc": [0.36167132584685213, 0.36692856122674744, 0.36677404123975965, 0.3438559657122903, 0.36276897975116096, 0.3633155964866448, 0.37888230151255753, 0.36161823195940435, 0.3690501057731841, 0.3793171813863233]}