{"auroc": [0.5508599508599509, 0.5277641277641277, 0.6132678132678133, 0.5690417690417691, 0.5788697788697789, 0.5852579852579852, 0.5803439803439804, 0.5297297297297298, 0.5906633906633907, 0.5179361179361179], "acc": [0.5978260869565217, 0.5978260869565217, 0.5978260869565217, 0.5978260869565217, 0.5978260869565217, 0.5978260869565217, 0.5978260869565217, 0.5978260869565217, 0.5978260869565217, 0.5978260869565217], "aps": [0.4463854710544428, 0.4345672614952413, 0.5418257130685238, 0.4751839617985719, 0.5021638522632642, 0.471648852502658, 0.46882627211676986, 0.4382165555487699, 0.4816005236833991, 0.42593293154230577], "f1": [0.0, 0.0, 0.0, 0.0, 0.0, 0.0, 0.4931506849315069, 0.0975609756097561, 0.0, 0.0], "auprc": [0.435181039593552, 0.4167381364097013, 0.5315469815605518, 0.46346991481259375, 0.48608873565309807, 0.4532974042482513, 0.4537580668181493, 0.41974084561027986, 0.4700338250267832, 0.41500451911718433]}