{"auroc": [0.40589680589680593, 0.43194103194103195, 0.5282555282555282, 0.399017199017199, 0.42260442260442266, 0.6461916461916462, 0.500982800982801, 0.41670761670761675, 0.5154791154791155, 0.40442260442260447], "acc": [0.5978260869565217, 0.5978260869565217, 0.40217391304347827, 0.40217391304347827, 0.40217391304347827, 0.40217391304347827, 0.5978260869565217, 0.40217391304347827, 0.5869565217391305, 0.5978260869565217], "aps": [0.34666119526450934, 0.37316148922993964, 0.43258357411260107, 0.34498332883822996, 0.35493410452435664, 0.5274440308624696, 0.39249258189944525, 0.3562392215439003, 0.3981000351679733, 0.34465323926020186], "f1": [0.0, 0.0, 0.5736434108527132, 0.5736434108527132, 0.5736434108527132, 0.5736434108527132, 0.0, 0.5736434108527132, 0.0, 0.0], "auprc": [0.3312130274983153, 0.36364361224925407, 0.4211837158963772, 0.329421499149708, 0.34050409624699923, 0.5087560515334358, 0.3792615875395614, 0.3397114473122673, 0.38480076024592014, 0.3294739677212227]}