{"enet": [{"auroc": [0.47813267813267823, 0.487960687960688, 0.44570024570024575, 0.487960687960688, 0.487960687960688, 0.48992628992629, 0.5051597051597052, 0.487960687960688, 0.488943488943489, 0.48992628992629], "acc": [0.532608695652174, 0.532608695652174, 0.5652173913043478, 0.532608695652174, 0.532608695652174, 0.5434782608695652, 0.5434782608695652, 0.532608695652174, 0.532608695652174, 0.5434782608695652], "aps": [0.3758821838690034, 0.386045747729692, 0.37577839519783096, 0.386045747729692, 0.386045747729692, 0.3861011636219397, 0.38557157499372047, 0.386045747729692, 0.3780186633603473, 0.3861011636219397], "f1": [0.1568627450980392, 0.1568627450980392, 0.13043478260869568, 0.1568627450980392, 0.1568627450980392, 0.08695652173913043, 0.0, 0.1568627450980392, 0.0851063829787234, 0.08695652173913043], "auprc": [0.36408667255027427, 0.3982829627355744, 0.35813267203343574, 0.3982829627355744, 0.3982829627355744, 0.3736978565318285, 0.37518463679862557, 0.3982829627355744, 0.36618231417858704, 0.3736978565318285]}]}