{"auroc": [0.4943488943488944, 0.527027027027027, 0.4783783783783784, 0.48452088452088454, 0.5014742014742015, 0.5115479115479116, 0.545945945945946, 0.5110565110565111, 0.4953316953316954, 0.5216216216216216], "acc": [0.5978260869565217, 0.40217391304347827, 0.40217391304347827, 0.40217391304347827, 0.5978260869565217, 0.5978260869565217, 0.5978260869565217, 0.5978260869565217, 0.40217391304347827, 0.40217391304347827], "aps": [0.3919976050737075, 0.42022763516619543, 0.39383132633070833, 0.3857386575893177, 0.39266709136760813, 0.4312196778657371, 0.46321343708232693, 0.431059288198377, 0.39570464679019435, 0.4210826967782192], "f1": [0.0, 0.5736434108527132, 0.5736434108527132, 0.5736434108527132, 0.0, 0.0, 0.0, 0.0, 0.5736434108527132, 0.5736434108527132], "auprc": [0.37671510065189384, 0.4022065391950505, 0.38444739035187264, 0.372932751452368, 0.3805341375812257, 0.4197054505271196, 0.45166275840035996, 0.4195783934170826, 0.381987922284099, 0.4031561936485463]}