{"auroc": [0.4457002457002457, 0.49680589680589676, 0.47174447174447176, 0.49877149877149884, 0.5233415233415234, 0.5078624078624079, 0.5108108108108109, 0.5024570024570025, 0.4769041769041769, 0.4685503685503685], "acc": [0.40217391304347827, 0.5978260869565217, 0.5978260869565217, 0.40217391304347827, 0.5978260869565217, 0.5978260869565217, 0.40217391304347827, 0.40217391304347827, 0.5978260869565217, 0.40217391304347827], "aps": [0.36635092976510025, 0.3985126474162898, 0.3839128068699605, 0.4106321745484248, 0.45522250906298894, 0.41438893088921647, 0.4102306766352257, 0.40902938140886214, 0.38866931444088454, 0.4142286906700446], "f1": [0.5736434108527132, 0.0, 0.0, 0.5736434108527132, 0.0, 0.0, 0.5736434108527132, 0.5736434108527132, 0.0, 0.5736434108527132], "auprc": [0.3535633385122435, 0.38619957337544364, 0.3697740261553486, 0.3923779950047482, 0.4432899380730038, 0.3983709594036879, 0.3925467182955778, 0.39554144967713334, 0.3740376288845294, 0.4021414929387309]}