{"auroc": [0.46044226044226044, 0.48108108108108105, 0.4857493857493858, 0.4914004914004914, 0.5265356265356266, 0.4781326781326782, 0.48181818181818187, 0.4862407862407863, 0.5081081081081081, 0.5243243243243243], "acc": [0.40217391304347827, 0.40217391304347827, 0.40217391304347827, 0.40217391304347827, 0.40217391304347827, 0.5978260869565217, 0.5978260869565217, 0.5978260869565217, 0.40217391304347827, 0.40217391304347827], "aps": [0.40801907857863196, 0.3979975264353424, 0.40120205518775776, 0.40272294058089486, 0.43322843773207553, 0.3978043507467859, 0.4059710011873977, 0.3775731323884879, 0.40625579813222834, 0.412400417122636], "f1": [0.5736434108527132, 0.5736434108527132, 0.5736434108527132, 0.5736434108527132, 0.5736434108527132, 0.0, 0.0, 0.0, 0.5736434108527132, 0.5736434108527132], "auprc": [0.39324931569954846, 0.4076448167765155, 0.38597308712214856, 0.38479136954205223, 0.41684482569499165, 0.3845402713745948, 0.39178890177880543, 0.36578487831370515, 0.47624311954975573, 0.3911408356719267]}