{"auroc": [0.42653562653562654, 0.427027027027027, 0.4260442260442261, 0.4260442260442261, 0.428009828009828, 0.42702702702702705, 0.43734643734643736, 0.4316953316953317, 0.3884520884520885, 0.4260442260442261], "acc": [0.5978260869565217, 0.5978260869565217, 0.40217391304347827, 0.5978260869565217, 0.5978260869565217, 0.5978260869565217, 0.5978260869565217, 0.5978260869565217, 0.5978260869565217, 0.5978260869565217], "aps": [0.3761696467904593, 0.3794230269339778, 0.3791496763768694, 0.37707926645495715, 0.376574495517091, 0.40070481082546383, 0.404049756439962, 0.37874175754922756, 0.34712711497381854, 0.38915563956417565], "f1": [0.0, 0.0, 0.5736434108527132, 0.0, 0.0, 0.0, 0.0, 0.0, 0.0, 0.0], "auprc": [0.35828179232635615, 0.361386023918638, 0.3611087722119036, 0.3591338891009975, 0.35869270100785017, 0.3919156449459792, 0.3952536016635883, 0.36087528878002906, 0.33235233019932475, 0.3782738231719756]}