{"auroc": [0.42776412776412776, 0.4638820638820639, 0.6051597051597052, 0.6066339066339066, 0.3891891891891892, 0.4260442260442261, 0.4781326781326781, 0.42309582309582316, 0.4265356265356266, 0.42997542997543], "acc": [0.40217391304347827, 0.391304347826087, 0.5978260869565217, 0.5978260869565217, 0.5978260869565217, 0.40217391304347827, 0.5978260869565217, 0.40217391304347827, 0.40217391304347827, 0.5978260869565217], "aps": [0.37684967581415374, 0.41823463210805295, 0.5033418026334497, 0.48914844629864884, 0.347933618054987, 0.3768173688078663, 0.39602628860614464, 0.37806423542415335, 0.4093000638810586, 0.3639108338226834], "f1": [0.5736434108527132, 0.5409836065573771, 0.0, 0.0, 0.0, 0.5736434108527132, 0.0, 0.5736434108527132, 0.5736434108527132, 0.0], "auprc": [0.3593570883753302, 0.4091965602412047, 0.49150841752960667, 0.47073579001144905, 0.334185133870013, 0.358886372380724, 0.38219395722314203, 0.3600386159275967, 0.4007446890765908, 0.34685558203423006]}