{"auroc": [0.42260442260442266, 0.48452088452088454, 0.4486486486486487, 0.4496314496314497, 0.4545454545454546, 0.4176904176904177, 0.4476658476658477, 0.42997542997543003, 0.45257985257985267, 0.3945945945945946], "acc": [0.40217391304347827, 0.5978260869565217, 0.5978260869565217, 0.5978260869565217, 0.40217391304347827, 0.5978260869565217, 0.5978260869565217, 0.5978260869565217, 0.5978260869565217, 0.5978260869565217], "aps": [0.4012046522962529, 0.39344319552817775, 0.3709676418075544, 0.39039942104459563, 0.3786560506514851, 0.41065585101246743, 0.37057527566598514, 0.3621270304658405, 0.3678352207251882, 0.3750171194414111], "f1": [0.5736434108527132, 0.0, 0.0, 0.0, 0.5736434108527132, 0.0, 0.0, 0.0, 0.0, 0.0], "auprc": [0.39233930867480027, 0.37783953792095853, 0.3561609157252185, 0.3800248055087801, 0.3631634247255659, 0.4032427370159727, 0.35578053037759444, 0.3488690009135032, 0.35334903633826903, 0.3642987788490838]}