{"auroc": [0.5471744471744472, 0.5400491400491401, 0.5447174447174447, 0.4213759213759214, 0.6353808353808355, 0.4601965601965602, 0.46142506142506146, 0.4508599508599509, 0.6874692874692875, 0.4813267813267813], "acc": [0.5978260869565217, 0.40217391304347827, 0.5978260869565217, 0.40217391304347827, 0.5978260869565217, 0.5978260869565217, 0.5978260869565217, 0.5978260869565217, 0.40217391304347827, 0.5978260869565217], "aps": [0.41996773497490125, 0.4044898311194488, 0.41226699366763886, 0.3577930567636172, 0.5065758509858453, 0.374594348781248, 0.3742652464247237, 0.37408279147409584, 0.6011268465485997, 0.3890850490150103], "f1": [0.0, 0.5736434108527132, 0.0, 0.5736434108527132, 0.0, 0.0, 0.0, 0.0, 0.5736434108527132, 0.0], "auprc": [0.42005963020249093, 0.3933646668420585, 0.3982113165835136, 0.3412899730866943, 0.48795405879102643, 0.49298551547501535, 0.36052443708344495, 0.3360457697414219, 0.5975737803692251, 0.5179822344795587]}