{"auroc": [0.45970515970515974, 0.39066339066339073, 0.46240786240786247, 0.428009828009828, 0.4501228501228502, 0.5555282555282556, 0.44963144963144963, 0.5135135135135136, 0.5154791154791155, 0.49582309582309586], "acc": [0.5978260869565217, 0.5978260869565217, 0.5978260869565217, 0.5978260869565217, 0.5978260869565217, 0.40217391304347827, 0.5978260869565217, 0.5978260869565217, 0.5978260869565217, 0.5978260869565217], "aps": [0.3843947304863739, 0.3422167223984909, 0.3826369837006547, 0.3653909350862522, 0.3858428534044969, 0.4400377301490179, 0.3795396177443204, 0.401450000431843, 0.4093699776165562, 0.4098129854676026], "f1": [0.0, 0.0, 0.0, 0.0, 0.0, 0.5736434108527132, 0.0, 0.0, 0.0, 0.0], "auprc": [0.368734086062008, 0.3281861210083483, 0.367610413965764, 0.348638531573653, 0.34171403301773806, 0.42923523176285244, 0.3643569853880008, 0.38536920044595924, 0.3920489129858713, 0.3998415296555329]}