{"auroc": [0.46142506142506146, 0.5368550368550369, 0.3712530712530712, 0.4616707616707617, 0.46707616707616706, 0.49926289926289924, 0.47862407862407863, 0.4771498771498771, 0.4444717444717445, 0.4923832923832924], "acc": [0.5978260869565217, 0.40217391304347827, 0.5978260869565217, 0.5978260869565217, 0.40217391304347827, 0.5978260869565217, 0.5978260869565217, 0.5978260869565217, 0.5978260869565217, 0.5978260869565217], "aps": [0.3690179557573583, 0.41808193282027495, 0.338395616241582, 0.3781168952487667, 0.3734394900528871, 0.3844231478418487, 0.38682898447837843, 0.3768335167439779, 0.3556232138462472, 0.37833389453923466], "f1": [0.0, 0.5736434108527132, 0.0, 0.0, 0.5736434108527132, 0.0, 0.0, 0.0, 0.0, 0.0], "auprc": [0.35323456449477664, 0.40528172441150795, 0.3085546014582707, 0.36303898259559, 0.35752441941323937, 0.3730218151824706, 0.3698219891950953, 0.36066307202127246, 0.3450513824582555, 0.36668035523269094]}