{"auroc": [0.5336609336609337, 0.4343980343980344, 0.44963144963144963, 0.44176904176904186, 0.45257985257985256, 0.4756756756756757, 0.5710073710073711, 0.5582309582309583, 0.4523341523341523, 0.4331695331695332], "acc": [0.40217391304347827, 0.40217391304347827, 0.5978260869565217, 0.5978260869565217, 0.5978260869565217, 0.40217391304347827, 0.40217391304347827, 0.40217391304347827, 0.5978260869565217, 0.5978260869565217], "aps": [0.4178774557720234, 0.3513389547848169, 0.37968274923643475, 0.37337401101571366, 0.38535109237609455, 0.40848841890928983, 0.46731741684853867, 0.46442449413937814, 0.38402092480939654, 0.36343157729940556], "f1": [0.5736434108527132, 0.5736434108527132, 0.0, 0.0, 0.0, 0.5736434108527132, 0.5736434108527132, 0.5736434108527132, 0.0, 0.0], "auprc": [0.4019495908680535, 0.34054771555401125, 0.3621412061336918, 0.3590771241417209, 0.36763782657889843, 0.39665289671724424, 0.44859047437216937, 0.44583028224158106, 0.3663763371642546, 0.34725464389543]}