{"auroc": [0.4476658476658477, 0.45257985257985256, 0.47100737100737106, 0.47248157248157246, 0.4638820638820639, 0.45110565110565115, 0.49533169533169535, 0.5457002457002457, 0.4597051597051598, 0.4427518427518427], "acc": [0.40217391304347827, 0.40217391304347827, 0.5978260869565217, 0.40217391304347827, 0.40217391304347827, 0.40217391304347827, 0.40217391304347827, 0.5978260869565217, 0.40217391304347827, 0.5978260869565217], "aps": [0.3758489241137064, 0.38202586439704056, 0.38466950238198094, 0.39556591937554664, 0.3747364683627893, 0.36747414988462457, 0.4154400789777604, 0.43583354558876614, 0.3907358780132308, 0.3580288444419451], "f1": [0.5736434108527132, 0.5736434108527132, 0.0, 0.5736434108527132, 0.5736434108527132, 0.5736434108527132, 0.5736434108527132, 0.0, 0.5736434108527132, 0.0], "auprc": [0.35812214632129274, 0.364230153656968, 0.36977070691367797, 0.3777260670813955, 0.3582035467429039, 0.35137077690379426, 0.4041351588360345, 0.42219300410993127, 0.37589392405443367, 0.3462243264956141]}