{"auroc": [0.6329238329238329, 0.4614250614250615, 0.5243243243243243, 0.4540540540540541, 0.4678132678132679, 0.3872235872235873, 0.520884520884521, 0.4267813267813268, 0.3270270270270271, 0.47960687960687964], "acc": [0.40217391304347827, 0.5978260869565217, 0.5978260869565217, 0.5978260869565217, 0.40217391304347827, 0.5978260869565217, 0.5978260869565217, 0.5978260869565217, 0.5978260869565217, 0.5978260869565217], "aps": [0.5192791607538179, 0.382408458346564, 0.4292119193577307, 0.37716584198120595, 0.44018661280305216, 0.33819677858561276, 0.4221251421820756, 0.3621126632871433, 0.31087502889882923, 0.3778588306286134], "f1": [0.5736434108527132, 0.0, 0.0, 0.0, 0.5736434108527132, 0.0, 0.0, 0.0, 0.0, 0.0], "auprc": [0.5096343823897703, 0.3681347400979391, 0.4182262732433434, 0.3603872006772976, 0.42844704902214825, 0.32516125655385875, 0.4032643443926998, 0.348661998120733, 0.30082104247202196, 0.364617092069919]}