{"enet": [{"auroc": [0.37936117936117936, 0.5, 0.5, 0.5, 0.5, 0.5, 0.5, 0.5, 0.5, 0.5], "acc": [0.5217391304347826, 0.5978260869565217, 0.5978260869565217, 0.5978260869565217, 0.5978260869565217, 0.5978260869565217, 0.5978260869565217, 0.5978260869565217, 0.5978260869565217, 0.5978260869565217], "aps": [0.3337698209814032, 0.40217391304347827, 0.40217391304347827, 0.40217391304347827, 0.40217391304347827, 0.40217391304347827, 0.40217391304347827, 0.40217391304347827, 0.40217391304347827, 0.40217391304347827], "f1": [0.043478260869565216, 0.0, 0.0, 0.0, 0.0, 0.0, 0.0, 0.0, 0.0, 0.0], "auprc": [0.3225114970634074, 0.7010869565217391, 0.7010869565217391, 0.7010869565217391, 0.7010869565217391, 0.7010869565217391, 0.7010869565217391, 0.7010869565217391, 0.7010869565217391, 0.7010869565217391]}]}