{"auroc": [0.5707616707616707, 0.4972972972972973, 0.5014742014742015, 0.5012285012285012, 0.5223587223587223, 0.5110565110565111, 0.5194103194103195, 0.49484029484029485, 0.509090909090909, 0.5515970515970516], "acc": [0.40217391304347827, 0.40217391304347827, 0.5978260869565217, 0.5978260869565217, 0.40217391304347827, 0.40217391304347827, 0.5978260869565217, 0.5978260869565217, 0.40217391304347827, 0.5978260869565217], "aps": [0.44107159829069764, 0.3964439239292302, 0.40099913667265363, 0.4097001545408432, 0.4130711113522376, 0.42471223772302535, 0.41083882425322826, 0.440489720099605, 0.4118291563857078, 0.412119205407066], "f1": [0.5736434108527132, 0.5736434108527132, 0.0, 0.0, 0.5736434108527132, 0.5736434108527132, 0.0, 0.0, 0.5736434108527132, 0.0], "auprc": [0.427410703015197, 0.38397648264081524, 0.38833271052829826, 0.39371842913457994, 0.39679627284066216, 0.4063042389497837, 0.39076567744889207, 0.42954893881487455, 0.401210491917138, 0.3966474883003238]}