{"auroc": [0.43292383292383296, 0.43685503685503685, 0.42309582309582316, 0.431941031941032, 0.4402948402948403, 0.4201474201474202, 0.3749385749385749, 0.4393120393120393, 0.3611793611793612, 0.43341523341523347], "acc": [0.5978260869565217, 0.5978260869565217, 0.40217391304347827, 0.5978260869565217, 0.5978260869565217, 0.5978260869565217, 0.5978260869565217, 0.43478260869565216, 0.5978260869565217, 0.5978260869565217], "aps": [0.3598732076831637, 0.3613212090266129, 0.34896859304813793, 0.35889860919044925, 0.3664091710556503, 0.35483305266461507, 0.34779720297299915, 0.3678147240356303, 0.332733574805171, 0.3599994780828256], "f1": [0.0, 0.0, 0.5736434108527132, 0.0, 0.0, 0.0, 0.0, 0.5517241379310345, 0.0, 0.0], "auprc": [0.345358135970962, 0.3467292507273497, 0.33568585518718086, 0.3444189814525423, 0.34964450311013306, 0.3403797552608735, 0.3326551611234852, 0.3508444595450415, 0.31950476044678455, 0.34548402243592047]}