{"auroc": [0.4825552825552825, 0.5127764127764127, 0.5007371007371008, 0.48501228501228505, 0.4835380835380836, 0.4744471744471745, 0.49705159705159707, 0.538083538083538, 0.49533169533169535, 0.5169533169533169], "acc": [0.40217391304347827, 0.40217391304347827, 0.5978260869565217, 0.5978260869565217, 0.5978260869565217, 0.5978260869565217, 0.40217391304347827, 0.5978260869565217, 0.40217391304347827, 0.5978260869565217], "aps": [0.3937936416420792, 0.416258094511619, 0.44552562129745604, 0.38714829700008524, 0.3800079864688342, 0.40373261224955886, 0.38772143880180165, 0.4422721566644348, 0.39886235312204377, 0.41866093785881786], "f1": [0.5736434108527132, 0.5736434108527132, 0.0, 0.0, 0.0, 0.0, 0.5736434108527132, 0.0, 0.5736434108527132, 0.0], "auprc": [0.37668307382514393, 0.3984303281790496, 0.43609024767077054, 0.3708212055691556, 0.36781544251031373, 0.3934699924877246, 0.37543167500223984, 0.4309289065423689, 0.3812746451113701, 0.4005228421734793]}