{"auroc": [0.46732186732186737, 0.3862407862407862, 0.4540540540540541, 0.586977886977887, 0.5481572481572482, 0.5036855036855037, 0.518918918918919, 0.6029484029484029, 0.5142506142506142, 0.5302211302211304], "acc": [0.40217391304347827, 0.40217391304347827, 0.5978260869565217, 0.5978260869565217, 0.40217391304347827, 0.5978260869565217, 0.5978260869565217, 0.40217391304347827, 0.40217391304347827, 0.5978260869565217], "aps": [0.3710630676433896, 0.33339682638632007, 0.3626241069399812, 0.5059035595705028, 0.4270164491782235, 0.40595385707635945, 0.42054794834669784, 0.53938617298031, 0.45691204176336037, 0.4273319761975036], "f1": [0.5736434108527132, 0.5736434108527132, 0.0, 0.0, 0.5736434108527132, 0.0, 0.0, 0.5736434108527132, 0.5736434108527132, 0.05128205128205129], "auprc": [0.3585632146969524, 0.3209019471314507, 0.3504882416254265, 0.4978528523571168, 0.41139508715541595, 0.39123516445926926, 0.4027085650606336, 0.5303718612429797, 0.44559596225953335, 0.4088582123420599]}