{"auroc": [0.4611793611793612, 0.4877149877149877, 0.5095823095823095, 0.5073710073710074, 0.49336609336609344, 0.48624078624078626, 0.5427518427518427, 0.5108108108108108, 0.4390663390663391, 0.532923832923833], "acc": [0.5978260869565217, 0.5978260869565217, 0.5978260869565217, 0.40217391304347827, 0.5978260869565217, 0.40217391304347827, 0.40217391304347827, 0.40217391304347827, 0.40217391304347827, 0.40217391304347827], "aps": [0.3911762605618815, 0.3919010759594571, 0.40846463074674555, 0.40719683964032893, 0.40063079472091306, 0.40650212667090446, 0.4215698882850503, 0.4210673261080317, 0.3821741077361728, 0.4271630298060283], "f1": [0.0, 0.0, 0.0, 0.5736434108527132, 0.0, 0.5736434108527132, 0.5736434108527132, 0.5736434108527132, 0.5736434108527132, 0.5736434108527132], "auprc": [0.3794854141132229, 0.37849050452233374, 0.39114416130023044, 0.38994042052085476, 0.38507207959105744, 0.38942907117805553, 0.40784391223846106, 0.40697376387485645, 0.3646029460916068, 0.41117975072326196]}