{"auroc": [0.38034398034398037, 0.4663390663390664, 0.4437346437346438, 0.46633906633906635, 0.4201474201474202, 0.41695331695331694, 0.4398034398034398, 0.5169533169533169, 0.49926289926289924, 0.4963144963144963], "acc": [0.40217391304347827, 0.5978260869565217, 0.40217391304347827, 0.40217391304347827, 0.40217391304347827, 0.5978260869565217, 0.40217391304347827, 0.5978260869565217, 0.40217391304347827, 0.40217391304347827], "aps": [0.34129344881817525, 0.40208914000078916, 0.3709175010733218, 0.36390088850892494, 0.39637990592196803, 0.3637708154699901, 0.37177326522683773, 0.4539034139378252, 0.41051620905670694, 0.39520905738269396], "f1": [0.5736434108527132, 0.0, 0.5736434108527132, 0.5736434108527132, 0.5736434108527132, 0.0, 0.5736434108527132, 0.0, 0.5736434108527132, 0.5736434108527132], "auprc": [0.32670013604435755, 0.39118345558787326, 0.3570313778084325, 0.35303621765325544, 0.38773663820887444, 0.3466873964180475, 0.3546829251925254, 0.4424254954643582, 0.39680452183683135, 0.3809313135714845]}