{"auroc": [0.39606879606879614, 0.4366093366093366, 0.43783783783783786, 0.4147420147420148, 0.4800982800982801, 0.4980343980343981, 0.3778869778869779, 0.44766584766584777, 0.41154791154791154, 0.4196560196560196], "acc": [0.40217391304347827, 0.5978260869565217, 0.40217391304347827, 0.5978260869565217, 0.40217391304347827, 0.5978260869565217, 0.40217391304347827, 0.40217391304347827, 0.40217391304347827, 0.40217391304347827], "aps": [0.34359010581266636, 0.3802689903846538, 0.3589434736931187, 0.37777349056217446, 0.3895899134786073, 0.4427659459111314, 0.32971714111824146, 0.3662180762441163, 0.3530396305435411, 0.34654535950223636], "f1": [0.5736434108527132, 0.0, 0.5736434108527132, 0.0, 0.5736434108527132, 0.0, 0.5736434108527132, 0.5736434108527132, 0.5736434108527132, 0.5736434108527132], "auprc": [0.32773261770063083, 0.3623573782439216, 0.3473634664706138, 0.3675522401438266, 0.3720531615334529, 0.4332334990107912, 0.31822831208912744, 0.35463853999458395, 0.33905655813450114, 0.33514248542220104]}