{"auroc": [0.45159705159705166, 0.4678132678132678, 0.5307125307125308, 0.5044226044226044, 0.5601965601965602, 0.5958230958230959, 0.5238329238329239, 0.488943488943489, 0.547911547911548, 0.5179361179361179], "acc": [0.5978260869565217, 0.40217391304347827, 0.40217391304347827, 0.5978260869565217, 0.40217391304347827, 0.5978260869565217, 0.5978260869565217, 0.40217391304347827, 0.40217391304347827, 0.40217391304347827], "aps": [0.41384937631076535, 0.3732497706019131, 0.3985381262045153, 0.4072977404742039, 0.42306336865088673, 0.4985543333280574, 0.42358975171622415, 0.40818047654530376, 0.4088737643526361, 0.39624239609176604], "f1": [0.0, 0.5736434108527132, 0.5736434108527132, 0.0, 0.5736434108527132, 0.0, 0.0, 0.5736434108527132, 0.5736434108527132, 0.5736434108527132], "auprc": [0.40487284216160335, 0.36201449551413456, 0.3867893409216323, 0.3920509061180507, 0.40954240145453885, 0.48320277693136177, 0.40554262067144203, 0.3933435039454223, 0.3975934932693219, 0.3837507001332381]}