{"enet": [{"auroc": [0.41621621621621624, 0.5, 0.5, 0.371007371007371, 0.5, 0.5, 0.5, 0.371007371007371, 0.371007371007371, 0.5], "acc": [0.5978260869565217, 0.5978260869565217, 0.5978260869565217, 0.5978260869565217, 0.5978260869565217, 0.5978260869565217, 0.5978260869565217, 0.5978260869565217, 0.5978260869565217, 0.5978260869565217], "aps": [0.3978732301775149, 0.40217391304347827, 0.40217391304347827, 0.32552387123400045, 0.40217391304347827, 0.40217391304347827, 0.40217391304347827, 0.32552387123400045, 0.32552387123400045, 0.40217391304347827], "f1": [0.0, 0.0, 0.0, 0.0, 0.0, 0.0, 0.0, 0.0, 0.0, 0.0], "auprc": [0.3864314588659447, 0.7010869565217391, 0.7010869565217391, 0.3158375945993098, 0.7010869565217391, 0.7010869565217391, 0.7010869565217391, 0.3158375945993098, 0.3158375945993098, 0.7010869565217391]}]}