{"auroc": [0.5213759213759215, 0.43734643734643736, 0.4992628992628993, 0.5697788697788698, 0.40294840294840295, 0.47960687960687964, 0.4186732186732187, 0.42530712530712533, 0.6270270270270271, 0.5375921375921376], "acc": [0.5978260869565217, 0.5978260869565217, 0.5978260869565217, 0.40217391304347827, 0.5978260869565217, 0.5978260869565217, 0.5978260869565217, 0.5978260869565217, 0.40217391304347827, 0.40217391304347827], "aps": [0.42144491136924994, 0.3664152552923175, 0.44755289663108877, 0.45111552899605256, 0.3411675593589441, 0.3841218355922249, 0.3672396218626896, 0.3482838565655675, 0.5043885937491163, 0.46187878356961365], "f1": [0.0, 0.0, 0.0, 0.5736434108527132, 0.0, 0.0, 0.0, 0.0, 0.5736434108527132, 0.5736434108527132], "auprc": [0.40311983892393316, 0.3521032570402842, 0.4359280565701686, 0.43276895816706823, 0.32879918770687555, 0.3689320413440529, 0.35128326010057814, 0.33706454823177856, 0.4853274257251634, 0.4508094696811919]}