{"enet": [{"auroc": [0.5267813267813268, 0.5, 0.5, 0.5, 0.5, 0.5, 0.5, 0.4063882063882064, 0.5, 0.5], "acc": [0.40217391304347827, 0.5978260869565217, 0.5978260869565217, 0.5978260869565217, 0.5978260869565217, 0.5978260869565217, 0.5978260869565217, 0.40217391304347827, 0.5978260869565217, 0.5978260869565217], "aps": [0.39777713477256016, 0.40217391304347827, 0.40217391304347827, 0.40217391304347827, 0.40217391304347827, 0.40217391304347827, 0.40217391304347827, 0.37518200523425055, 0.40217391304347827, 0.40217391304347827], "f1": [0.5736434108527132, 0.0, 0.0, 0.0, 0.0, 0.0, 0.0, 0.5736434108527132, 0.0, 0.0], "auprc": [0.38510774251358204, 0.7010869565217391, 0.7010869565217391, 0.7010869565217391, 0.7010869565217391, 0.7010869565217391, 0.7010869565217391, 0.36481976832631396, 0.7010869565217391, 0.7010869565217391]}]}