{"auroc": [0.46977886977886985, 0.404914004914005, 0.4063882063882064, 0.41572481572481573, 0.4294840294840296, 0.4294840294840295, 0.4604422604422605, 0.4034398034398035, 0.4152334152334153, 0.4022113022113022], "acc": [0.40217391304347827, 0.40217391304347827, 0.5978260869565217, 0.40217391304347827, 0.40217391304347827, 0.5978260869565217, 0.40217391304347827, 0.40217391304347827, 0.40217391304347827, 0.5978260869565217], "aps": [0.42210340951715286, 0.35122973152938186, 0.3505238357310814, 0.3730038405440216, 0.37869472080945304, 0.3879997558709512, 0.4416560440972365, 0.37424084895286663, 0.350332546144448, 0.33679464450126034], "f1": [0.5736434108527132, 0.5736434108527132, 0.0, 0.5736434108527132, 0.5736434108527132, 0.0, 0.5736434108527132, 0.5736434108527132, 0.5736434108527132, 0.0], "auprc": [0.40422717648019896, 0.3364575028589608, 0.33631373174985174, 0.3629856368498443, 0.3686069619350634, 0.3773830098639268, 0.43289715364044135, 0.3635231315477714, 0.33788483121687735, 0.32574214278469804]}