{"auroc": [0.5179361179361179, 0.4498771498771499, 0.46977886977886985, 0.5673218673218674, 0.5400491400491401, 0.600982800982801, 0.4235872235872236, 0.5253071253071253, 0.5977886977886978, 0.5481572481572481], "acc": [0.40217391304347827, 0.5978260869565217, 0.5978260869565217, 0.5978260869565217, 0.40217391304347827, 0.5978260869565217, 0.40217391304347827, 0.5978260869565217, 0.40217391304347827, 0.5978260869565217], "aps": [0.4418569366098325, 0.3663516189154658, 0.3816956050412441, 0.4501606080122399, 0.42868449185126517, 0.4875875717424316, 0.3493928323058464, 0.41343661326457504, 0.46156388182140495, 0.4387715054130197], "f1": [0.5736434108527132, 0.0, 0.0, 0.0, 0.5736434108527132, 0.0, 0.5736434108527132, 0.0, 0.5736434108527132, 0.0], "auprc": [0.4233807112792048, 0.35428402827860533, 0.36911837337689696, 0.43608904472195875, 0.41421135076589644, 0.4724895242097867, 0.33600003292956465, 0.39888373342702566, 0.44670605242322714, 0.42241451977842454]}