{"auroc": [0.3945945945945946, 0.39557739557739563, 0.5120393120393121, 0.5572481572481572, 0.42997542997543, 0.4471744471744472, 0.38034398034398037, 0.5051597051597053, 0.5041769041769042, 0.46044226044226044], "acc": [0.40217391304347827, 0.40217391304347827, 0.40217391304347827, 0.40217391304347827, 0.40217391304347827, 0.5978260869565217, 0.5978260869565217, 0.40217391304347827, 0.40217391304347827, 0.40217391304347827], "aps": [0.35661304952956285, 0.35794142679903296, 0.3974916358395599, 0.41631777317846574, 0.39069451555006257, 0.3698341050927813, 0.3346993298108335, 0.41692600446953426, 0.39064219803318917, 0.3759375533714934], "f1": [0.5736434108527132, 0.5736434108527132, 0.5736434108527132, 0.5736434108527132, 0.5736434108527132, 0.0, 0.0, 0.5736434108527132, 0.5736434108527132, 0.5736434108527132], "auprc": [0.3414011749532023, 0.34469602541892846, 0.38421260462332046, 0.40370671451771456, 0.37958425858430694, 0.35621384436245046, 0.32325999162977975, 0.4022097830998239, 0.3787334605978118, 0.3622620956654113]}