{"auroc": [0.3955773955773956, 0.44496314496314504, 0.39361179361179366, 0.37002457002457007, 0.4985257985257986, 0.4186732186732187, 0.4503685503685504, 0.3936117936117937, 0.35626535626535627, 0.4243243243243244], "acc": [0.40217391304347827, 0.40217391304347827, 0.40217391304347827, 0.40217391304347827, 0.5978260869565217, 0.40217391304347827, 0.5978260869565217, 0.40217391304347827, 0.40217391304347827, 0.40217391304347827], "aps": [0.3630677761003581, 0.40737899313633746, 0.37208853549535464, 0.3713494322604749, 0.41889347553815326, 0.36936836643415144, 0.36385553096806134, 0.34976302751963706, 0.3405979902142446, 0.4009744292808531], "f1": [0.5736434108527132, 0.5736434108527132, 0.5736434108527132, 0.5736434108527132, 0.0, 0.5736434108527132, 0.0, 0.5736434108527132, 0.5736434108527132, 0.5736434108527132], "auprc": [0.3454243091869984, 0.39608409295475727, 0.36165390836089645, 0.3605464587009452, 0.4030783619118136, 0.35610695181146823, 0.352240947102646, 0.33679190701836537, 0.32664025994824636, 0.3900849055735799]}