{"auroc": [0.5014742014742015, 0.5474201474201474, 0.4383292383292383, 0.4501228501228502, 0.3886977886977887, 0.5022113022113022, 0.46240786240786247, 0.4353808353808354, 0.5493857493857494, 0.5341523341523342], "acc": [0.40217391304347827, 0.40217391304347827, 0.40217391304347827, 0.40217391304347827, 0.40217391304347827, 0.40217391304347827, 0.40217391304347827, 0.5978260869565217, 0.40217391304347827, 0.40217391304347827], "aps": [0.3900108974141066, 0.4216125403245411, 0.3794261439804788, 0.38133888182194353, 0.3488574623448088, 0.39055979969957666, 0.3885837163647381, 0.36465004133141365, 0.4684098178901059, 0.44770271571017706], "f1": [0.5736434108527132, 0.5736434108527132, 0.5736434108527132, 0.5736434108527132, 0.5736434108527132, 0.5736434108527132, 0.5736434108527132, 0.0, 0.5736434108527132, 0.5736434108527132], "auprc": [0.37691451127105546, 0.40450100323886584, 0.36374719266443994, 0.36592184111001236, 0.33557281408582823, 0.37560936392038946, 0.37269807520560216, 0.3497626408248741, 0.4565945318610722, 0.43613904002714365]}