{"auroc": [0.5616707616707616, 0.39164619164619163, 0.46339066339066337, 0.4894348894348895, 0.46879606879606883, 0.4437346437346438, 0.4550368550368551, 0.4434889434889435, 0.5272727272727273, 0.4624078624078624], "acc": [0.40217391304347827, 0.40217391304347827, 0.40217391304347827, 0.40217391304347827, 0.40217391304347827, 0.5434782608695652, 0.40217391304347827, 0.5978260869565217, 0.40217391304347827, 0.40217391304347827], "aps": [0.4794350047310174, 0.36087061567065154, 0.38444988309652606, 0.3838482108576406, 0.3827909082547518, 0.39104967678089153, 0.3613376701070387, 0.3775514274039914, 0.4014950976295909, 0.37168093464330776], "f1": [0.5736434108527132, 0.5736434108527132, 0.5736434108527132, 0.5736434108527132, 0.5736434108527132, 0.1923076923076923, 0.5736434108527132, 0.0, 0.5736434108527132, 0.5736434108527132], "auprc": [0.4699660641740158, 0.3468771811675839, 0.3689078849673003, 0.3699415534044612, 0.3694535341989629, 0.37299686181393055, 0.34950348043671653, 0.3624200180723737, 0.38883713276885756, 0.3592763825158604]}