{"auroc": [0.5046683046683047, 0.44963144963144963, 0.4928746928746929, 0.45110565110565115, 0.4891891891891892, 0.4781326781326782, 0.4683046683046683, 0.48992628992628995, 0.485012285012285, 0.48083538083538085], "acc": [0.5978260869565217, 0.40217391304347827, 0.5978260869565217, 0.40217391304347827, 0.5978260869565217, 0.5978260869565217, 0.40217391304347827, 0.40217391304347827, 0.40217391304347827, 0.5978260869565217], "aps": [0.4108809565847797, 0.38048353078779495, 0.41695183386409207, 0.39042822204873256, 0.3985384915226574, 0.37465219402279004, 0.38144953016401506, 0.4453558198845481, 0.4330513904897771, 0.3788224346761482], "f1": [0.0, 0.5736434108527132, 0.0, 0.5736434108527132, 0.0, 0.0, 0.5736434108527132, 0.5736434108527132, 0.5736434108527132, 0.0], "auprc": [0.3947878075575899, 0.3629625545892521, 0.40564411640233144, 0.38019817448803034, 0.3839481145371296, 0.3604992751137502, 0.3671987205163758, 0.43354103306839736, 0.42144012368384903, 0.3669215101144587]}