{"auroc": [0.5410319410319411, 0.40245700245700244, 0.5051597051597052, 0.42702702702702705, 0.5066339066339066, 0.3606879606879608, 0.49582309582309586, 0.41203931203931204, 0.40737100737100734, 0.3928746928746929], "acc": [0.40217391304347827, 0.5978260869565217, 0.40217391304347827, 0.5978260869565217, 0.5978260869565217, 0.5978260869565217, 0.5978260869565217, 0.40217391304347827, 0.5978260869565217, 0.5978260869565217], "aps": [0.4472846262942696, 0.3730675015298778, 0.4495895766573512, 0.3612896319042581, 0.428192709323599, 0.32531378373195013, 0.4493821060732069, 0.40799471684174926, 0.3460724854251379, 0.37474868713779397], "f1": [0.5736434108527132, 0.0, 0.5736434108527132, 0.0, 0.0, 0.0, 0.0, 0.5736434108527132, 0.0, 0.0], "auprc": [0.43555605441709616, 0.3624624703392938, 0.4314284252387677, 0.34485805165620254, 0.41617328452658237, 0.3131144484318349, 0.4398504084946661, 0.39637164700795624, 0.332102136218511, 0.3639914481095274]}