{"auroc": [0.37690417690417694, 0.44054054054054054, 0.4363636363636364, 0.5493857493857495, 0.4235872235872236, 0.5068796068796069, 0.444963144963145, 0.5125307125307126, 0.39631449631449633, 0.45970515970515974], "acc": [0.5978260869565217, 0.5978260869565217, 0.40217391304347827, 0.40217391304347827, 0.40217391304347827, 0.5978260869565217, 0.5978260869565217, 0.40217391304347827, 0.40217391304347827, 0.5978260869565217], "aps": [0.34140308713853207, 0.359902611513344, 0.35741132109520213, 0.4271786172719876, 0.3632886048762165, 0.40557904939646583, 0.37285828469302207, 0.40758230116713595, 0.3489077869883661, 0.37920768067675514], "f1": [0.0, 0.0, 0.5736434108527132, 0.5736434108527132, 0.5736434108527132, 0.0, 0.0, 0.5736434108527132, 0.5736434108527132, 0.0], "auprc": [0.327894860345476, 0.34634492057256194, 0.34338242634039406, 0.41465544384872716, 0.34620271844343575, 0.3900564843987269, 0.35822481257363453, 0.3948841077816959, 0.33539140042392646, 0.36657614252254883]}