{"auroc": [0.4550368550368551, 0.3085995085995086, 0.45184275184275186, 0.5646191646191647, 0.37027027027027026, 0.5508599508599509, 0.2968058968058968, 0.5705159705159705, 0.5773955773955775, 0.33832923832923834], "acc": [0.40217391304347827, 0.5978260869565217, 0.5978260869565217, 0.5978260869565217, 0.5978260869565217, 0.5978260869565217, 0.5978260869565217, 0.5978260869565217, 0.5978260869565217, 0.40217391304347827], "aps": [0.40324176166020576, 0.3255273111918011, 0.36282514809597655, 0.4918783378787609, 0.348046662628016, 0.4409591390450697, 0.31391095295980564, 0.48243767336662835, 0.4751121508164905, 0.3338263287179623], "f1": [0.5736434108527132, 0.0, 0.0, 0.0, 0.0, 0.0, 0.0, 0.0, 0.0, 0.5736434108527132], "auprc": [0.38534937705314043, 0.3107531688444796, 0.3510976481175626, 0.4826731339507427, 0.3333203073669682, 0.4297757528765466, 0.29814360592801353, 0.4637232513293749, 0.45640272992902575, 0.32591166830448715]}