{"auroc": [0.5329238329238329, 0.3469287469287469, 0.42113022113022114, 0.3542997542997543, 0.3746928746928747, 0.41375921375921376, 0.4466830466830467, 0.41105651105651114, 0.40147420147420143, 0.4137592137592138], "acc": [0.40217391304347827, 0.5978260869565217, 0.5978260869565217, 0.40217391304347827, 0.40217391304347827, 0.5978260869565217, 0.5978260869565217, 0.5978260869565217, 0.5978260869565217, 0.5978260869565217], "aps": [0.44247042677659054, 0.32892127905715224, 0.36553862058501363, 0.3290612587664218, 0.36398379626476285, 0.34614648079720456, 0.37209063985759583, 0.3729882532092018, 0.3649076149345285, 0.3503751586142326], "f1": [0.5736434108527132, 0.0, 0.0, 0.5736434108527132, 0.5736434108527132, 0.0, 0.0, 0.0, 0.0, 0.0], "auprc": [0.43135280446077734, 0.3157585479743462, 0.35224998116743234, 0.31364011934314595, 0.35377240449344616, 0.3332952492184529, 0.3557624667370625, 0.35524519001293414, 0.3557648272000543, 0.33778025673537465]}