{"auroc": [0.47788697788697787, 0.5420147420147421, 0.45945945945945954, 0.428992628992629, 0.41130221130221134, 0.458968058968059, 0.4491400491400491, 0.43980343980343983, 0.48894348894348905, 0.4680589680589681], "acc": [0.40217391304347827, 0.5978260869565217, 0.5978260869565217, 0.5978260869565217, 0.5978260869565217, 0.5978260869565217, 0.5978260869565217, 0.5978260869565217, 0.5978260869565217, 0.5978260869565217], "aps": [0.38511445941773004, 0.42230000780597376, 0.3671032575526638, 0.35745513679195706, 0.3456147263743053, 0.3692510376233298, 0.37256454307068876, 0.3526546608894713, 0.434606608340435, 0.39642215191679236], "f1": [0.5736434108527132, 0.0, 0.0, 0.0, 0.0, 0.0, 0.0, 0.0, 0.0, 0.0], "auprc": [0.3684861991883622, 0.4074457141751238, 0.354439818998166, 0.34474317613457006, 0.3333892217245692, 0.35671929893147514, 0.3592664341806944, 0.3420358761434598, 0.4228557038460456, 0.38593048277041714]}