{"auroc": [0.34987714987714996, 0.4798525798525799, 0.4481572481572482, 0.5641277641277642, 0.3896805896805897, 0.4481572481572482, 0.5056511056511057, 0.47420147420147424, 0.6, 0.42260442260442266], "acc": [0.40217391304347827, 0.5978260869565217, 0.40217391304347827, 0.40217391304347827, 0.40217391304347827, 0.40217391304347827, 0.40217391304347827, 0.40217391304347827, 0.40217391304347827, 0.40217391304347827], "aps": [0.3601155973092165, 0.40377216419584677, 0.3692518599264476, 0.4433030195508446, 0.3526978612286982, 0.38085425021399744, 0.4127450629292617, 0.39977880657729714, 0.4992877093992653, 0.372357174157507], "f1": [0.5736434108527132, 0.0, 0.5736434108527132, 0.5736434108527132, 0.5736434108527132, 0.5736434108527132, 0.5736434108527132, 0.5736434108527132, 0.5736434108527132, 0.5736434108527132], "auprc": [0.34231749987740934, 0.39289772956271324, 0.35603657625484714, 0.42890589425252224, 0.3358363083366462, 0.3664109314479165, 0.3972382957215081, 0.385818349370496, 0.48725666191003897, 0.35681001454004435]}