{"auroc": [0.38476658476658476, 0.4171990171990172, 0.44373464373464383, 0.45601965601965605, 0.3511056511056512, 0.4565110565110565, 0.38255528255528265, 0.43439803439803437, 0.42800982800982806, 0.4943488943488944], "acc": [0.40217391304347827, 0.40217391304347827, 0.5978260869565217, 0.40217391304347827, 0.5978260869565217, 0.5978260869565217, 0.40217391304347827, 0.40217391304347827, 0.40217391304347827, 0.40217391304347827], "aps": [0.3576116176113982, 0.37912485675018237, 0.38282619906324766, 0.38052667143469887, 0.3149218998422796, 0.3631642060037586, 0.36078590939887184, 0.39840659333552975, 0.3822375832747817, 0.40151339923917656], "f1": [0.5736434108527132, 0.5736434108527132, 0.0, 0.5736434108527132, 0.0, 0.0, 0.5736434108527132, 0.5736434108527132, 0.5736434108527132, 0.5736434108527132], "auprc": [0.3483110769328664, 0.3687641941681546, 0.36514203715795773, 0.36833284447127496, 0.3062310945791691, 0.35191100497240546, 0.3507007075359845, 0.38717457265407695, 0.3720762919443567, 0.3870767173447981]}