{"auroc": [0.47960687960687964, 0.5223587223587224, 0.45675675675675675, 0.4304668304668305, 0.42653562653562654, 0.5823095823095824, 0.4678132678132678, 0.47862407862407863, 0.48796068796068803, 0.4358722358722359], "acc": [0.5978260869565217, 0.5978260869565217, 0.5978260869565217, 0.5978260869565217, 0.5978260869565217, 0.5978260869565217, 0.5978260869565217, 0.5978260869565217, 0.5978260869565217, 0.5978260869565217], "aps": [0.39823814027167914, 0.4384233812414039, 0.40883157375692225, 0.35300143751265667, 0.3697230244848907, 0.46586411613970075, 0.37610440580989923, 0.37773070195553693, 0.38992313664999545, 0.3628999158501521], "f1": [0.0, 0.0, 0.0, 0.0, 0.0, 0.0, 0.0, 0.0, 0.0, 0.0], "auprc": [0.3804830467347528, 0.4220774219982877, 0.39766573968840824, 0.3394094466185364, 0.3523837026085142, 0.4508454317809102, 0.3632124787190718, 0.36587592156576115, 0.37633902880803355, 0.35010188440527634]}