{"auroc": [0.5356265356265357, 0.3891891891891892, 0.4744471744471745, 0.42457002457002463, 0.3857493857493858, 0.4481572481572482, 0.4909090909090909, 0.35135135135135137, 0.38181818181818183, 0.3572481572481572], "acc": [0.40217391304347827, 0.5978260869565217, 0.5978260869565217, 0.5978260869565217, 0.5978260869565217, 0.5978260869565217, 0.5978260869565217, 0.5978260869565217, 0.5978260869565217, 0.5978260869565217], "aps": [0.4294510148515943, 0.34337621469046037, 0.39935784127663476, 0.3932977273006225, 0.3445946872605719, 0.40093555708561496, 0.41996300702848427, 0.32591473107230573, 0.352706153431505, 0.33540787945765504], "f1": [0.5736434108527132, 0.0, 0.0, 0.0, 0.0, 0.0, 0.0, 0.0, 0.0, 0.0], "auprc": [0.41117013929424356, 0.3302771868018508, 0.38606740773766457, 0.3750634863490939, 0.3310836569002168, 0.3841410458827771, 0.4087743250436719, 0.31424172355312374, 0.33750186286005673, 0.32292673844266234]}