{"auroc": [0.401965601965602, 0.518918918918919, 0.3705159705159705, 0.457985257985258, 0.41670761670761675, 0.4294840294840295, 0.44226044226044225, 0.49066339066339065, 0.4302211302211303, 0.44643734643734645], "acc": [0.40217391304347827, 0.40217391304347827, 0.40217391304347827, 0.5978260869565217, 0.40217391304347827, 0.40217391304347827, 0.5978260869565217, 0.5978260869565217, 0.5978260869565217, 0.40217391304347827], "aps": [0.35884861497778864, 0.5019971286920772, 0.33521323681917886, 0.37355809391718564, 0.37002586000020166, 0.35630058459772723, 0.3644808182816238, 0.38450869036325697, 0.36498817976731934, 0.38491445621995823], "f1": [0.5736434108527132, 0.5736434108527132, 0.5736434108527132, 0.0, 0.5736434108527132, 0.5736434108527132, 0.0, 0.0, 0.0, 0.5736434108527132], "auprc": [0.34155456999952716, 0.4948476548573478, 0.3237439652034843, 0.35844481491459645, 0.35640448654147944, 0.3430912333105078, 0.3502259156386579, 0.37175964775017567, 0.35018750057379033, 0.3675919434241253]}