{"auroc": [0.48206388206388207, 0.5346437346437347, 0.544963144963145, 0.45110565110565115, 0.48501228501228505, 0.43366093366093367, 0.5012285012285013, 0.44864864864864873, 0.4432432432432432, 0.5611793611793612], "acc": [0.40217391304347827, 0.40217391304347827, 0.5978260869565217, 0.5978260869565217, 0.40217391304347827, 0.5978260869565217, 0.5978260869565217, 0.5978260869565217, 0.5978260869565217, 0.40217391304347827], "aps": [0.4164248196867658, 0.5130318347714597, 0.4717232182209311, 0.37061969841233733, 0.4303505296814405, 0.3819947307411508, 0.4078993062323206, 0.38433333341518106, 0.3945483267369953, 0.5035533829016576], "f1": [0.5736434108527132, 0.5736434108527132, 0.0, 0.0, 0.5736434108527132, 0.0, 0.0, 0.0, 0.0, 0.5736434108527132], "auprc": [0.39789901173850767, 0.5055567633611929, 0.45934891361877667, 0.3576517981057165, 0.4118274667378404, 0.36372440785838533, 0.39013102408072303, 0.3665560153478351, 0.38348022715298413, 0.4919739510296523]}