{"auroc": [0.44520884520884524, 0.5255528255528256, 0.5316953316953318, 0.46633906633906635, 0.43734643734643736, 0.471990171990172, 0.4751842751842752, 0.4977886977886979, 0.4830466830466831, 0.42113022113022114], "acc": [0.40217391304347827, 0.40217391304347827, 0.40217391304347827, 0.40217391304347827, 0.40217391304347827, 0.5978260869565217, 0.40217391304347827, 0.5978260869565217, 0.40217391304347827, 0.40217391304347827], "aps": [0.41223515723034465, 0.4439887423494993, 0.41537378045160095, 0.41026728900493603, 0.3714684211531266, 0.4349862967936838, 0.45177015930037256, 0.40804815260270694, 0.4105251568415824, 0.36041904772849903], "f1": [0.5736434108527132, 0.5736434108527132, 0.5736434108527132, 0.5736434108527132, 0.5736434108527132, 0.0, 0.5736434108527132, 0.0, 0.5736434108527132, 0.5736434108527132], "auprc": [0.400085501644577, 0.4322167079031866, 0.39974744319353883, 0.3993160482698946, 0.35735702079831155, 0.4273144783890644, 0.4436120991840985, 0.397572488879639, 0.39221254598795047, 0.34660308332299017]}