{"auroc": [0.45061425061425064, 0.3820638820638821, 0.3945945945945946, 0.41179361179361185, 0.45307125307125307, 0.3955773955773956, 0.5076167076167076, 0.42997542997543003, 0.4167076167076168, 0.46412776412776413], "acc": [0.40217391304347827, 0.40217391304347827, 0.5978260869565217, 0.5978260869565217, 0.5978260869565217, 0.5978260869565217, 0.5978260869565217, 0.40217391304347827, 0.32608695652173914, 0.5978260869565217], "aps": [0.37148136366073814, 0.34280828409393094, 0.3515206990703449, 0.3546324276568281, 0.3735159701383248, 0.35198939858732525, 0.3948158495830946, 0.3669594090675803, 0.36250896712658287, 0.38069920820770786], "f1": [0.5736434108527132, 0.5736434108527132, 0.0, 0.0, 0.0, 0.0, 0.0, 0.5736434108527132, 0.47457627118644063, 0.0], "auprc": [0.357042289889186, 0.3285350582283468, 0.33760952414255785, 0.3422229167226096, 0.35907206917316675, 0.3372892478716177, 0.38297392443912115, 0.35339986022332126, 0.34896634737337084, 0.3679953786206718]}