{"auroc": [0.5277641277641278, 0.5174447174447174, 0.49238329238329237, 0.5351351351351351, 0.5218673218673219, 0.4058968058968059, 0.47420147420147424, 0.45651105651105656, 0.41769041769041765, 0.4063882063882064], "acc": [0.5978260869565217, 0.5978260869565217, 0.5978260869565217, 0.5978260869565217, 0.5978260869565217, 0.5978260869565217, 0.5978260869565217, 0.5978260869565217, 0.5978260869565217, 0.5978260869565217], "aps": [0.40275050928740846, 0.3963564207427253, 0.3919442495042834, 0.4057907377002358, 0.39780340896872457, 0.36653624337309476, 0.37418530496478597, 0.36608316184062617, 0.3529214245768443, 0.3412794034999491], "f1": [0.0, 0.0, 0.0, 0.0, 0.0, 0.0, 0.0, 0.0, 0.0, 0.0], "auprc": [0.39000349358193287, 0.3840235421837358, 0.3771099758989681, 0.3936008012710389, 0.3861698179488256, 0.3511830561575374, 0.3628280595162673, 0.3548705503735713, 0.3404947112552986, 0.33059598132106394]}