{"auroc": [0.42850122850122857, 0.5995085995085995, 0.4194103194103195, 0.5017199017199017, 0.45945945945945954, 0.4805896805896806, 0.4334152334152334, 0.4253071253071253, 0.40884520884520886, 0.4525798525798526], "acc": [0.40217391304347827, 0.40217391304347827, 0.5978260869565217, 0.40217391304347827, 0.40217391304347827, 0.5978260869565217, 0.40217391304347827, 0.40217391304347827, 0.5978260869565217, 0.5978260869565217], "aps": [0.40530273410168677, 0.5116899988171741, 0.39340549938523256, 0.40506869818074315, 0.38403285890446515, 0.3876041232086167, 0.4170170205170174, 0.3998208753984865, 0.36342431409549314, 0.41329996910871813], "f1": [0.5736434108527132, 0.5736434108527132, 0.0, 0.5736434108527132, 0.5736434108527132, 0.0, 0.5736434108527132, 0.5736434108527132, 0.0, 0.0], "auprc": [0.393971645590426, 0.4998872520832218, 0.38222247364924683, 0.38712329754325636, 0.3685096661293175, 0.3740827801282738, 0.39877350240709264, 0.39125740188981073, 0.34823433525563396, 0.39551480560727204]}