{"enet": [{"auroc": [0.5400491400491401, 0.5, 0.5, 0.5, 0.5, 0.5, 0.5, 0.5, 0.5, 0.5], "acc": [0.40217391304347827, 0.40217391304347827, 0.5978260869565217, 0.5978260869565217, 0.40217391304347827, 0.5978260869565217, 0.5978260869565217, 0.5978260869565217, 0.40217391304347827, 0.5978260869565217], "aps": [0.4209179166536163, 0.40217391304347827, 0.40217391304347827, 0.40217391304347827, 0.40217391304347827, 0.40217391304347827, 0.40217391304347827, 0.40217391304347827, 0.40217391304347827, 0.40217391304347827], "f1": [0.5736434108527132, 0.5736434108527132, 0.0, 0.0, 0.5736434108527132, 0.0, 0.0, 0.0, 0.5736434108527132, 0.0], "auprc": [0.40506807295282105, 0.7010869565217391, 0.7010869565217391, 0.7010869565217391, 0.7010869565217391, 0.7010869565217391, 0.7010869565217391, 0.7010869565217391, 0.7010869565217391, 0.7010869565217391]}]}