{"auroc": [0.42997542997543003, 0.4083538083538084, 0.4909090909090909, 0.4636363636363637, 0.5375921375921376, 0.42825552825552826, 0.3761670761670762, 0.48992628992628995, 0.433906633906634, 0.45675675675675675], "acc": [0.5978260869565217, 0.40217391304347827, 0.40217391304347827, 0.5978260869565217, 0.40217391304347827, 0.5978260869565217, 0.40217391304347827, 0.40217391304347827, 0.40217391304347827, 0.40217391304347827], "aps": [0.3606043847343343, 0.34626912387845254, 0.3790708591396375, 0.4040086737409858, 0.4066558203034595, 0.36387528202833674, 0.332175386504189, 0.4092608777444703, 0.3569297820209141, 0.39696200563802586], "f1": [0.0, 0.5736434108527132, 0.5736434108527132, 0.0, 0.5736434108527132, 0.0, 0.5736434108527132, 0.5736434108527132, 0.5736434108527132, 0.5736434108527132], "auprc": [0.34403719736753596, 0.33252536697297613, 0.3674089994655172, 0.386011760680127, 0.39404162369174306, 0.35003322822453653, 0.32091640025300205, 0.39435426458089096, 0.34423567227459406, 0.38261278931470577]}