{"auroc": [0.5995085995085996, 0.35282555282555284, 0.36511056511056517, 0.37444717444717446, 0.4297297297297297, 0.35921375921375925, 0.3837837837837838, 0.3213759213759214, 0.5169533169533169, 0.5203931203931205], "acc": [0.40217391304347827, 0.5978260869565217, 0.5978260869565217, 0.5978260869565217, 0.5978260869565217, 0.5978260869565217, 0.5978260869565217, 0.5978260869565217, 0.5978260869565217, 0.5978260869565217], "aps": [0.473182932528684, 0.3410564202671036, 0.3341097407359865, 0.35333137797853986, 0.3695369068950085, 0.32680017880472834, 0.3338040165008656, 0.31523382619376444, 0.42267205052948587, 0.46892180840091896], "f1": [0.5736434108527132, 0.0, 0.0, 0.0, 0.0, 0.0, 0.0, 0.0, 0.0, 0.0], "auprc": [0.46145586659813537, 0.32405887306733844, 0.3206488361965603, 0.3442985363479133, 0.3522997123765922, 0.3158540265836952, 0.3208614753087186, 0.3028411212612357, 0.4076317181140074, 0.4592805616025364]}