{"auroc": [0.3660933660933661, 0.40737100737100734, 0.4565110565110565, 0.5395577395577397, 0.4638820638820639, 0.4388206388206389, 0.4471744471744472, 0.399017199017199, 0.5004914004914005, 0.4938574938574939], "acc": [0.40217391304347827, 0.3804347826086957, 0.5978260869565217, 0.5978260869565217, 0.5978260869565217, 0.40217391304347827, 0.40217391304347827, 0.40217391304347827, 0.5978260869565217, 0.5978260869565217], "aps": [0.3298146577697655, 0.3632700887365886, 0.38666871771031597, 0.43103223579594063, 0.3795318147517319, 0.3823032281304384, 0.37410297689030997, 0.35952729990916404, 0.408481383299648, 0.3992946615264249], "f1": [0.5736434108527132, 0.544, 0.0, 0.0, 0.0, 0.5736434108527132, 0.5736434108527132, 0.5736434108527132, 0.0, 0.0], "auprc": [0.3177806508665574, 0.3483052970881031, 0.37133234370262697, 0.4130809823563909, 0.36396459546474114, 0.364334014709951, 0.3591995489390981, 0.3508208912604728, 0.39150685767040966, 0.3895277747518167]}