{"enet": [{"auroc": [0.8121288798920376, 0.7448717948717949, 0.7230769230769231, 0.7448717948717949, 0.7448717948717949, 0.7744601889338731, 0.7230769230769231, 0.7448717948717949, 0.6952429149797572, 0.8159244264507423], "acc": [0.7969151670951157, 0.7917737789203085, 0.7892030848329049, 0.7917737789203085, 0.7917737789203085, 0.8303341902313625, 0.7892030848329049, 0.7917737789203085, 0.7994858611825193, 0.8149100257069408], "aps": [0.8914019118897671, 0.8503218119030129, 0.83510849930979, 0.8503218119030129, 0.8503218119030129, 0.8622934712580713, 0.83510849930979, 0.8503218119030129, 0.8198265882704363, 0.9132249723934865], "f1": [0.8727858293075685, 0.8643216080402011, 0.8690095846645366, 0.8643216080402011, 0.8643216080402011, 0.888135593220339, 0.8690095846645366, 0.8643216080402011, 0.8733766233766235, 0.8823529411764707], "auprc": [0.9309648447441478, 0.9119362314136256, 0.9115412259378608, 0.9119362314136256, 0.9119362314136256, 0.9240319174006542, 0.9115412259378608, 0.9119362314136256, 0.9034511797417367, 0.912978097447346]}]}