{"enet": [{"auroc": [0.8388326585695006, 0.8543859649122808, 0.7920883940620782, 0.7284750337381917, 0.8389001349527666, 0.6641025641025642, 0.7920883940620782, 0.7920883940620782, 0.7284750337381917, 0.7284750337381917], "acc": [0.8071979434447301, 0.699228791773779, 0.7994858611825193, 0.8020565552699229, 0.7917737789203085, 0.7994858611825193, 0.7994858611825193, 0.7994858611825193, 0.8020565552699229, 0.8020565552699229], "aps": [0.9218560529356901, 0.9362168298370762, 0.8802846651861276, 0.8387189365134549, 0.9249044521511096, 0.8041133071893685, 0.8802846651861276, 0.8802846651861276, 0.8387189365134549, 0.8387189365134549], "f1": [0.8776508972267537, 0.7515923566878981, 0.8581818181818182, 0.8705882352941177, 0.874806800618238, 0.8753993610223642, 0.8581818181818182, 0.8581818181818182, 0.8705882352941177, 0.8705882352941177], "auprc": [0.9335061963598947, 0.9359027408407652, 0.9225390832262161, 0.906668854615862, 0.9262122194506889, 0.8978893257036631, 0.9225390832262161, 0.9225390832262161, 0.906668854615862, 0.906668854615862]}]}