{"enet": [{"auroc": [0.9127530364372469, 0.9043184885290149, 0.8547739541160593, 0.9160931174089069, 0.7840249662618083, 0.9058704453441295, 0.8880904183535763, 0.7840249662618083, 0.9058704453441295, 0.9041329284750337], "acc": [0.8663239074550129, 0.8406169665809768, 0.8663239074550129, 0.8688946015424165, 0.8354755784061697, 0.8534704370179949, 0.8508997429305912, 0.8354755784061697, 0.8534704370179949, 0.87146529562982], "aps": [0.9622931673817148, 0.956540205353074, 0.9121758933920195, 0.9658400706352877, 0.8701859816414212, 0.9565834042721413, 0.9390026972844058, 0.8701859816414212, 0.9565834042721413, 0.95000764320437], "f1": [0.9087719298245615, 0.8996763754045307, 0.9097222222222222, 0.9094138543516873, 0.891156462585034, 0.9032258064516129, 0.8956834532374102, 0.891156462585034, 0.9032258064516129, 0.9100719424460431], "auprc": [0.9621965432812929, 0.9563982582745127, 0.9493114754150862, 0.965763786688693, 0.9271312767270732, 0.9564452590426411, 0.9590072160168307, 0.9271312767270732, 0.9564452590426411, 0.9635057401354339]}]}