{"enet": [{"auroc": [0.43994601889338736, 0.5, 0.5, 0.43994601889338736, 0.5, 0.5, 0.5, 0.5, 0.5, 0.4600371120107962], "acc": [0.26735218508997427, 0.7326478149100257, 0.7326478149100257, 0.26735218508997427, 0.7326478149100257, 0.7326478149100257, 0.7326478149100257, 0.7326478149100257, 0.7326478149100257, 0.4138817480719794], "aps": [0.7130129864646159, 0.7326478149100257, 0.7326478149100257, 0.7130129864646159, 0.7326478149100257, 0.7326478149100257, 0.7326478149100257, 0.7326478149100257, 0.7326478149100257, 0.739073452377788], "f1": [0.0, 0.8456973293768546, 0.8456973293768546, 0.0, 0.8456973293768546, 0.8456973293768546, 0.8456973293768546, 0.8456973293768546, 0.8456973293768546, 0.4439024390243903], "auprc": [0.6917570820642541, 0.8663239074550129, 0.8663239074550129, 0.6917570820642541, 0.8663239074550129, 0.8663239074550129, 0.8663239074550129, 0.8663239074550129, 0.8663239074550129, 0.7471654955361409]}]}