{"auroc": [0.4619164619164619, 0.5373464373464374, 0.539066339066339, 0.5380835380835381, 0.5388206388206389, 0.5380835380835381, 0.5380835380835381, 0.4619164619164619, 0.5366093366093366, 0.5380835380835381], "acc": [0.40217391304347827, 0.5978260869565217, 0.40217391304347827, 0.41304347826086957, 0.40217391304347827, 0.40217391304347827, 0.5217391304347826, 0.44565217391304346, 0.40217391304347827, 0.532608695652174], "aps": [0.3701658535847383, 0.40392677430749513, 0.40495440928944937, 0.4045928821435247, 0.40489560422044024, 0.4045928821435247, 0.4045928821435247, 0.3701658535847383, 0.4022221747036609, 0.4045928821435247], "f1": [0.5736434108527132, 0.0, 0.5736434108527132, 0.5645161290322581, 0.5736434108527132, 0.5736434108527132, 0.26666666666666666, 0.5920000000000001, 0.5736434108527132, 0.1568627450980392], "auprc": [0.35545745011647256, 0.3923262279406027, 0.3924286343578336, 0.39206793828134645, 0.3923199196842872, 0.39206793828134645, 0.39206793828134645, 0.35545745011647256, 0.3913124051455914, 0.39206793828134645]}