{"auroc": [0.5425061425061426, 0.5393120393120393, 0.543980343980344, 0.5434889434889434, 0.4176904176904177, 0.543980343980344, 0.5444717444717445, 0.5437346437346438, 0.543980343980344, 0.543980343980344], "acc": [0.5978260869565217, 0.40217391304347827, 0.40217391304347827, 0.40217391304347827, 0.40217391304347827, 0.40217391304347827, 0.40217391304347827, 0.40217391304347827, 0.40217391304347827, 0.40217391304347827], "aps": [0.40900065409845565, 0.4067204639872186, 0.40948122326004327, 0.4093200094146189, 0.35271922658180477, 0.40948122326004327, 0.40970487713749293, 0.40922052214635296, 0.40948122326004327, 0.40948122326004327], "f1": [0.0, 0.5736434108527132, 0.5736434108527132, 0.5736434108527132, 0.5736434108527132, 0.5736434108527132, 0.5736434108527132, 0.5736434108527132, 0.5736434108527132, 0.5736434108527132], "auprc": [0.39643569976874016, 0.3944549781963167, 0.3969149874008935, 0.39675402985729014, 0.3375516016289395, 0.3969149874008935, 0.39713768178935466, 0.39660188212419, 0.3969149874008935, 0.3969149874008935]}