{"auroc": [0.5442260442260443, 0.543980343980344, 0.45601965601965605, 0.543980343980344, 0.5437346437346438, 0.543980343980344, 0.543980343980344, 0.5432432432432432, 0.543980343980344, 0.543980343980344], "acc": [0.40217391304347827, 0.40217391304347827, 0.5978260869565217, 0.40217391304347827, 0.40217391304347827, 0.40217391304347827, 0.5978260869565217, 0.40217391304347827, 0.40217391304347827, 0.40217391304347827], "aps": [0.40797387644274297, 0.4081020745425435, 0.3782634560955379, 0.40834666302242606, 0.40810207454254355, 0.40834666302242606, 0.40825910101535945, 0.40772928796286034, 0.40834666302242606, 0.40834666302242606], "f1": [0.5736434108527132, 0.5736434108527132, 0.0, 0.5736434108527132, 0.5736434108527132, 0.5736434108527132, 0.0, 0.5736434108527132, 0.5736434108527132, 0.5736434108527132], "auprc": [0.3957635031449068, 0.39575871582266564, 0.36117316367475694, 0.39580277393173924, 0.3956453257947514, 0.39580277393173924, 0.3957153424665988, 0.39526737110211196, 0.39580277393173924, 0.39580277393173924]}