{"auroc": [0.5434889434889435, 0.4555282555282556, 0.542997542997543, 0.47174447174447176, 0.45454545454545464, 0.5439803439803439, 0.544963144963145, 0.45651105651105656, 0.49803439803439803, 0.456019656019656], "acc": [0.5978260869565217, 0.5978260869565217, 0.5978260869565217, 0.5978260869565217, 0.5978260869565217, 0.5978260869565217, 0.5978260869565217, 0.5978260869565217, 0.5978260869565217, 0.5978260869565217], "aps": [0.410628528410671, 0.37904599681290485, 0.40915353983570557, 0.37364124100497487, 0.37847203576444943, 0.4095213681549099, 0.4123937463580363, 0.37960559178197784, 0.3870352665311542, 0.3794557020501963], "f1": [0.0, 0.0, 0.0, 0.0, 0.0, 0.0, 0.0, 0.0, 0.0, 0.0], "auprc": [0.397885837094258, 0.3618941441350402, 0.3965880023498435, 0.3594217530723814, 0.36132857972995747, 0.396954925878646, 0.3995716249357416, 0.36244155267485895, 0.374307561948448, 0.36229526444995364]}