{"auroc": [0.4474201474201474, 0.5491400491400491, 0.548894348894349, 0.468058968058968, 0.5506142506142506, 0.5491400491400492, 0.5481572481572482, 0.548894348894349, 0.5493857493857495, 0.548894348894349], "acc": [0.40217391304347827, 0.40217391304347827, 0.5978260869565217, 0.40217391304347827, 0.5978260869565217, 0.40217391304347827, 0.40217391304347827, 0.40217391304347827, 0.5217391304347826, 0.40217391304347827], "aps": [0.37619109644422466, 0.4114032632749604, 0.41140326327496035, 0.39954337387915473, 0.4115729475518712, 0.41133203919796396, 0.4109412253347079, 0.41140326327496035, 0.4117846930918741, 0.41145790827006795], "f1": [0.5736434108527132, 0.5736434108527132, 0.0, 0.5736434108527132, 0.0, 0.5736434108527132, 0.5736434108527132, 0.5736434108527132, 0.21428571428571427, 0.5736434108527132], "auprc": [0.3709727188948574, 0.39901393095312765, 0.3988250323771323, 0.3702543553587291, 0.3997445998251554, 0.3990541378620666, 0.39844020890608084, 0.3988250323771323, 0.39920464586158455, 0.3988789289640326]}