{"auroc": [0.5181818181818182, 0.5481572481572482, 0.5270270270270271, 0.5058968058968059, 0.5272727272727272, 0.5262899262899263, 0.5267813267813268, 0.5270270270270271, 0.528992628992629, 0.5272727272727272], "acc": [0.40217391304347827, 0.40217391304347827, 0.40217391304347827, 0.40217391304347827, 0.532608695652174, 0.5978260869565217, 0.40217391304347827, 0.5978260869565217, 0.40217391304347827, 0.40217391304347827], "aps": [0.3942545420605171, 0.48536531117866627, 0.39971990386225, 0.41957587134129365, 0.39980296513340907, 0.39899658184945996, 0.399799098307298, 0.39959521020867295, 0.40095634375262634, 0.39980296513340907], "f1": [0.5736434108527132, 0.5736434108527132, 0.5736434108527132, 0.5736434108527132, 0.31746031746031744, 0.0, 0.5736434108527132, 0.0, 0.5736434108527132, 0.5736434108527132], "auprc": [0.3826033809291137, 0.47730945280446685, 0.38742917936535987, 0.4100635057977676, 0.38742567098132186, 0.387125361257772, 0.3872160688317857, 0.3873217935189538, 0.3886337779423862, 0.38742567098132186]}