{"auroc": [0.5425061425061426, 0.5425061425061425, 0.45700245700245695, 0.5425061425061426, 0.4574938574938575, 0.4574938574938575, 0.5442260442260443, 0.5425061425061426, 0.5427518427518429, 0.4574938574938575], "acc": [0.40217391304347827, 0.5434782608695652, 0.40217391304347827, 0.5543478260869565, 0.5978260869565217, 0.5978260869565217, 0.5978260869565217, 0.532608695652174, 0.40217391304347827, 0.5978260869565217], "aps": [0.40705218674000143, 0.40648018616800086, 0.3658969471079668, 0.40705218674000143, 0.3661607243987711, 0.3661607243987711, 0.4078260406270629, 0.40705218674000143, 0.4062425182801003, 0.3664064246444714], "f1": [0.5736434108527132, 0.22222222222222227, 0.5736434108527132, 0.046511627906976744, 0.0, 0.0, 0.0, 0.1568627450980392, 0.5736434108527132, 0.0], "auprc": [0.3941502153238071, 0.39417221534580715, 0.35228752695731697, 0.3941502153238071, 0.35254811573141925, 0.35254811573141925, 0.39536107345773364, 0.3941502153238071, 0.3949823089904082, 0.35254427666508015]}