{"auroc": [0.5474201474201474, 0.5476658476658477, 0.4520884520884521, 0.547911547911548, 0.547911547911548, 0.547911547911548, 0.547911547911548, 0.5461916461916462, 0.5474201474201474, 0.5457002457002458], "acc": [0.40217391304347827, 0.40217391304347827, 0.40217391304347827, 0.40217391304347827, 0.5978260869565217, 0.5978260869565217, 0.40217391304347827, 0.40217391304347827, 0.40217391304347827, 0.40217391304347827], "aps": [0.4106507487832386, 0.41107425973617895, 0.3719154743112788, 0.4113708978376951, 0.4113708978376951, 0.41137089783769515, 0.4113708978376951, 0.40934226125239104, 0.41107425973617895, 0.4094434067321234], "f1": [0.5736434108527132, 0.5736434108527132, 0.5736434108527132, 0.5736434108527132, 0.0, 0.0, 0.5736434108527132, 0.5736434108527132, 0.5736434108527132, 0.5736434108527132], "auprc": [0.3982582049891102, 0.39848541707379326, 0.3548883278925585, 0.39863373612455133, 0.39863373612455133, 0.3986337361245513, 0.39863373612455133, 0.39746104429848994, 0.3983381544265306, 0.39718745835473424]}