{"auroc": [0.543980343980344, 0.542997542997543, 0.45601965601965605, 0.5444717444717445, 0.5459459459459459, 0.45651105651105656, 0.4567567567567567, 0.5442260442260443, 0.5444717444717444, 0.543980343980344], "acc": [0.40217391304347827, 0.40217391304347827, 0.5978260869565217, 0.40217391304347827, 0.40217391304347827, 0.40217391304347827, 0.40217391304347827, 0.40217391304347827, 0.40217391304347827, 0.40217391304347827], "aps": [0.4094941665393865, 0.4090837220544872, 0.3788267976674057, 0.4096553803848108, 0.41067161247287065, 0.37453815048013506, 0.3791264925235521, 0.4098725955231901, 0.41009035095910024, 0.4094941665393865], "f1": [0.5736434108527132, 0.5736434108527132, 0.0, 0.5736434108527132, 0.5736434108527132, 0.5736434108527132, 0.5736434108527132, 0.5736434108527132, 0.5736434108527132, 0.5736434108527132], "auprc": [0.3969277895784278, 0.39651811738700715, 0.361709575091541, 0.3970887471220311, 0.39808754772007116, 0.3577299551599085, 0.36216560427740896, 0.39737862264077173, 0.3975074133198162, 0.3969277895784278]}