{"auroc": [0.5361179361179361, 0.5356265356265356, 0.46388206388206393, 0.5361179361179361, 0.46388206388206393, 0.4643734643734644, 0.48501228501228505, 0.4648648648648649, 0.5358722358722359, 0.5361179361179361], "acc": [0.5978260869565217, 0.40217391304347827, 0.40217391304347827, 0.5978260869565217, 0.40217391304347827, 0.40217391304347827, 0.5978260869565217, 0.40217391304347827, 0.40217391304347827, 0.532608695652174], "aps": [0.4054505644326467, 0.40508717583396403, 0.3703920621860252, 0.4054505644326467, 0.3703920621860252, 0.37060165953847973, 0.3936046462825833, 0.3703011640676578, 0.4053934852131599, 0.4054505644326467], "f1": [0.0, 0.5736434108527132, 0.5736434108527132, 0.0, 0.5736434108527132, 0.5736434108527132, 0.0, 0.5736434108527132, 0.5736434108527132, 0.31746031746031744], "auprc": [0.3928997014542024, 0.3925373452094932, 0.3559578106362153, 0.3928997014542024, 0.3559578106362153, 0.3561660290587194, 0.3721433807262298, 0.3564088086843485, 0.3934914972923253, 0.3928997014542024]}