{"auroc": [0.5407862407862408, 0.543980343980344, 0.45921375921375923, 0.543980343980344, 0.543980343980344, 0.5405405405405406, 0.544963144963145, 0.543980343980344, 0.47199017199017207, 0.543980343980344], "acc": [0.5978260869565217, 0.40217391304347827, 0.40217391304347827, 0.40217391304347827, 0.40217391304347827, 0.40217391304347827, 0.40217391304347827, 0.40217391304347827, 0.40217391304347827, 0.40217391304347827], "aps": [0.4077429154466625, 0.4108104410925837, 0.3813054677819313, 0.4108104410925837, 0.4108104410925837, 0.4085331799172686, 0.41124963658023306, 0.4108104410925837, 0.37509497102829825, 0.4108104410925837], "f1": [0.0, 0.5736434108527132, 0.5736434108527132, 0.5736434108527132, 0.5736434108527132, 0.5736434108527132, 0.5736434108527132, 0.5736434108527132, 0.5736434108527132, 0.5736434108527132], "auprc": [0.3954556416081405, 0.39806728571320665, 0.3641787482499006, 0.39806728571320665, 0.39806728571320665, 0.3958055032250769, 0.398505498434832, 0.39806728571320665, 0.3627226929396441, 0.39806728571320665]}