{"auroc": [0.4855036855036855, 0.48255528255528257, 0.4830466830466831, 0.4874692874692874, 0.48648648648648646, 0.48353808353808353, 0.4855036855036855, 0.48206388206388207, 0.48402948402948404, 0.48353808353808353], "acc": [0.5978260869565217, 0.5978260869565217, 0.5978260869565217, 0.5978260869565217, 0.5978260869565217, 0.5978260869565217, 0.5978260869565217, 0.5978260869565217, 0.5978260869565217, 0.5978260869565217], "aps": [0.38730974396890383, 0.3853308825430932, 0.38466518659802296, 0.38838637657843544, 0.38755811497103787, 0.3857652451753568, 0.3858020484496886, 0.38498942191376506, 0.385336157586878, 0.3860301654880147], "f1": [0.0, 0.0, 0.0, 0.0, 0.0, 0.0, 0.0, 0.0, 0.0, 0.0], "auprc": [0.37041322876881244, 0.3684960548276615, 0.36792335752945754, 0.3715326367147456, 0.3707224616572778, 0.3689279679912389, 0.36902209783479495, 0.368176117163413, 0.3685712487799537, 0.3691516960219519]}