{"auroc": [0.5449631449631449, 0.5466830466830467, 0.5454545454545454, 0.5449631449631449, 0.544963144963145, 0.5449631449631449, 0.5449631449631449, 0.5486486486486486, 0.5449631449631449, 0.5449631449631449], "acc": [0.40217391304347827, 0.5978260869565217, 0.5978260869565217, 0.40217391304347827, 0.5978260869565217, 0.40217391304347827, 0.5978260869565217, 0.40217391304347827, 0.40217391304347827, 0.5978260869565217], "aps": [0.40913253168566494, 0.4083353843708576, 0.4095053182653481, 0.40922098077170826, 0.40884819419202517, 0.4095425644516128, 0.4092209807717083, 0.4110116026637025, 0.40913253168566494, 0.40913253168566494], "f1": [0.5736434108527132, 0.0, 0.0, 0.5736434108527132, 0.0, 0.5736434108527132, 0.0, 0.5736434108527132, 0.5736434108527132, 0.0], "auprc": [0.39657803372099765, 0.39753227380142475, 0.39694749184907646, 0.39666406686343936, 0.39644067633528923, 0.3964645778027407, 0.39666406686343936, 0.39811821677514614, 0.39657803372099765, 0.39657803372099765]}