{"auroc": [0.5233415233415233, 0.5238329238329239, 0.47665847665847666, 0.47714987714987717, 0.5228501228501229, 0.4769041769041769, 0.4769041769041769, 0.47665847665847666, 0.5240786240786242, 0.522850122850123], "acc": [0.5978260869565217, 0.40217391304347827, 0.40217391304347827, 0.40217391304347827, 0.5978260869565217, 0.40217391304347827, 0.5978260869565217, 0.44565217391304346, 0.5978260869565217, 0.532608695652174], "aps": [0.3970598313191056, 0.39706879537079115, 0.3786743806502045, 0.37996138193720574, 0.3969490934034896, 0.3786743806502044, 0.37850009922592304, 0.3786743806502045, 0.3976077456601234, 0.39658527087549206], "f1": [0.0, 0.5736434108527132, 0.5736434108527132, 0.5736434108527132, 0.0, 0.5736434108527132, 0.0, 0.5853658536585366, 0.0, 0.31746031746031744], "auprc": [0.3850664370082044, 0.38531408375089615, 0.3637917651150716, 0.3639161764527183, 0.38471696249313303, 0.36388858138835845, 0.3639377114007238, 0.3637917651150716, 0.3854434797920685, 0.3847279066851476]}