{"auroc": [0.547911547911548, 0.5481572481572481, 0.5484029484029485, 0.547911547911548, 0.547911547911548, 0.547911547911548, 0.547911547911548, 0.547911547911548, 0.547911547911548, 0.547911547911548], "acc": [0.40217391304347827, 0.40217391304347827, 0.40217391304347827, 0.40217391304347827, 0.40217391304347827, 0.40217391304347827, 0.40217391304347827, 0.40217391304347827, 0.40217391304347827, 0.40217391304347827], "aps": [0.41062564717544076, 0.41089767244746606, 0.410844047393841, 0.41062564717544076, 0.41062564717544076, 0.41062564717544076, 0.41062564717544076, 0.41062564717544076, 0.41062564717544076, 0.41062564717544076], "f1": [0.5736434108527132, 0.5736434108527132, 0.5736434108527132, 0.5736434108527132, 0.5736434108527132, 0.5736434108527132, 0.5736434108527132, 0.5736434108527132, 0.5736434108527132, 0.5736434108527132], "auprc": [0.39806386130420734, 0.39814978014012625, 0.3982816605786105, 0.39806386130420734, 0.39806386130420734, 0.39806386130420734, 0.39806386130420734, 0.39806386130420734, 0.39806386130420734, 0.39806386130420734]}