{"auroc": [0.5371007371007371, 0.5375921375921376, 0.5375921375921376, 0.5375921375921376, 0.5375921375921376, 0.5375921375921376, 0.5375921375921376, 0.5375921375921376, 0.5375921375921376, 0.5375921375921376], "acc": [0.40217391304347827, 0.40217391304347827, 0.40217391304347827, 0.40217391304347827, 0.40217391304347827, 0.40217391304347827, 0.40217391304347827, 0.40217391304347827, 0.532608695652174, 0.40217391304347827], "aps": [0.4035136013725334, 0.40399029937174935, 0.40399029937174935, 0.40399029937174935, 0.40399029937174935, 0.40399029937174935, 0.40399029937174935, 0.40399029937174935, 0.40399029937174935, 0.40399029937174935], "f1": [0.5736434108527132, 0.5736434108527132, 0.5736434108527132, 0.5736434108527132, 0.5736434108527132, 0.5736434108527132, 0.5736434108527132, 0.5736434108527132, 0.1568627450980392, 0.5736434108527132], "auprc": [0.39120167173648834, 0.3916025329245104, 0.3916025329245104, 0.3916025329245104, 0.3916025329245104, 0.3916025329245104, 0.3916025329245104, 0.3916025329245104, 0.3916025329245104, 0.3916025329245104]}