{"auroc": [0.5164619164619165, 0.48452088452088454, 0.5164619164619165, 0.516953316953317, 0.5098280098280099, 0.5164619164619165, 0.48206388206388207, 0.5132678132678132, 0.5164619164619165, 0.5255528255528256], "acc": [0.40217391304347827, 0.40217391304347827, 0.40217391304347827, 0.40217391304347827, 0.40217391304347827, 0.40217391304347827, 0.40217391304347827, 0.40217391304347827, 0.40217391304347827, 0.40217391304347827], "aps": [0.39592117480252326, 0.385162466128556, 0.3964854214163133, 0.3962578681379432, 0.39427851856210727, 0.39573391836495014, 0.3848262066778727, 0.39424771158357685, 0.3959439971150014, 0.3990726889701853], "f1": [0.5736434108527132, 0.5736434108527132, 0.5736434108527132, 0.5736434108527132, 0.5736434108527132, 0.5736434108527132, 0.5736434108527132, 0.5736434108527132, 0.5736434108527132, 0.5736434108527132], "auprc": [0.38414955167961884, 0.36840652999441625, 0.3843782392802883, 0.3844892272741443, 0.38235713289494033, 0.383726702520437, 0.36800628314576495, 0.3826744220820119, 0.38417753359562395, 0.3853936032374876]}