{"auroc": [0.5326781326781327, 0.5329238329238329, 0.5316953316953317, 0.5326781326781327, 0.5326781326781327, 0.5326781326781327, 0.5361179361179362, 0.532923832923833, 0.5346437346437347, 0.5321867321867322], "acc": [0.40217391304347827, 0.40217391304347827, 0.40217391304347827, 0.5978260869565217, 0.40217391304347827, 0.5978260869565217, 0.40217391304347827, 0.40217391304347827, 0.5978260869565217, 0.40217391304347827], "aps": [0.40391284858627463, 0.4040950654577766, 0.4031218195767313, 0.40420156266809215, 0.4038238446414689, 0.40420156266809215, 0.4065874012097478, 0.40361382087695563, 0.40413778922953975, 0.4037857622522918], "f1": [0.5736434108527132, 0.5736434108527132, 0.5736434108527132, 0.0, 0.5736434108527132, 0.0, 0.5736434108527132, 0.5736434108527132, 0.0, 0.5736434108527132], "auprc": [0.3913521889176629, 0.3918037922902695, 0.39119215997404366, 0.3916360338827428, 0.3915009736521331, 0.3916360338827428, 0.39410225101881513, 0.39162042302173494, 0.39297785854104605, 0.3912254309721399]}