{"auroc": [0.542997542997543, 0.543980343980344, 0.45626535626535625, 0.543980343980344, 0.543980343980344, 0.5447174447174448, 0.5444717444717445, 0.5437346437346438, 0.543980343980344, 0.5427518427518429], "acc": [0.40217391304347827, 0.40217391304347827, 0.5978260869565217, 0.40217391304347827, 0.40217391304347827, 0.40217391304347827, 0.40217391304347827, 0.5978260869565217, 0.40217391304347827, 0.40217391304347827], "aps": [0.4092065772937666, 0.4093127031183339, 0.3788618519901389, 0.4093127031183339, 0.4093127031183339, 0.4107079291667063, 0.40969050027032455, 0.410234127004008, 0.4093127031183339, 0.40930439815045333], "f1": [0.5736434108527132, 0.5736434108527132, 0.0, 0.5736434108527132, 0.5736434108527132, 0.5736434108527132, 0.5736434108527132, 0.0, 0.5736434108527132, 0.5736434108527132], "auprc": [0.3962375418111421, 0.39674849393572165, 0.36188045260787094, 0.39674849393572165, 0.39674849393572165, 0.397935214710435, 0.39712378580155855, 0.396664614388554, 0.39674849393572165, 0.3962240737521674]}