{"auroc": [0.5351351351351352, 0.5343980343980345, 0.4648648648648649, 0.5093366093366094, 0.3773955773955774, 0.4685503685503685, 0.5353808353808354, 0.3857493857493858, 0.5085995085995086, 0.5348894348894349], "acc": [0.40217391304347827, 0.5978260869565217, 0.5978260869565217, 0.40217391304347827, 0.5978260869565217, 0.40217391304347827, 0.5978260869565217, 0.5978260869565217, 0.40217391304347827, 0.40217391304347827], "aps": [0.40494186198246135, 0.4039017643261387, 0.37389497350337236, 0.39931622725898785, 0.32786646599198177, 0.3764079292703605, 0.40506840975448066, 0.3361199071709349, 0.39794427252842357, 0.4047767579669316], "f1": [0.5736434108527132, 0.0, 0.0, 0.5736434108527132, 0.0, 0.5736434108527132, 0.0, 0.0, 0.5736434108527132, 0.5736434108527132], "auprc": [0.3923874922421452, 0.3920196480949495, 0.35830244627814933, 0.38603160363162836, 0.31673183132935423, 0.35768114170149706, 0.3923939705037533, 0.3251183109094144, 0.38320580053619485, 0.3923049402343803]}