{"auroc": [0.5410319410319411, 0.5415233415233416, 0.45921375921375923, 0.5417690417690417, 0.4584766584766585, 0.5415233415233416, 0.5415233415233416, 0.5412776412776412, 0.5415233415233416, 0.5415233415233416], "acc": [0.40217391304347827, 0.5978260869565217, 0.5978260869565217, 0.40217391304347827, 0.40217391304347827, 0.40217391304347827, 0.5434782608695652, 0.5978260869565217, 0.40217391304347827, 0.5434782608695652], "aps": [0.4056055163277813, 0.40638246599680145, 0.37582852626460306, 0.4063274871456529, 0.3703484924887608, 0.4063824659968014, 0.40638246599680145, 0.40604178918553635, 0.40638246599680145, 0.40638246599680145], "f1": [0.5736434108527132, 0.0, 0.0, 0.5736434108527132, 0.5736434108527132, 0.5736434108527132, 0.34375, 0.0, 0.5736434108527132, 0.045454545454545456], "auprc": [0.393292148781674, 0.39384889539884427, 0.3537098402107075, 0.39396357472008997, 0.355536249889584, 0.39384889539884427, 0.39384889539884427, 0.39367855699321175, 0.39384889539884427, 0.39384889539884427]}