{"auroc": [0.5469287469287469, 0.5469287469287469, 0.5076167076167076, 0.5464373464373465, 0.5469287469287469, 0.45110565110565115, 0.5469287469287469, 0.5484029484029485, 0.5469287469287469, 0.5471744471744472], "acc": [0.40217391304347827, 0.5978260869565217, 0.5978260869565217, 0.40217391304347827, 0.5978260869565217, 0.5978260869565217, 0.40217391304347827, 0.5978260869565217, 0.40217391304347827, 0.40217391304347827], "aps": [0.4105220514205685, 0.4105220514205685, 0.4117478823389016, 0.41040985395116963, 0.4105220514205685, 0.36804346513303776, 0.4105220514205685, 0.40903410098703763, 0.4105220514205685, 0.41051706391558096], "f1": [0.5736434108527132, 0.0, 0.0, 0.5736434108527132, 0.0, 0.0, 0.5736434108527132, 0.0, 0.5736434108527132, 0.5736434108527132], "auprc": [0.39794558112859657, 0.39794558112859657, 0.381911618538731, 0.397752754051913, 0.39794558112859657, 0.355073478112575, 0.39794558112859657, 0.39838133298895173, 0.39794558112859657, 0.3980340437170592]}