{"auroc": [0.543980343980344, 0.45626535626535625, 0.44963144963144963, 0.45208845208845216, 0.4557739557739558, 0.4565110565110565, 0.5427518427518427, 0.5444717444717445, 0.45601965601965605, 0.5388206388206388], "acc": [0.5978260869565217, 0.5978260869565217, 0.5978260869565217, 0.5978260869565217, 0.5978260869565217, 0.5978260869565217, 0.5978260869565217, 0.5978260869565217, 0.5978260869565217, 0.5978260869565217], "aps": [0.4094941665393865, 0.3787899365155619, 0.35609034021260555, 0.3594574282980363, 0.37444750365455326, 0.3791823640099947, 0.40941366884065244, 0.40993977217863653, 0.3788267976674057, 0.40614655855967924], "f1": [0.0, 0.0, 0.0, 0.0, 0.0, 0.0, 0.0, 0.0, 0.0, 0.0], "auprc": [0.3969277895784278, 0.3617888187204362, 0.34533115333187664, 0.3471986355806015, 0.3572394341928845, 0.36205917781313884, 0.3967792772796337, 0.3970831708123483, 0.361709575091541, 0.3939227856468668]}