{"enet": [{"auroc": [0.46228571428571424, 0.5571428571428572, 0.5571428571428572, 0.5, 0.5948571428571429, 0.5948571428571429, 0.4851428571428571, 0.7102857142857143, 0.5, 0.7045714285714286], "acc": [0.4166666666666667, 0.4166666666666667, 0.4166666666666667, 0.4166666666666667, 0.4166666666666667, 0.4166666666666667, 0.4166666666666667, 0.4166666666666667, 0.4166666666666667, 0.4166666666666667], "aps": [0.5951343431933204, 0.647562443277588, 0.647562443277588, 0.5833333333333334, 0.6747207774842724, 0.6747207774842724, 0.5768963874628659, 0.7944180100493283, 0.5833333333333334, 0.7561433111615335], "f1": [0.0, 0.0, 0.0, 0.0, 0.0, 0.0, 0.0, 0.0, 0.0, 0.0], "auprc": [0.5863076197520694, 0.6379876484822321, 0.6379876484822321, 0.7916666666666667, 0.6645850737752415, 0.6645850737752415, 0.5583585031108443, 0.7906646743992767, 0.7916666666666667, 0.7471648150095388]}]}