{"auroc": [0.5363636363636364, 0.5668304668304669, 0.5685503685503686, 0.5678132678132679, 0.5216216216216216, 0.5056511056511056, 0.5678132678132678, 0.5651105651105651, 0.5835380835380836, 0.5469287469287469], "acc": [0.40217391304347827, 0.5978260869565217, 0.40217391304347827, 0.5978260869565217, 0.5978260869565217, 0.40217391304347827, 0.5978260869565217, 0.5978260869565217, 0.40217391304347827, 0.5978260869565217], "aps": [0.4447920856289086, 0.4622570025798255, 0.5157462024904901, 0.47560386480160816, 0.4273582740093186, 0.4114542720130181, 0.4629250487149244, 0.4793255616539314, 0.4844607657434548, 0.45083716464141754], "f1": [0.5736434108527132, 0.0, 0.5736434108527132, 0.0, 0.0, 0.5736434108527132, 0.0, 0.0, 0.5736434108527132, 0.0], "auprc": [0.4270570227333904, 0.4596252496149822, 0.5256386884231575, 0.4602581587012381, 0.4102135527153376, 0.39556350340495094, 0.44264056267717933, 0.4681404050846463, 0.4676774949878215, 0.42473515044409754]}