{"enet": [{"auroc": [0.4781326781326782, 0.46633906633906635, 0.5, 0.5, 0.5, 0.5194103194103193, 0.5, 0.5017199017199017, 0.5017199017199017, 0.5194103194103193], "acc": [0.5978260869565217, 0.40217391304347827, 0.5978260869565217, 0.5978260869565217, 0.5978260869565217, 0.5978260869565217, 0.5978260869565217, 0.5978260869565217, 0.5978260869565217, 0.5978260869565217], "aps": [0.400483600806447, 0.3830362935325377, 0.40217391304347827, 0.40217391304347827, 0.40217391304347827, 0.42762178604275775, 0.40217391304347827, 0.40011233184836975, 0.40011233184836975, 0.42762178604275775], "f1": [0.0, 0.5736434108527132, 0.0, 0.0, 0.0, 0.0, 0.0, 0.0, 0.0, 0.0], "auprc": [0.38590662350101024, 0.3655287644321446, 0.7010869565217391, 0.7010869565217391, 0.7010869565217391, 0.4113873309267105, 0.7010869565217391, 0.3867069403163552, 0.3867069403163552, 0.4113873309267105]}]}