{"auroc": [0.6312039312039313, 0.4680589680589681, 0.5181818181818182, 0.3810810810810811, 0.5380835380835381, 0.40859950859950855, 0.4565110565110565, 0.5464373464373464, 0.5267813267813268, 0.41793611793611796], "acc": [0.5978260869565217, 0.5978260869565217, 0.40217391304347827, 0.5978260869565217, 0.5978260869565217, 0.5978260869565217, 0.5978260869565217, 0.5978260869565217, 0.40217391304347827, 0.5978260869565217], "aps": [0.596353452799306, 0.3835325967413634, 0.44512149329983314, 0.3361633409735745, 0.42653335843426843, 0.3541690784459496, 0.38530788382302616, 0.43598514210437533, 0.4246413028321908, 0.3550168107084807], "f1": [0.0, 0.0, 0.5736434108527132, 0.0, 0.0, 0.0, 0.0, 0.0, 0.5736434108527132, 0.0], "auprc": [0.5927882763150991, 0.3662630344503189, 0.4332269747939153, 0.32396164985728093, 0.41413657136486304, 0.3383434977680213, 0.36648231661551744, 0.42113077277453115, 0.4116094592418078, 0.3415815139927406]}