{"auroc": [0.47886977886977894, 0.4737100737100738, 0.46093366093366095, 0.43144963144963144, 0.45798525798525797, 0.5051597051597052, 0.5085995085995086, 0.5063882063882064, 0.42358722358722356, 0.473955773955774], "acc": [0.40217391304347827, 0.40217391304347827, 0.5978260869565217, 0.5978260869565217, 0.40217391304347827, 0.5978260869565217, 0.40217391304347827, 0.40217391304347827, 0.40217391304347827, 0.5978260869565217], "aps": [0.3860150639246057, 0.38264179261391973, 0.37939316647754795, 0.3718716415973594, 0.3750931443055033, 0.4019795905994805, 0.4400896342210874, 0.4004248446345429, 0.389971047176225, 0.36696855941160944], "f1": [0.5736434108527132, 0.5736434108527132, 0.0, 0.0, 0.5736434108527132, 0.0, 0.5736434108527132, 0.5736434108527132, 0.5736434108527132, 0.0], "auprc": [0.37080108842526927, 0.36827793808987863, 0.362282965386014, 0.35551057309158657, 0.3603641217397401, 0.3832935889712768, 0.4306744715896042, 0.38326024370529205, 0.3785742844618235, 0.3550650747584144]}