{"auroc": [0.4439803439803441, 0.4171990171990172, 0.4901719901719902, 0.5705159705159706, 0.39213759213759214, 0.3665847665847666, 0.5616707616707617, 0.41449631449631447, 0.45479115479115484, 0.35995085995085996], "acc": [0.40217391304347827, 0.5978260869565217, 0.5978260869565217, 0.40217391304347827, 0.40217391304347827, 0.40217391304347827, 0.5978260869565217, 0.5978260869565217, 0.5978260869565217, 0.40217391304347827], "aps": [0.3657271115527221, 0.3676372419850681, 0.4442770958343264, 0.46639651066491045, 0.3473819602725979, 0.3726404813865582, 0.44680245365743587, 0.3581393005871405, 0.37930195857124577, 0.33680667571617795], "f1": [0.5736434108527132, 0.0, 0.0, 0.5736434108527132, 0.5736434108527132, 0.5736434108527132, 0.0, 0.0, 0.0, 0.5736434108527132], "auprc": [0.34905213731880075, 0.3350011021750152, 0.43999510671697567, 0.45373223163901766, 0.33404326778105375, 0.3585457526302482, 0.434300910607181, 0.3401163747456199, 0.362389152028507, 0.31419715156128036]}