{"auroc": [0.5, 0.4815724815724815, 0.48820638820638823, 0.5, 0.5, 0.499017199017199, 0.5154791154791154, 0.48230958230958226, 0.5437346437346438, 0.5466830466830468], "acc": [0.40217391304347827, 0.40217391304347827, 0.40217391304347827, 0.40217391304347827, 0.5978260869565217, 0.5978260869565217, 0.40217391304347827, 0.5978260869565217, 0.40217391304347827, 0.40217391304347827], "aps": [0.40217391304347827, 0.39587879805271114, 0.39583096420403574, 0.40217391304347827, 0.40217391304347827, 0.4026182741016501, 0.41238681136379346, 0.38768304257434694, 0.4252709230970101, 0.42648117963685983], "f1": [0.5736434108527132, 0.5736434108527132, 0.5736434108527132, 0.5736434108527132, 0.0, 0.0, 0.5736434108527132, 0.0, 0.5736434108527132, 0.5736434108527132], "auprc": [0.7010869565217391, 0.3601015611885177, 0.39175448239263105, 0.7010869565217391, 0.7010869565217391, 0.35177472869288723, 0.45062901776456765, 0.42285659405224624, 0.4632360621491057, 0.6369546264356923]}