{"enet": [{"auroc": [0.5361179361179362, 0.5, 0.509090909090909, 0.5, 0.5, 0.5, 0.5, 0.5, 0.5, 0.5], "acc": [0.5434782608695652, 0.5978260869565217, 0.41304347826086957, 0.5978260869565217, 0.5978260869565217, 0.5978260869565217, 0.5978260869565217, 0.5978260869565217, 0.5978260869565217, 0.5978260869565217], "aps": [0.4162138035904923, 0.40217391304347827, 0.4065934065934066, 0.40217391304347827, 0.40217391304347827, 0.40217391304347827, 0.40217391304347827, 0.40217391304347827, 0.40217391304347827, 0.40217391304347827], "f1": [0.36363636363636365, 0.0, 0.578125, 0.0, 0.0, 0.0, 0.0, 0.0, 0.0, 0.0], "auprc": [0.3993588379586353, 0.7010869565217391, 0.7032967032967032, 0.7010869565217391, 0.7010869565217391, 0.7010869565217391, 0.7010869565217391, 0.7010869565217391, 0.7010869565217391, 0.7010869565217391]}]}