{"auroc": [0.47518427518427525, 0.49385749385749395, 0.4653562653562654, 0.49361179361179364, 0.4673218673218673, 0.47911547911547914, 0.4513513513513514, 0.5555282555282556, 0.5169533169533169, 0.46584766584766585], "acc": [0.40217391304347827, 0.5978260869565217, 0.5978260869565217, 0.5978260869565217, 0.5978260869565217, 0.40217391304347827, 0.5978260869565217, 0.5978260869565217, 0.40217391304347827, 0.5978260869565217], "aps": [0.3804546756722226, 0.3857874625772614, 0.37348896933717557, 0.3841284841162558, 0.4253811940417975, 0.38485563664811606, 0.3614536823555751, 0.41553320994863524, 0.40006849511276565, 0.3818399636989825], "f1": [0.5736434108527132, 0.0, 0.0, 0.0, 0.0, 0.5736434108527132, 0.0, 0.0, 0.5736434108527132, 0.0], "auprc": [0.3648939979343251, 0.3735665495193056, 0.36083749030042533, 0.3719878613354938, 0.41824916691362934, 0.3703496427507356, 0.3491804631475469, 0.4026903156292885, 0.3863519922939104, 0.36773887472413097]}