{"auroc": [0.44889434889434887, 0.4678132678132678, 0.5, 0.4540540540540541, 0.4407862407862408, 0.5255528255528255, 0.5245700245700246, 0.48206388206388207, 0.5, 0.4771498771498771], "acc": [0.5978260869565217, 0.5978260869565217, 0.40217391304347827, 0.5978260869565217, 0.5978260869565217, 0.5978260869565217, 0.40217391304347827, 0.40217391304347827, 0.40217391304347827, 0.5978260869565217], "aps": [0.38461287374330855, 0.39167823950432645, 0.40217391304347827, 0.38752448100274184, 0.38416386013640025, 0.39874496814211713, 0.4139208351677589, 0.3937403451326265, 0.40217391304347827, 0.3967097532314924], "f1": [0.0, 0.0, 0.5736434108527132, 0.0, 0.0, 0.0, 0.5736434108527132, 0.5736434108527132, 0.5736434108527132, 0.0], "auprc": [0.33945358401880144, 0.36168678559982903, 0.7010869565217391, 0.3667352134743439, 0.3537914865145986, 0.3882380761939811, 0.39716949458540923, 0.6804717516735105, 0.7010869565217391, 0.309165687426557]}