{"auroc": [0.5304668304668305, 0.563882063882064, 0.5759213759213759, 0.5125307125307126, 0.5729729729729729, 0.5093366093366094, 0.5285012285012285, 0.47002457002457004, 0.5245700245700246, 0.5233415233415234], "acc": [0.40217391304347827, 0.5978260869565217, 0.40217391304347827, 0.5978260869565217, 0.40217391304347827, 0.5978260869565217, 0.5978260869565217, 0.40217391304347827, 0.40217391304347827, 0.40217391304347827], "aps": [0.41439053521635694, 0.43382907944392046, 0.44206490726548026, 0.405343766441884, 0.44086681929916366, 0.41638616574305315, 0.4115687445594565, 0.3829129660192403, 0.40632372767370994, 0.40824368890215945], "f1": [0.5736434108527132, 0.0, 0.5736434108527132, 0.0, 0.5736434108527132, 0.0, 0.0, 0.5736434108527132, 0.5736434108527132, 0.5736434108527132], "auprc": [0.39606399347507426, 0.4169225292831447, 0.41805954563647385, 0.39382909868355515, 0.4212416415853075, 0.40092887195514093, 0.39850406815445205, 0.37050964317740964, 0.39498854765898844, 0.3960942278778182]}