{"auroc": [0.5058968058968059, 0.45896805896805903, 0.4761670761670762, 0.47714987714987717, 0.4712530712530713, 0.4776412776412776, 0.5012285012285013, 0.5105651105651106, 0.45307125307125307, 0.5041769041769042], "acc": [0.5978260869565217, 0.5978260869565217, 0.5978260869565217, 0.40217391304347827, 0.5978260869565217, 0.5978260869565217, 0.5978260869565217, 0.5978260869565217, 0.5978260869565217, 0.5978260869565217], "aps": [0.42855888110481805, 0.40343745836156125, 0.42158873168123934, 0.4394978585760358, 0.3894551984896904, 0.44949427191600455, 0.3975357940369596, 0.3954977969315515, 0.39084737104178013, 0.3926427537436776], "f1": [0.0, 0.0, 0.0, 0.5736434108527132, 0.0, 0.0, 0.0, 0.0, 0.0, 0.0], "auprc": [0.4176566083212415, 0.38510165918103656, 0.4099792759550396, 0.43072037936799595, 0.37375762079746927, 0.43981415827228787, 0.3847208745287362, 0.383591948876998, 0.3748446185342986, 0.38052631749946175]}