{"auroc": [0.5130221130221131, 0.5, 0.5, 0.5358722358722359, 0.4631449631449631, 0.46412776412776413, 0.5, 0.4995085995085995, 0.48894348894348894, 0.5], "acc": [0.40217391304347827, 0.40217391304347827, 0.40217391304347827, 0.5978260869565217, 0.40217391304347827, 0.5978260869565217, 0.5978260869565217, 0.40217391304347827, 0.5978260869565217, 0.5978260869565217], "aps": [0.41209951717198096, 0.40217391304347827, 0.40217391304347827, 0.40297297297297296, 0.3895836830619439, 0.3857158472931982, 0.40217391304347827, 0.40193889541715627, 0.4090333130406467, 0.40217391304347827], "f1": [0.5736434108527132, 0.5736434108527132, 0.5736434108527132, 0.0, 0.5736434108527132, 0.0, 0.0, 0.5736434108527132, 0.0, 0.0], "auprc": [0.5030133888829541, 0.7010869565217391, 0.7010869565217391, 0.391078936078936, 0.3762590229981534, 0.6595455414970076, 0.7010869565217391, 0.4334018801410106, 0.22112362493452067, 0.7010869565217391]}