{"auroc": [0.5071253071253071, 0.5312039312039313, 0.5476658476658477, 0.5432432432432432, 0.5574938574938575, 0.5324324324324324, 0.5103194103194104, 0.5609336609336609, 0.5, 0.5825552825552825], "acc": [0.40217391304347827, 0.40217391304347827, 0.40217391304347827, 0.5978260869565217, 0.5978260869565217, 0.5978260869565217, 0.5978260869565217, 0.40217391304347827, 0.5978260869565217, 0.40217391304347827], "aps": [0.44342881921989113, 0.41578872725799265, 0.42362541318380104, 0.41618133127757573, 0.4379542538247108, 0.42256574415494963, 0.40322659616137874, 0.4660982525470468, 0.40217391304347827, 0.4496733594320296], "f1": [0.5736434108527132, 0.5736434108527132, 0.5736434108527132, 0.0, 0.0, 0.0, 0.0, 0.5736434108527132, 0.0, 0.5736434108527132], "auprc": [0.4659600426696904, 0.39276665194956056, 0.4089888831063684, 0.3984219503973172, 0.4244173617580349, 0.46477774626200413, 0.4285277124951038, 0.4542026532550407, 0.7010869565217391, 0.4360180588845957]}