{"auroc": [0.42776412776412776, 0.4515970515970516, 0.44742014742014746, 0.5078624078624079, 0.5371007371007371, 0.42800982800982806, 0.6024570024570025, 0.4992628992628993, 0.3665847665847666, 0.5847665847665847], "acc": [0.5978260869565217, 0.5978260869565217, 0.40217391304347827, 0.40217391304347827, 0.5978260869565217, 0.40217391304347827, 0.5978260869565217, 0.5978260869565217, 0.5978260869565217, 0.5978260869565217], "aps": [0.3877235731124586, 0.3781593773570858, 0.3822041940495715, 0.41703914906364115, 0.44130223038107286, 0.368455010789864, 0.5182456441997065, 0.4096118912072013, 0.32982110854507957, 0.4780738890679772], "f1": [0.0, 0.0, 0.5736434108527132, 0.5736434108527132, 0.0, 0.5736434108527132, 0.0, 0.0, 0.0, 0.0], "auprc": [0.37538896896546653, 0.3611639410788375, 0.3657806699911111, 0.40134533764578284, 0.4226872218291834, 0.3510840386417251, 0.5064031098680861, 0.3917455894694724, 0.3182260241175753, 0.46602466098517176]}