{"auroc": [0.4936117936117937, 0.47174447174447176, 0.46412776412776413, 0.4914004914004914, 0.4727272727272727, 0.456019656019656, 0.47592137592137596, 0.51990171990172, 0.44324324324324327, 0.4491400491400492], "acc": [0.5978260869565217, 0.5978260869565217, 0.5978260869565217, 0.5978260869565217, 0.5978260869565217, 0.5978260869565217, 0.5978260869565217, 0.40217391304347827, 0.5978260869565217, 0.5978260869565217], "aps": [0.4539795810664056, 0.44740374139393235, 0.3863236584356941, 0.4168732921225562, 0.44319455128879837, 0.41459946006799664, 0.38146768361784356, 0.42296823501620423, 0.37731218236997954, 0.415829794742137], "f1": [0.0, 0.0, 0.0, 0.0, 0.0, 0.0, 0.0, 0.5736434108527132, 0.0, 0.0], "auprc": [0.44529610749334714, 0.43872858355851263, 0.37207059792390995, 0.39843984890519585, 0.4344607160002013, 0.3965493255363048, 0.36750117845146835, 0.4129018044710518, 0.359974544656166, 0.40697015577323004]}