{"auroc": [0.45651105651105656, 0.485995085995086, 0.5083538083538084, 0.48574938574938575, 0.46584766584766585, 0.47911547911547914, 0.4621621621621622, 0.47100737100737106, 0.4744471744471745, 0.4523341523341523], "acc": [0.40217391304347827, 0.40217391304347827, 0.5978260869565217, 0.5978260869565217, 0.5978260869565217, 0.5978260869565217, 0.5978260869565217, 0.40217391304347827, 0.40217391304347827, 0.5978260869565217], "aps": [0.38910834553785695, 0.3856800918908042, 0.3878686940147577, 0.38618964599346206, 0.38035837790583926, 0.3839151227113401, 0.38707306181495305, 0.3856361443863469, 0.39504108025906415, 0.38271934876418623], "f1": [0.5736434108527132, 0.5736434108527132, 0.0, 0.0, 0.0, 0.0, 0.0, 0.5736434108527132, 0.5736434108527132, 0.0], "auprc": [0.37020509214301656, 0.3728456859216953, 0.37883816270624504, 0.37381572023716403, 0.367936462718289, 0.3717781541107755, 0.37187316657338126, 0.3685990629338001, 0.37514537279937193, 0.3645283628986175]}