{"auroc": [0.5108108108108108, 0.5194103194103195, 0.48132678132678136, 0.49901719901719904, 0.5353808353808354, 0.5565110565110565, 0.5135135135135135, 0.5154791154791155, 0.5265356265356266, 0.5014742014742015], "acc": [0.5978260869565217, 0.5978260869565217, 0.40217391304347827, 0.40217391304347827, 0.40217391304347827, 0.5978260869565217, 0.40217391304347827, 0.41304347826086957, 0.40217391304347827, 0.40217391304347827], "aps": [0.40153061943056145, 0.40032532380929314, 0.3773614399390347, 0.3977154741927071, 0.40700850096119345, 0.4478636624838451, 0.4277634660775833, 0.40776233112967286, 0.4506231451397157, 0.40036423608794214], "f1": [0.0, 0.0, 0.5736434108527132, 0.5736434108527132, 0.5736434108527132, 0.0, 0.5736434108527132, 0.578125, 0.5736434108527132, 0.5736434108527132], "auprc": [0.38737558710929304, 0.3849215231493071, 0.3640812942507821, 0.38070450389207516, 0.3942254581726242, 0.4333358984951844, 0.41868905989562955, 0.39244111931926245, 0.4416339986416778, 0.38545270862725056]}