{"auroc": [0.5, 0.5, 0.5017199017199018, 0.5, 0.5, 0.4815724815724815, 0.485995085995086, 0.5, 0.47149877149877145, 0.5], "acc": [0.40217391304347827, 0.40217391304347827, 0.5978260869565217, 0.5978260869565217, 0.40217391304347827, 0.5978260869565217, 0.40217391304347827, 0.5978260869565217, 0.5978260869565217, 0.40217391304347827], "aps": [0.40217391304347827, 0.40217391304347827, 0.3989868567873682, 0.40217391304347827, 0.40217391304347827, 0.39587879805271114, 0.39659224441833135, 0.40217391304347827, 0.39169604386995693, 0.40217391304347827], "f1": [0.5736434108527132, 0.5736434108527132, 0.0, 0.0, 0.5736434108527132, 0.0, 0.5736434108527132, 0.0, 0.0, 0.5736434108527132], "auprc": [0.7010869565217391, 0.7010869565217391, 0.42331809339481974, 0.7010869565217391, 0.7010869565217391, 0.3601015611885177, 0.3919898159028593, 0.7010869565217391, 0.3298570309439875, 0.7010869565217391]}