{"auroc": [0.5309582309582309, 0.46019656019656024, 0.5206388206388206, 0.5518427518427518, 0.5877149877149878, 0.5287469287469287, 0.48009828009828015, 0.5027027027027027, 0.5429975429975431, 0.48452088452088454], "acc": [0.5978260869565217, 0.40217391304347827, 0.40217391304347827, 0.5978260869565217, 0.5978260869565217, 0.5978260869565217, 0.5978260869565217, 0.40217391304347827, 0.5978260869565217, 0.5978260869565217], "aps": [0.40457355846490284, 0.4016830023425517, 0.3920554426426597, 0.4130915535955948, 0.4685083643193334, 0.4210994061350807, 0.4004819560912888, 0.40335965504505167, 0.408855097065769, 0.3793045132789331], "f1": [0.0, 0.5736434108527132, 0.5736434108527132, 0.0, 0.0, 0.0, 0.0, 0.5736434108527132, 0.0, 0.0], "auprc": [0.39035522068629047, 0.3921248429550525, 0.37903942715927097, 0.4000133108322592, 0.4552794849284159, 0.4017259025557179, 0.3827482720293698, 0.3871533499448992, 0.3957078036221535, 0.36677132697288994]}