{"enet": [{"auroc": [0.5217142857142857, 0.6485714285714286, 0.6485714285714286, 0.5262857142857142, 0.5194285714285714, 0.6977142857142857, 0.6977142857142857, 0.6988571428571428, 0.5217142857142857, 0.5], "acc": [0.4166666666666667, 0.4166666666666667, 0.4166666666666667, 0.4166666666666667, 0.4166666666666667, 0.4166666666666667, 0.4166666666666667, 0.4166666666666667, 0.4166666666666667, 0.4166666666666667], "aps": [0.6189530489000439, 0.69152196148236, 0.69152196148236, 0.6079466123685328, 0.6240165977178583, 0.7331524039475695, 0.7331524039475695, 0.7460365735043646, 0.6189530489000439, 0.5833333333333334], "f1": [0.0, 0.0, 0.0, 0.0, 0.0, 0.0, 0.0, 0.0, 0.0, 0.0], "auprc": [0.6100267271328812, 0.6739454898478701, 0.6739454898478701, 0.5964523437867598, 0.6061034911832459, 0.7165858224699975, 0.7165858224699975, 0.7299488819500732, 0.6100267271328812, 0.7916666666666667]}]}