{"enet": [{"auroc": [0.5754285714285714, 0.5502857142857143, 0.5868571428571429, 0.5754285714285714, 0.5, 0.5, 0.5, 0.5502857142857143, 0.5, 0.5], "acc": [0.4166666666666667, 0.4166666666666667, 0.4166666666666667, 0.4166666666666667, 0.4166666666666667, 0.4166666666666667, 0.4166666666666667, 0.4166666666666667, 0.4166666666666667, 0.4166666666666667], "aps": [0.6648449149710327, 0.6141101475898451, 0.6439331556191228, 0.6648449149710327, 0.5833333333333334, 0.5833333333333334, 0.5833333333333334, 0.6141101475898451, 0.5833333333333334, 0.5833333333333334], "f1": [0.0, 0.0, 0.0, 0.0, 0.0, 0.0, 0.0, 0.0, 0.0, 0.0], "auprc": [0.6545186284794192, 0.5952179738091903, 0.625518415927742, 0.6545186284794192, 0.7916666666666667, 0.7916666666666667, 0.7916666666666667, 0.5952179738091903, 0.7916666666666667, 0.7916666666666667]}]}