{"auroc": [0.4388206388206389, 0.5309582309582309, 0.5078624078624079, 0.5312039312039313, 0.591891891891892, 0.49557739557739566, 0.5201474201474202, 0.5093366093366094, 0.5307125307125308, 0.4916461916461916], "acc": [0.5978260869565217, 0.5978260869565217, 0.5978260869565217, 0.5978260869565217, 0.5978260869565217, 0.5978260869565217, 0.40217391304347827, 0.40217391304347827, 0.5978260869565217, 0.40217391304347827], "aps": [0.37570050350275536, 0.4472426630964783, 0.4265249975811831, 0.43834925173767403, 0.49547106537758706, 0.40134875494056244, 0.4104397346762081, 0.40841062867568756, 0.4449955500447169, 0.41002344838227806], "f1": [0.0, 0.0, 0.0, 0.0, 0.0, 0.0, 0.5736434108527132, 0.5736434108527132, 0.0, 0.5736434108527132], "auprc": [0.3568530059285106, 0.4292844676938861, 0.4093458204803879, 0.4196423137931524, 0.5081576513567821, 0.37369265691305326, 0.3999275393465799, 0.38629573756608643, 0.425949458914488, 0.39725758488283]}