{"auroc": [0.5243243243243244, 0.4292383292383293, 0.48329238329238344, 0.5167076167076168, 0.48108108108108105, 0.4545454545454546, 0.4611793611793612, 0.4611793611793612, 0.43587223587223595, 0.4493857493857494], "acc": [0.5978260869565217, 0.5978260869565217, 0.40217391304347827, 0.40217391304347827, 0.40217391304347827, 0.5978260869565217, 0.5978260869565217, 0.5978260869565217, 0.40217391304347827, 0.40217391304347827], "aps": [0.39684715017628486, 0.3684197746471323, 0.411657619949968, 0.4181568913972819, 0.39407256117087197, 0.3790108881324828, 0.388306866604608, 0.39145743643941083, 0.37235283051507484, 0.39610610723551465], "f1": [0.0, 0.0, 0.5736434108527132, 0.5736434108527132, 0.5736434108527132, 0.0, 0.0, 0.0, 0.5736434108527132, 0.5736434108527132], "auprc": [0.38135367094163486, 0.3762396314329981, 0.3931560871672084, 0.40008977373394816, 0.38243812838460234, 0.35237803746762125, 0.3713771336047674, 0.36831528830915755, 0.3585916811271103, 0.38617360167167425]}