{"auroc": [0.548894348894349, 0.5484029484029485, 0.547911547911548, 0.5484029484029485, 0.5493857493857495, 0.5488943488943488, 0.547911547911548, 0.5508599508599509, 0.5488943488943488, 0.5469287469287469], "acc": [0.40217391304347827, 0.40217391304347827, 0.40217391304347827, 0.40217391304347827, 0.40217391304347827, 0.40217391304347827, 0.40217391304347827, 0.40217391304347827, 0.40217391304347827, 0.40217391304347827], "aps": [0.4102709575736364, 0.409652780881491, 0.4099516971190722, 0.4111019510052637, 0.4106944579971369, 0.4112342089705014, 0.4095138466812218, 0.4113131226409854, 0.4107764855336775, 0.4088404039454937], "f1": [0.5736434108527132, 0.5736434108527132, 0.5736434108527132, 0.5736434108527132, 0.5736434108527132, 0.5736434108527132, 0.5736434108527132, 0.5736434108527132, 0.5736434108527132, 0.5736434108527132], "auprc": [0.3977209007219729, 0.39716416704514723, 0.3974025510300466, 0.39844750023428777, 0.39814055114162333, 0.39857983260666385, 0.39702563346562914, 0.3987581130976782, 0.3981711632457645, 0.39635779217090117]}