{"auroc": [0.4732186732186732, 0.4941031941031941, 0.4692874692874693, 0.47027027027027035, 0.4665847665847666, 0.47641277641277646, 0.46142506142506146, 0.4783783783783785, 0.4835380835380836, 0.4614250614250614], "acc": [0.40217391304347827, 0.40217391304347827, 0.40217391304347827, 0.40217391304347827, 0.5978260869565217, 0.5978260869565217, 0.532608695652174, 0.40217391304347827, 0.5978260869565217, 0.40217391304347827], "aps": [0.4057804841955357, 0.4150640124592583, 0.41120649942996845, 0.4171713617021011, 0.40915312148894045, 0.3848801840806652, 0.4092785699979046, 0.423265885809759, 0.40037612923689936, 0.4112164480975401], "f1": [0.5736434108527132, 0.5736434108527132, 0.5736434108527132, 0.5736434108527132, 0.0, 0.0, 0.2950819672131148, 0.5736434108527132, 0.0, 0.5736434108527132], "auprc": [0.387708646242947, 0.39903136886600843, 0.3928650011040043, 0.3987410043012696, 0.39144055546756407, 0.3692841631057847, 0.39095693221993744, 0.4048429410780264, 0.3848327510643316, 0.39223114070940646]}