{"auroc": [0.5393120393120393, 0.4916461916461917, 0.3985257985257985, 0.40638820638820644, 0.4545454545454546, 0.48869778869778874, 0.42457002457002463, 0.4105651105651106, 0.398034398034398, 0.5380835380835381], "acc": [0.5978260869565217, 0.5978260869565217, 0.40217391304347827, 0.40217391304347827, 0.40217391304347827, 0.40217391304347827, 0.40217391304347827, 0.40217391304347827, 0.5978260869565217, 0.40217391304347827], "aps": [0.47326961633991194, 0.4253052698566326, 0.3454954063948047, 0.36619951369354803, 0.3918823931240998, 0.4133783489255476, 0.3540108159087304, 0.37679075961539743, 0.34588897686139985, 0.4110142965275039], "f1": [0.0, 0.0, 0.5736434108527132, 0.5736434108527132, 0.5736434108527132, 0.5736434108527132, 0.5736434108527132, 0.5736434108527132, 0.0, 0.5736434108527132], "auprc": [0.4531736278054717, 0.4132970980827244, 0.32947260306008874, 0.3520205422412143, 0.3723863623001044, 0.39506876686647874, 0.3416818951876326, 0.35923211154053386, 0.3302356273147903, 0.3976319435740772]}