{"enet": [{"auroc": [0.4909090909090909, 0.4818181818181818, 0.460933660933661, 0.47174447174447176, 0.460933660933661, 0.46633906633906635, 0.47174447174447176, 0.47174447174447176, 0.47174447174447176, 0.47174447174447176], "acc": [0.5978260869565217, 0.5978260869565217, 0.5434782608695652, 0.40217391304347827, 0.5434782608695652, 0.5978260869565217, 0.40217391304347827, 0.40217391304347827, 0.40217391304347827, 0.40217391304347827], "aps": [0.4202430100444097, 0.40217391304347827, 0.3779019814071282, 0.37965298533439196, 0.3779019814071282, 0.36977872444531407, 0.37965298533439196, 0.37965298533439196, 0.37965298533439196, 0.37965298533439196], "f1": [0.2448979591836735, 0.0, 0.08695652173913043, 0.5736434108527132, 0.08695652173913043, 0.0, 0.5736434108527132, 0.5736434108527132, 0.5736434108527132, 0.5736434108527132], "auprc": [0.40533339697185844, 0.20108695652173914, 0.3883956251405652, 0.36263138596149785, 0.3883956251405652, 0.35794830652804177, 0.36263138596149785, 0.36263138596149785, 0.36263138596149785, 0.36263138596149785]}]}