{"auroc": [0.47616707616707615, 0.5093366093366094, 0.4963144963144963, 0.5031941031941032, 0.5004914004914005, 0.5164619164619164, 0.4810810810810811, 0.4648648648648649, 0.4977886977886978, 0.49140049140049147], "acc": [0.40217391304347827, 0.5978260869565217, 0.40217391304347827, 0.40217391304347827, 0.5978260869565217, 0.40217391304347827, 0.40217391304347827, 0.5978260869565217, 0.40217391304347827, 0.40217391304347827], "aps": [0.4123467998848565, 0.4216443554229393, 0.4017262056588093, 0.41189588721190024, 0.4041106365086018, 0.41901671801904083, 0.39011453062160834, 0.3844246065906394, 0.39990251644026764, 0.40205359014946895], "f1": [0.5736434108527132, 0.0, 0.5736434108527132, 0.5736434108527132, 0.0, 0.5736434108527132, 0.5736434108527132, 0.0, 0.5736434108527132, 0.5736434108527132], "auprc": [0.4016048620108579, 0.40417646832269105, 0.38772643957051756, 0.39718309311747946, 0.3904812034314671, 0.4056692828868353, 0.374934861837115, 0.36932966983585835, 0.3869957378182347, 0.3884684626079378]}