{"auroc": [0.5461916461916462, 0.5054054054054055, 0.5663390663390663, 0.5805896805896805, 0.4771498771498771, 0.5022113022113023, 0.6506142506142505, 0.5815724815724815, 0.4619164619164619, 0.585995085995086], "acc": [0.5978260869565217, 0.5978260869565217, 0.5978260869565217, 0.40217391304347827, 0.5978260869565217, 0.40217391304347827, 0.40217391304347827, 0.40217391304347827, 0.40217391304347827, 0.40217391304347827], "aps": [0.437594118119665, 0.40012419785368436, 0.43747391238755257, 0.4673583300355435, 0.41215785994103105, 0.4046926410779282, 0.5042516288341217, 0.467965382220857, 0.4154922135625795, 0.4781404920415372], "f1": [0.0, 0.0, 0.0, 0.5736434108527132, 0.0, 0.5736434108527132, 0.5736434108527132, 0.5736434108527132, 0.5736434108527132, 0.5736434108527132], "auprc": [0.41753208388643986, 0.3837991940518844, 0.4222177510955463, 0.4536361264369439, 0.3880448296204344, 0.3896618451589802, 0.4922018511010763, 0.4557034356091833, 0.4075033454581307, 0.463510022668264]}