{"auroc": [0.5434889434889435, 0.5434889434889435, 0.542997542997543, 0.5434889434889435, 0.5400491400491401, 0.542997542997543, 0.5434889434889435, 0.5425061425061426, 0.5454545454545455, 0.5434889434889435], "acc": [0.40217391304347827, 0.40217391304347827, 0.40217391304347827, 0.40217391304347827, 0.40217391304347827, 0.40217391304347827, 0.40217391304347827, 0.40217391304347827, 0.40217391304347827, 0.40217391304347827], "aps": [0.40814903886426646, 0.4084586948724518, 0.4084431013052797, 0.4082594193878517, 0.40702354733405227, 0.407641154063704, 0.40800702446765663, 0.40825537345419227, 0.40946175659316975, 0.4085458191516416], "f1": [0.5736434108527132, 0.5736434108527132, 0.5736434108527132, 0.5736434108527132, 0.5736434108527132, 0.5736434108527132, 0.5736434108527132, 0.5736434108527132, 0.5736434108527132, 0.5736434108527132], "auprc": [0.3955137004944408, 0.3958169101144448, 0.39575641949087625, 0.3956327506864463, 0.3943839393259364, 0.39503175795139056, 0.3953813616690284, 0.395568989951506, 0.39677165894930655, 0.3958587610906598]}