{"auroc": [0.5425061425061425, 0.5425061425061425, 0.5213759213759215, 0.542014742014742, 0.5434889434889435, 0.5425061425061425, 0.541031941031941, 0.542997542997543, 0.5415233415233416, 0.542997542997543], "acc": [0.40217391304347827, 0.40217391304347827, 0.40217391304347827, 0.40217391304347827, 0.40217391304347827, 0.40217391304347827, 0.40217391304347827, 0.40217391304347827, 0.40217391304347827, 0.40217391304347827], "aps": [0.4076243522846015, 0.4076243522846015, 0.40049534223639116, 0.4073617741373906, 0.40784823733435094, 0.40752247537917297, 0.4067873467950863, 0.4076836892245973, 0.4072636074178847, 0.40768550947077853], "f1": [0.5736434108527132, 0.5736434108527132, 0.5736434108527132, 0.5736434108527132, 0.5736434108527132, 0.5736434108527132, 0.5736434108527132, 0.5736434108527132, 0.5736434108527132, 0.5736434108527132], "auprc": [0.3949548936928924, 0.3949548936928924, 0.38770307604045895, 0.39469439329276584, 0.39517997408923755, 0.394854794345429, 0.39412264962416127, 0.3950157518890324, 0.394552633470028, 0.3950176822044146]}