{"auroc": [0.5412776412776412, 0.5415233415233416, 0.5400491400491401, 0.5395577395577397, 0.5481572481572482, 0.5405405405405406, 0.5415233415233416, 0.5380835380835381, 0.5528255528255528, 0.5417690417690418], "acc": [0.40217391304347827, 0.40217391304347827, 0.40217391304347827, 0.40217391304347827, 0.40217391304347827, 0.40217391304347827, 0.40217391304347827, 0.5978260869565217, 0.40217391304347827, 0.40217391304347827], "aps": [0.4079526766500897, 0.40844346514505814, 0.4080287246547536, 0.4072924535064193, 0.4117365814941003, 0.4085012830558141, 0.40850540638347, 0.40646058325437057, 0.41408543213218785, 0.40792580580386933], "f1": [0.5736434108527132, 0.5736434108527132, 0.5736434108527132, 0.5736434108527132, 0.5736434108527132, 0.5736434108527132, 0.5736434108527132, 0.0, 0.5736434108527132, 0.5736434108527132], "auprc": [0.3953279234072288, 0.3956852009720575, 0.3952638025578283, 0.3946089820711439, 0.39920876882373846, 0.39573303678017524, 0.39573935654091896, 0.3937273133287977, 0.4012888253061597, 0.3955280694875266]}