{"auroc": [0.45945945945945943, 0.5245700245700247, 0.4828009828009828, 0.5513513513513515, 0.5277641277641278, 0.5017199017199018, 0.5601965601965603, 0.5488943488943488, 0.5707616707616708, 0.4668304668304668], "acc": [0.5978260869565217, 0.40217391304347827, 0.40217391304347827, 0.40217391304347827, 0.5978260869565217, 0.40217391304347827, 0.40217391304347827, 0.40217391304347827, 0.5978260869565217, 0.5978260869565217], "aps": [0.3779071313424329, 0.4348105062921507, 0.39881815711431556, 0.4308616574718043, 0.44481429492261815, 0.4019120823324921, 0.4125349584225237, 0.4138178463232082, 0.4301813541710145, 0.3784628497570064], "f1": [0.0, 0.5736434108527132, 0.5736434108527132, 0.5736434108527132, 0.0, 0.5736434108527132, 0.5736434108527132, 0.5736434108527132, 0.0, 0.0], "auprc": [0.36058325360362015, 0.4235483134974602, 0.3807860870474627, 0.4206976373053814, 0.42645327630417296, 0.38605219431889054, 0.4001528277369965, 0.4009814082308129, 0.41742658727222326, 0.36150437578557093]}