{"auroc": [0.6007371007371007, 0.5260442260442261, 0.6081081081081081, 0.509090909090909, 0.5911547911547912, 0.6203931203931203, 0.5771498771498771, 0.5176904176904178, 0.5992628992628992, 0.5619164619164619], "acc": [0.5978260869565217, 0.40217391304347827, 0.40217391304347827, 0.5978260869565217, 0.40217391304347827, 0.40217391304347827, 0.40217391304347827, 0.5978260869565217, 0.5978260869565217, 0.5978260869565217], "aps": [0.4399590777298728, 0.4163183772154603, 0.47256015644322974, 0.4111111111111111, 0.4405894172927763, 0.4668139342052386, 0.44413567504049295, 0.4137444954836259, 0.4365994843592716, 0.4193925096473822], "f1": [0.0, 0.5736434108527132, 0.5736434108527132, 0.0, 0.5736434108527132, 0.5736434108527132, 0.5736434108527132, 0.0, 0.0, 0.0], "auprc": [0.4236680503958393, 0.4230821993755401, 0.4790433332799518, 0.20555555555555555, 0.4235172399642532, 0.442141025836678, 0.4826595102740814, 0.36040760127716653, 0.4217117803938823, 0.4018061083465881]}