{"enet": [{"auroc": [0.41867321867321866, 0.5, 0.5, 0.5, 0.5, 0.4683046683046684, 0.5, 0.5, 0.4815724815724816, 0.4683046683046684], "acc": [0.40217391304347827, 0.5978260869565217, 0.5978260869565217, 0.5978260869565217, 0.5978260869565217, 0.40217391304347827, 0.5978260869565217, 0.5978260869565217, 0.40217391304347827, 0.40217391304347827], "aps": [0.3616844493297754, 0.40217391304347827, 0.40217391304347827, 0.40217391304347827, 0.40217391304347827, 0.3872270370804811, 0.40217391304347827, 0.40217391304347827, 0.3935627906072459, 0.3872270370804811], "f1": [0.5736434108527132, 0.0, 0.0, 0.0, 0.0, 0.5736434108527132, 0.0, 0.0, 0.5736434108527132, 0.5736434108527132], "auprc": [0.3469071892497753, 0.7010869565217391, 0.7010869565217391, 0.7010869565217391, 0.7010869565217391, 0.6688953688220908, 0.7010869565217391, 0.7010869565217391, 0.6803556288778566, 0.6688953688220908]}]}