{"enet": [{"auroc": [0.45798525798525797, 0.5, 0.5, 0.5, 0.5, 0.47125307125307125, 0.4756756756756757, 0.47125307125307125, 0.5, 0.47125307125307125], "acc": [0.3695652173913043, 0.40217391304347827, 0.40217391304347827, 0.40217391304347827, 0.40217391304347827, 0.5978260869565217, 0.391304347826087, 0.5978260869565217, 0.40217391304347827, 0.5978260869565217], "aps": [0.38445317706991833, 0.40217391304347827, 0.40217391304347827, 0.40217391304347827, 0.40217391304347827, 0.3835148740977514, 0.3974376325223051, 0.3835148740977514, 0.40217391304347827, 0.3835148740977514], "f1": [0.5396825396825397, 0.5736434108527132, 0.5736434108527132, 0.5736434108527132, 0.5736434108527132, 0.0, 0.5625, 0.0, 0.5736434108527132, 0.0], "auprc": [0.37097480326631727, 0.7010869565217391, 0.7010869565217391, 0.7010869565217391, 0.7010869565217391, 0.3683209394359486, 0.3831955776402607, 0.3683209394359486, 0.7010869565217391, 0.3683209394359486]}]}