{"auroc": [0.43439803439803437, 0.5371007371007371, 0.5525798525798525, 0.5513513513513514, 0.5452088452088452, 0.5503685503685504, 0.5493857493857495, 0.5488943488943488, 0.5402948402948403, 0.5513513513513514], "acc": [0.40217391304347827, 0.5978260869565217, 0.40217391304347827, 0.5978260869565217, 0.40217391304347827, 0.40217391304347827, 0.40217391304347827, 0.40217391304347827, 0.5978260869565217, 0.5978260869565217], "aps": [0.3492394120482277, 0.499600855118189, 0.41231938947288505, 0.41344222328620545, 0.4088788611773333, 0.41181458308235364, 0.411127000389555, 0.4110422056418389, 0.41151252001211486, 0.4119589941304242], "f1": [0.5736434108527132, 0.0, 0.5736434108527132, 0.0, 0.5736434108527132, 0.5736434108527132, 0.5736434108527132, 0.5736434108527132, 0.0, 0.0], "auprc": [0.33791931858345253, 0.49097390423927534, 0.3999093918829263, 0.40080193748639426, 0.39644595536505783, 0.39921727259704687, 0.39853362500561895, 0.39844908159242387, 0.3986949312684754, 0.39942233455876386]}