{"auroc": [0.4886977886977888, 0.4918918918918919, 0.4958230958230958, 0.4847665847665848, 0.4914004914004914, 0.44570024570024575, 0.4417690417690418, 0.4950859950859951, 0.4444717444717445, 0.49066339066339076], "acc": [0.5978260869565217, 0.40217391304347827, 0.40217391304347827, 0.40217391304347827, 0.40217391304347827, 0.40217391304347827, 0.40217391304347827, 0.40217391304347827, 0.40217391304347827, 0.40217391304347827], "aps": [0.3873929857785524, 0.4308314862722772, 0.384459928189635, 0.3863153643682418, 0.4260587721719613, 0.3644387617098923, 0.3701888580037358, 0.3963925274835605, 0.3682503955898351, 0.3993914425179137], "f1": [0.0, 0.5736434108527132, 0.5736434108527132, 0.5736434108527132, 0.5736434108527132, 0.5736434108527132, 0.5736434108527132, 0.5736434108527132, 0.5736434108527132, 0.5736434108527132], "auprc": [0.371650795127352, 0.4193170228789338, 0.3703905895712856, 0.3712242028675937, 0.40925311758082805, 0.3502244616990175, 0.357054856058061, 0.3812652570747203, 0.3526589140122263, 0.3851251999841008]}