{"auroc": [0.587960687960688, 0.4756756756756757, 0.4528255528255528, 0.4776412776412777, 0.4864864864864865, 0.47395577395577393, 0.5324324324324324, 0.48181818181818187, 0.4756756756756757, 0.4975429975429976], "acc": [0.40217391304347827, 0.5978260869565217, 0.5978260869565217, 0.40217391304347827, 0.40217391304347827, 0.5978260869565217, 0.5978260869565217, 0.5978260869565217, 0.5978260869565217, 0.40217391304347827], "aps": [0.46609961896770036, 0.36956871291660737, 0.3921189630268987, 0.37908591608713416, 0.43145192378111075, 0.37049139056051483, 0.4260112635243005, 0.38453731745778874, 0.3751106965582737, 0.4068611963257955], "f1": [0.5736434108527132, 0.0, 0.0, 0.5736434108527132, 0.5736434108527132, 0.0, 0.0, 0.0, 0.0, 0.5736434108527132], "auprc": [0.45009211995935794, 0.3564664953620093, 0.3794571180213682, 0.36123280372696287, 0.4224002947880509, 0.3563225461268736, 0.4088727107427173, 0.3666380252758429, 0.35483795148533653, 0.39703408180607197]}