{"auroc": [0.5307125307125307, 0.5434889434889434, 0.5366093366093366, 0.5348894348894349, 0.48943488943488944, 0.542997542997543, 0.5658476658476659, 0.5533169533169533, 0.5294840294840295, 0.530958230958231], "acc": [0.40217391304347827, 0.5978260869565217, 0.40217391304347827, 0.40217391304347827, 0.40217391304347827, 0.5978260869565217, 0.40217391304347827, 0.5978260869565217, 0.40217391304347827, 0.40217391304347827], "aps": [0.4033931093766198, 0.47800203656877, 0.40630499415358523, 0.40744157311485907, 0.38756206835216533, 0.40847349160396407, 0.43043625725799234, 0.41205779330481207, 0.40581610621725117, 0.40344960837108007], "f1": [0.5736434108527132, 0.0, 0.5736434108527132, 0.5736434108527132, 0.5736434108527132, 0.0, 0.5736434108527132, 0.0, 0.5736434108527132, 0.5736434108527132], "auprc": [0.3906444689956162, 0.47830040720102535, 0.39332159804183847, 0.39485855377773715, 0.37169601613783515, 0.3958461157496208, 0.41549481836952923, 0.3997841805464084, 0.3930208485506733, 0.3911100739921912]}