{"auroc": [0.5491400491400492, 0.4791154791154792, 0.47764127764127773, 0.5174447174447174, 0.474938574938575, 0.4776412776412776, 0.4818181818181818, 0.5, 0.46756756756756757, 0.5690417690417691], "acc": [0.40217391304347827, 0.5978260869565217, 0.40217391304347827, 0.5978260869565217, 0.40217391304347827, 0.40217391304347827, 0.40217391304347827, 0.5978260869565217, 0.40217391304347827, 0.5978260869565217], "aps": [0.48879502051548884, 0.4389136029565198, 0.37771307480153776, 0.44504910608262654, 0.39409355296635334, 0.3756984845055117, 0.3783997026084484, 0.38476050939870726, 0.3834298883505699, 0.45798179372496867], "f1": [0.5736434108527132, 0.0, 0.5736434108527132, 0.0, 0.5736434108527132, 0.5736434108527132, 0.5736434108527132, 0.0, 0.5736434108527132, 0.0], "auprc": [0.4877786065139617, 0.4265916234173449, 0.362937088541455, 0.4315418287348555, 0.3551043268137114, 0.36246781136083445, 0.3582950488976865, 0.3702222120324666, 0.36961117321738995, 0.5262881941597816]}