{"auroc": [0.5425061425061425, 0.5444717444717444, 0.5444717444717445, 0.5415233415233416, 0.542997542997543, 0.5434889434889434, 0.5400491400491401, 0.5469287469287469, 0.542997542997543, 0.542014742014742], "acc": [0.40217391304347827, 0.40217391304347827, 0.40217391304347827, 0.40217391304347827, 0.40217391304347827, 0.40217391304347827, 0.40217391304347827, 0.40217391304347827, 0.40217391304347827, 0.5978260869565217], "aps": [0.4080083269402245, 0.40863201673277244, 0.40909235537014943, 0.4072453388687451, 0.40796550661045883, 0.4084013985899508, 0.40687329829759233, 0.4099831199387994, 0.40820976743059506, 0.4079040380723912], "f1": [0.5736434108527132, 0.5736434108527132, 0.5736434108527132, 0.5736434108527132, 0.5736434108527132, 0.5736434108527132, 0.5736434108527132, 0.5736434108527132, 0.5736434108527132, 0.0], "auprc": [0.3953051114121422, 0.3959564569576044, 0.39638334184668245, 0.39457961054056934, 0.395297244135498, 0.3956964421187775, 0.39420171339947685, 0.3973025178098544, 0.39552514099953673, 0.3952224678912625]}