{"auroc": [0.45233415233415236, 0.514987714987715, 0.4761670761670762, 0.49533169533169535, 0.45528255528255535, 0.41744471744471745, 0.5235872235872236, 0.4326781326781327, 0.4363636363636364, 0.4746928746928747], "acc": [0.5978260869565217, 0.40217391304347827, 0.40217391304347827, 0.5978260869565217, 0.5978260869565217, 0.40217391304347827, 0.40217391304347827, 0.5978260869565217, 0.5978260869565217, 0.5978260869565217], "aps": [0.3808672908881844, 0.42382158375163154, 0.39636721562668387, 0.3945787822136918, 0.3915293134442286, 0.35623169956538375, 0.4570676369942736, 0.3633381751925255, 0.37638265951791605, 0.38801023228059434], "f1": [0.0, 0.5736434108527132, 0.5736434108527132, 0.0, 0.0, 0.5736434108527132, 0.5736434108527132, 0.0, 0.0, 0.0], "auprc": [0.36156588182653987, 0.4133550843179962, 0.3782172938562449, 0.38188137955812185, 0.3731293664188867, 0.34419710494707034, 0.4424870442106375, 0.34838572496427433, 0.3583522281667142, 0.3731538861026717]}