{"auroc": [0.5702702702702702, 0.42776412776412776, 0.4702702702702703, 0.572972972972973, 0.5228501228501229, 0.5643734643734644, 0.5226044226044226, 0.5788697788697789, 0.5886977886977888, 0.4245700245700246], "acc": [0.40217391304347827, 0.5978260869565217, 0.5978260869565217, 0.40217391304347827, 0.5978260869565217, 0.5978260869565217, 0.5978260869565217, 0.5978260869565217, 0.5978260869565217, 0.5978260869565217], "aps": [0.44024303774593154, 0.370125404971294, 0.39183112032173356, 0.4737854194538057, 0.4279713297988274, 0.4526963856529147, 0.43312082618608766, 0.45231848566355104, 0.4563580499152655, 0.4268692273798064], "f1": [0.5736434108527132, 0.0, 0.0, 0.5736434108527132, 0.0, 0.0, 0.0, 0.0, 0.0, 0.0], "auprc": [0.4260713071466323, 0.35299764126951455, 0.3816477268614643, 0.45501545459504067, 0.4164450396995718, 0.4380661375749748, 0.4220054864654869, 0.4370320586012284, 0.44021805592425106, 0.41782214276592977]}