{"auroc": [0.5641277641277642, 0.5496314496314496, 0.5444717444717444, 0.5621621621621622, 0.42530712530712533, 0.5117936117936118, 0.49361179361179364, 0.5034398034398034, 0.5601965601965602, 0.5643734643734644], "acc": [0.5978260869565217, 0.5978260869565217, 0.40217391304347827, 0.5978260869565217, 0.40217391304347827, 0.40217391304347827, 0.40217391304347827, 0.40217391304347827, 0.5978260869565217, 0.5978260869565217], "aps": [0.43063246472406497, 0.42623408899808085, 0.41399712679355083, 0.4344694832394347, 0.3609425652353731, 0.40230172535218445, 0.4160849239537124, 0.4006099048571409, 0.4237931282576353, 0.4289376050546715], "f1": [0.0, 0.0, 0.5736434108527132, 0.0, 0.5736434108527132, 0.5736434108527132, 0.5736434108527132, 0.5736434108527132, 0.0, 0.0], "auprc": [0.4165447056439854, 0.4110627542176515, 0.39895090899450625, 0.4217340351417307, 0.3453479114727235, 0.3918104779453454, 0.4150486957338816, 0.37986112861923577, 0.40997368139007817, 0.4174986166037349]}