{"enet": [{"auroc": [0.6108108108108108, 0.5, 0.5105651105651107, 0.5, 0.5, 0.5, 0.5, 0.5105651105651107, 0.5, 0.5], "acc": [0.5978260869565217, 0.40217391304347827, 0.5978260869565217, 0.5978260869565217, 0.40217391304347827, 0.40217391304347827, 0.5978260869565217, 0.5978260869565217, 0.5978260869565217, 0.5978260869565217], "aps": [0.5220212757863308, 0.40217391304347827, 0.3905025447104419, 0.40217391304347827, 0.40217391304347827, 0.40217391304347827, 0.40217391304347827, 0.3905025447104419, 0.40217391304347827, 0.40217391304347827], "f1": [0.0, 0.5736434108527132, 0.0, 0.0, 0.5736434108527132, 0.5736434108527132, 0.0, 0.0, 0.0, 0.0], "auprc": [0.5036995495446149, 0.7010869565217391, 0.37792118526704854, 0.7010869565217391, 0.7010869565217391, 0.7010869565217391, 0.7010869565217391, 0.37792118526704854, 0.7010869565217391, 0.7010869565217391]}]}