{"auroc": [0.528992628992629, 0.4550368550368551, 0.48943488943488944, 0.4685503685503686, 0.5572481572481572, 0.5398034398034398, 0.4702702702702703, 0.5061425061425062, 0.5766584766584767, 0.4864864864864865], "acc": [0.40217391304347827, 0.5978260869565217, 0.40217391304347827, 0.40217391304347827, 0.40217391304347827, 0.40217391304347827, 0.5978260869565217, 0.5978260869565217, 0.5978260869565217, 0.40217391304347827], "aps": [0.41689891089859926, 0.3727330832297412, 0.38711658386481074, 0.36674042903652704, 0.42034244926424513, 0.4302426704838188, 0.3653811850820784, 0.3909363694448967, 0.4523566061167825, 0.3770075879412079], "f1": [0.5736434108527132, 0.0, 0.5736434108527132, 0.5736434108527132, 0.5736434108527132, 0.5736434108527132, 0.0, 0.0, 0.0, 0.5736434108527132], "auprc": [0.4015056228368861, 0.35840804784617636, 0.37389190789109106, 0.3546092418421986, 0.4073120781379202, 0.4141442417779857, 0.3534520806324141, 0.3776305995225864, 0.43430191555669534, 0.3641603716829245]}