{"auroc": [0.5425061425061425, 0.5361179361179361, 0.5452088452088452, 0.5304668304668305, 0.509090909090909, 0.5533169533169534, 0.5051597051597051, 0.5503685503685504, 0.42530712530712533, 0.5378378378378378], "acc": [0.40217391304347827, 0.5978260869565217, 0.40217391304347827, 0.5978260869565217, 0.5978260869565217, 0.40217391304347827, 0.40217391304347827, 0.5978260869565217, 0.40217391304347827, 0.40217391304347827], "aps": [0.4370854370854371, 0.42952339903559417, 0.43276836158192095, 0.43543031685295114, 0.4065934065934066, 0.43170801926625435, 0.4212337783257242, 0.42809278733879724, 0.40602559080819955, 0.43105298457411134], "f1": [0.5736434108527132, 0.0, 0.5736434108527132, 0.0, 0.0, 0.5736434108527132, 0.5736434108527132, 0.0, 0.5736434108527132, 0.5736434108527132], "auprc": [0.4511434511434511, 0.4555682726414434, 0.5193311956023821, 0.4119338496233665, 0.7032967032967032, 0.4506304395315083, 0.40770742231896895, 0.690953680703268, 0.3318242992156035, 0.44090942048688525]}