{"auroc": [0.5135135135135136, 0.5425061425061425, 0.5432432432432432, 0.5366093366093366, 0.5484029484029483, 0.5557739557739558, 0.5577395577395577, 0.5228501228501229, 0.47641277641277646, 0.5144963144963145], "acc": [0.40217391304347827, 0.40217391304347827, 0.5760869565217391, 0.40217391304347827, 0.40217391304347827, 0.40217391304347827, 0.40217391304347827, 0.40217391304347827, 0.5978260869565217, 0.40217391304347827], "aps": [0.43569167995544505, 0.4282530423811659, 0.43955971606944466, 0.4240014752471476, 0.4256705358869298, 0.44871904099696713, 0.42594163589158757, 0.4137831188984625, 0.4193294468423015, 0.4137702711353795], "f1": [0.5736434108527132, 0.5736434108527132, 0.1702127659574468, 0.5736434108527132, 0.5736434108527132, 0.5736434108527132, 0.5736434108527132, 0.5736434108527132, 0.0, 0.5736434108527132], "auprc": [0.42406487105861496, 0.41057972536344817, 0.4214428491182636, 0.40660015941862115, 0.4081544857404317, 0.4375932215695133, 0.4105590864280446, 0.39914350183016223, 0.40781084219778785, 0.3980122904584386]}