{"enet": [{"auroc": [0.5302211302211302, 0.5, 0.5, 0.5, 0.5, 0.5, 0.5, 0.5, 0.5, 0.5], "acc": [0.5543478260869565, 0.5978260869565217, 0.5978260869565217, 0.5978260869565217, 0.5978260869565217, 0.5978260869565217, 0.5978260869565217, 0.5978260869565217, 0.5978260869565217, 0.5978260869565217], "aps": [0.417129232864085, 0.40217391304347827, 0.40217391304347827, 0.40217391304347827, 0.40217391304347827, 0.40217391304347827, 0.40217391304347827, 0.40217391304347827, 0.40217391304347827, 0.40217391304347827], "f1": [0.19607843137254902, 0.0, 0.0, 0.0, 0.0, 0.0, 0.0, 0.0, 0.0, 0.0], "auprc": [0.4010276741889509, 0.7010869565217391, 0.7010869565217391, 0.7010869565217391, 0.7010869565217391, 0.7010869565217391, 0.7010869565217391, 0.7010869565217391, 0.7010869565217391, 0.7010869565217391]}]}