{"enet": [{"auroc": [0.5085995085995086, 0.5, 0.4292383292383292, 0.5, 0.5, 0.5, 0.5, 0.5277641277641277, 0.5, 0.5], "acc": [0.40217391304347827, 0.5978260869565217, 0.5978260869565217, 0.5978260869565217, 0.40217391304347827, 0.5978260869565217, 0.40217391304347827, 0.40217391304347827, 0.5978260869565217, 0.40217391304347827], "aps": [0.392335121309648, 0.40217391304347827, 0.37096291000358905, 0.40217391304347827, 0.40217391304347827, 0.40217391304347827, 0.40217391304347827, 0.4003227719208613, 0.40217391304347827, 0.40217391304347827], "f1": [0.5736434108527132, 0.0, 0.0, 0.0, 0.5736434108527132, 0.0, 0.5736434108527132, 0.5736434108527132, 0.0, 0.5736434108527132], "auprc": [0.37965328193852066, 0.7010869565217391, 0.3526608125898522, 0.7010869565217391, 0.7010869565217391, 0.7010869565217391, 0.7010869565217391, 0.3876477168891946, 0.7010869565217391, 0.7010869565217391]}]}