{"auroc": [0.5444717444717445, 0.5078624078624079, 0.4520884520884521, 0.4823095823095823, 0.4484029484029484, 0.5095823095823095, 0.5022113022113022, 0.4417690417690418, 0.4781326781326781, 0.4963144963144963], "acc": [0.5978260869565217, 0.40217391304347827, 0.5978260869565217, 0.40217391304347827, 0.5978260869565217, 0.40217391304347827, 0.40217391304347827, 0.5978260869565217, 0.40217391304347827, 0.40217391304347827], "aps": [0.4406026007364636, 0.4010391114032944, 0.36607465252779686, 0.3967112858624081, 0.36469646480483864, 0.39287041999531935, 0.3896956694415109, 0.36314011819150654, 0.3853044280788017, 0.39266815363759566], "f1": [0.0, 0.5736434108527132, 0.0, 0.5736434108527132, 0.0, 0.5736434108527132, 0.5736434108527132, 0.0, 0.5736434108527132, 0.5736434108527132], "auprc": [0.424412397994148, 0.3865597457333047, 0.3528718626033752, 0.37980662706206647, 0.3516751884108139, 0.38030759069158604, 0.3758383777918629, 0.3494973644680388, 0.3717233588392236, 0.3755433775032612]}