{"auroc": [0.42678132678132685, 0.49164619164619167, 0.520884520884521, 0.48058968058968066, 0.4302211302211303, 0.4968058968058968, 0.5147420147420148, 0.4746928746928747, 0.42997542997543, 0.5063882063882064], "acc": [0.5978260869565217, 0.5978260869565217, 0.40217391304347827, 0.5978260869565217, 0.40217391304347827, 0.40217391304347827, 0.40217391304347827, 0.5978260869565217, 0.40217391304347827, 0.5978260869565217], "aps": [0.35338200154457394, 0.39895399866383374, 0.4228209259484761, 0.3835569999113029, 0.38032308034587753, 0.39566882812088333, 0.41624860834094657, 0.4098871132104189, 0.4130129417817189, 0.41909472058077873], "f1": [0.0, 0.0, 0.5736434108527132, 0.0, 0.5736434108527132, 0.5736434108527132, 0.5736434108527132, 0.0, 0.5736434108527132, 0.0], "auprc": [0.33636563894466, 0.38066379218298574, 0.4050042417815521, 0.3717076771612844, 0.3541535083056121, 0.3802997223495123, 0.3937405178335319, 0.40072315460799207, 0.4028933206835346, 0.39310352720946395]}