{"auroc": [0.5088452088452089, 0.5326781326781327, 0.5292383292383293, 0.43366093366093367, 0.5110565110565111, 0.4987714987714988, 0.45995085995086, 0.43243243243243246, 0.5238329238329238, 0.442997542997543], "acc": [0.5978260869565217, 0.5978260869565217, 0.5978260869565217, 0.5978260869565217, 0.5760869565217391, 0.5978260869565217, 0.40217391304347827, 0.5978260869565217, 0.5978260869565217, 0.40217391304347827], "aps": [0.41263127374519254, 0.431520595752022, 0.4234687076017838, 0.3739847778144195, 0.4179434880811379, 0.40649688174034276, 0.3868819314788138, 0.361934067307203, 0.4265957706502595, 0.3756986005903948], "f1": [0.0, 0.0, 0.0, 0.0, 0.13333333333333333, 0.0, 0.5736434108527132, 0.0, 0.0, 0.5736434108527132], "auprc": [0.398435924326889, 0.4156961388497566, 0.4072959513048307, 0.35968887684229556, 0.40186810169019155, 0.39021083967010517, 0.3715636801690346, 0.34580648060578, 0.4105686153078865, 0.3612607330335722]}