{"enet": [{"auroc": [0.485995085995086, 0.5, 0.5, 0.5, 0.5, 0.5, 0.5, 0.5, 0.4977886977886978, 0.5], "acc": [0.40217391304347827, 0.5978260869565217, 0.5978260869565217, 0.5978260869565217, 0.5978260869565217, 0.5978260869565217, 0.5978260869565217, 0.5978260869565217, 0.40217391304347827, 0.5978260869565217], "aps": [0.38034486962373476, 0.40217391304347827, 0.40217391304347827, 0.40217391304347827, 0.40217391304347827, 0.40217391304347827, 0.40217391304347827, 0.40217391304347827, 0.40198316298897796, 0.40217391304347827], "f1": [0.5736434108527132, 0.0, 0.0, 0.0, 0.0, 0.0, 0.0, 0.0, 0.5736434108527132, 0.0], "auprc": [0.3685908147046937, 0.7010869565217391, 0.7010869565217391, 0.7010869565217391, 0.7010869565217391, 0.7010869565217391, 0.7010869565217391, 0.7010869565217391, 0.5791939764563252, 0.7010869565217391]}]}