{"auroc": [0.4110565110565111, 0.4226044226044226, 0.4014742014742015, 0.40073710073710067, 0.41253071253071255, 0.40393120393120396, 0.4582309582309583, 0.46240786240786247, 0.41375921375921376, 0.44275184275184276], "acc": [0.5978260869565217, 0.40217391304347827, 0.5978260869565217, 0.40217391304347827, 0.40217391304347827, 0.5978260869565217, 0.5978260869565217, 0.40217391304347827, 0.5978260869565217, 0.5978260869565217], "aps": [0.35563290432696915, 0.3496571456679387, 0.33944576949970523, 0.33904012662470506, 0.34641534173215704, 0.3440450508413242, 0.3729605223819752, 0.3725192453311657, 0.34769549128175664, 0.35811283122691256], "f1": [0.0, 0.5736434108527132, 0.0, 0.5736434108527132, 0.5736434108527132, 0.0, 0.0, 0.5736434108527132, 0.0, 0.0], "auprc": [0.33948006284280746, 0.33959098014357614, 0.3283805902011785, 0.3270777790287471, 0.33323268652752347, 0.33111749182008365, 0.3597085422949931, 0.36024346442605537, 0.3343392299831093, 0.3460799127811486]}