{"auroc": [0.4398034398034399, 0.5977886977886977, 0.4454545454545455, 0.4845208845208846, 0.4432432432432433, 0.46339066339066337, 0.4346437346437347, 0.46486486486486484, 0.45036855036855045, 0.5039312039312039], "acc": [0.40217391304347827, 0.5978260869565217, 0.5978260869565217, 0.40217391304347827, 0.40217391304347827, 0.40217391304347827, 0.40217391304347827, 0.40217391304347827, 0.40217391304347827, 0.40217391304347827], "aps": [0.3609875372038653, 0.4729617570867556, 0.3647938291416203, 0.37857373292804253, 0.3656127873154621, 0.3805721432247442, 0.3582545509793853, 0.3729830492866912, 0.37847937715417335, 0.42174752669453497], "f1": [0.5736434108527132, 0.0, 0.0, 0.5736434108527132, 0.5736434108527132, 0.5736434108527132, 0.5736434108527132, 0.5736434108527132, 0.5736434108527132, 0.5736434108527132], "auprc": [0.34817539556653265, 0.4547078888042634, 0.3509329001991777, 0.36706430588819394, 0.35166693006264466, 0.36431510168009656, 0.34663081338556784, 0.36039937405002587, 0.3647015348851005, 0.40567868765872495]}