{"auroc": [0.5434889434889435, 0.5410319410319411, 0.5351351351351352, 0.5415233415233416, 0.5402948402948403, 0.5395577395577396, 0.5415233415233415, 0.542997542997543, 0.5582309582309583, 0.539066339066339], "acc": [0.40217391304347827, 0.40217391304347827, 0.40217391304347827, 0.40217391304347827, 0.40217391304347827, 0.40217391304347827, 0.40217391304347827, 0.40217391304347827, 0.40217391304347827, 0.40217391304347827], "aps": [0.41018052258098825, 0.40898877046293625, 0.40600689293744974, 0.40860003829012415, 0.40900531715101285, 0.40884028409793854, 0.4094566891329606, 0.4108041188915639, 0.4174422591975776, 0.40837929456286226], "f1": [0.5736434108527132, 0.5736434108527132, 0.5736434108527132, 0.5736434108527132, 0.5736434108527132, 0.5736434108527132, 0.5736434108527132, 0.5736434108527132, 0.5736434108527132, 0.5736434108527132], "auprc": [0.3973581242440791, 0.39614134739688, 0.3932035316157682, 0.39578449174247715, 0.3962136224790068, 0.39600977170587764, 0.39660976801599623, 0.39794796910999214, 0.40469624392355996, 0.3954853178169326]}