{"auroc": [0.5515970515970516, 0.509090909090909, 0.5041769041769042, 0.5282555282555284, 0.5626535626535627, 0.5226044226044226, 0.4923832923832924, 0.574938574938575, 0.4972972972972973, 0.5019656019656019], "acc": [0.44565217391304346, 0.40217391304347827, 0.40217391304347827, 0.5978260869565217, 0.40217391304347827, 0.5978260869565217, 0.5978260869565217, 0.5978260869565217, 0.40217391304347827, 0.5978260869565217], "aps": [0.43074144147157173, 0.3987230572665715, 0.41472344504830233, 0.4071204552145944, 0.42795398331180745, 0.462939063883401, 0.41085071271684015, 0.42687441393322595, 0.4030448317966227, 0.3992113411329715], "f1": [0.5853658536585366, 0.5736434108527132, 0.5736434108527132, 0.0, 0.5736434108527132, 0.0, 0.0, 0.0, 0.5736434108527132, 0.0], "auprc": [0.4161811566828074, 0.3851418518491517, 0.3998001757705198, 0.3930475599732914, 0.4138081092665029, 0.4534116876912474, 0.4006663789523399, 0.4126872290999291, 0.3885212456703961, 0.3867016720848493]}