{"auroc": [0.38501228501228507, 0.5120393120393121, 0.51990171990172, 0.47076167076167075, 0.5022113022113023, 0.5159705159705159, 0.5135135135135136, 0.5088452088452089, 0.5253071253071253, 0.5287469287469287], "acc": [0.40217391304347827, 0.40217391304347827, 0.40217391304347827, 0.5978260869565217, 0.40217391304347827, 0.40217391304347827, 0.40217391304347827, 0.40217391304347827, 0.5978260869565217, 0.40217391304347827], "aps": [0.33488585364435863, 0.397393442609288, 0.3994289836241691, 0.37718608195092634, 0.3912137472104995, 0.39819943509904354, 0.3963848375432454, 0.3988969675304736, 0.4031455877349469, 0.407590881062188], "f1": [0.5736434108527132, 0.5736434108527132, 0.5736434108527132, 0.0, 0.5736434108527132, 0.5736434108527132, 0.5736434108527132, 0.5736434108527132, 0.0, 0.5736434108527132], "auprc": [0.32287336838170655, 0.3845000954343649, 0.3866806412881015, 0.36381942475557394, 0.3786373398806217, 0.385383326767715, 0.3837710555639934, 0.3848715885565068, 0.39064774791629797, 0.3945238602896076]}