{"auroc": [0.5321867321867322, 0.5213759213759215, 0.5547911547911548, 0.5154791154791155, 0.5135135135135136, 0.5402948402948402, 0.521867321867322, 0.4864864864864865, 0.5002457002457003, 0.5135135135135136], "acc": [0.5978260869565217, 0.5978260869565217, 0.5978260869565217, 0.5978260869565217, 0.40217391304347827, 0.5978260869565217, 0.5978260869565217, 0.5978260869565217, 0.5978260869565217, 0.5978260869565217], "aps": [0.44424951463532625, 0.4321266488118011, 0.4627409537731934, 0.43527032740443505, 0.45162151702161624, 0.46047303423107533, 0.4408171170072742, 0.44820250859074284, 0.4223587396078597, 0.4391740977822538], "f1": [0.0, 0.0, 0.0, 0.0, 0.5736434108527132, 0.0, 0.0, 0.0, 0.0, 0.0], "auprc": [0.4278080171547251, 0.4157686799154874, 0.4465321822949269, 0.4189552473252941, 0.4329991979864693, 0.44431527451879627, 0.42442612481196296, 0.42979591092391384, 0.4060839912008888, 0.4228900306226198]}