{"enet": [{"auroc": [0.4707616707616708, 0.49877149877149873, 0.49877149877149873, 0.49877149877149873, 0.49877149877149873, 0.49877149877149873, 0.49877149877149873, 0.49877149877149873, 0.49877149877149873, 0.49877149877149873], "acc": [0.40217391304347827, 0.5978260869565217, 0.5978260869565217, 0.5978260869565217, 0.5978260869565217, 0.5978260869565217, 0.5978260869565217, 0.5978260869565217, 0.5978260869565217, 0.5978260869565217], "aps": [0.4129781782240883, 0.434898035757851, 0.434898035757851, 0.434898035757851, 0.434898035757851, 0.434898035757851, 0.434898035757851, 0.434898035757851, 0.434898035757851, 0.434898035757851], "f1": [0.5736434108527132, 0.0, 0.0, 0.0, 0.0, 0.0, 0.0, 0.0, 0.0, 0.0], "auprc": [0.40182245788986265, 0.4200064095108354, 0.4200064095108354, 0.4200064095108354, 0.4200064095108354, 0.4200064095108354, 0.4200064095108354, 0.4200064095108354, 0.4200064095108354, 0.4200064095108354]}]}