{"enet": [{"auroc": [0.5533169533169533, 0.5, 0.4761670761670762, 0.5, 0.5, 0.4761670761670762, 0.5, 0.5, 0.5, 0.5], "acc": [0.40217391304347827, 0.5978260869565217, 0.5978260869565217, 0.5978260869565217, 0.5978260869565217, 0.5978260869565217, 0.5978260869565217, 0.5978260869565217, 0.40217391304347827, 0.40217391304347827], "aps": [0.41466722762701985, 0.40217391304347827, 0.4248725552400033, 0.40217391304347827, 0.40217391304347827, 0.4248725552400033, 0.40217391304347827, 0.40217391304347827, 0.40217391304347827, 0.40217391304347827], "f1": [0.5736434108527132, 0.0, 0.0, 0.0, 0.0, 0.0, 0.0, 0.0, 0.5736434108527132, 0.5736434108527132], "auprc": [0.4022187615102321, 0.7010869565217391, 0.4157309025418845, 0.7010869565217391, 0.7010869565217391, 0.4157309025418845, 0.7010869565217391, 0.7010869565217391, 0.7010869565217391, 0.7010869565217391]}]}