{"auroc": [0.4611793611793612, 0.4850122850122851, 0.47592137592137596, 0.5257985257985259, 0.4975429975429976, 0.5211302211302211, 0.3867321867321867, 0.44545454545454544, 0.5287469287469289, 0.4316953316953317], "acc": [0.40217391304347827, 0.5978260869565217, 0.5978260869565217, 0.40217391304347827, 0.40217391304347827, 0.5978260869565217, 0.40217391304347827, 0.40217391304347827, 0.40217391304347827, 0.40217391304347827], "aps": [0.38783374302611534, 0.37721119337260167, 0.37543858451865475, 0.41976281723437797, 0.3839390617334324, 0.39543001845900505, 0.33388839152401567, 0.3541224466277798, 0.44312455408178325, 0.3900015695592991], "f1": [0.5736434108527132, 0.0, 0.0, 0.5736434108527132, 0.5736434108527132, 0.0, 0.5736434108527132, 0.5736434108527132, 0.5736434108527132, 0.5736434108527132], "auprc": [0.3739193242167934, 0.3651204761346486, 0.36422114045497783, 0.4056067443715846, 0.3728133399794885, 0.38349521913775897, 0.3207006529265999, 0.34270517807611744, 0.43224610979646816, 0.37355414815326926]}