{"enet": [{"auroc": [0.5105651105651106, 0.5, 0.520884520884521, 0.520884520884521, 0.520884520884521, 0.520884520884521, 0.520884520884521, 0.4732186732186732, 0.5218673218673219, 0.520884520884521], "acc": [0.5978260869565217, 0.40217391304347827, 0.5978260869565217, 0.5978260869565217, 0.5978260869565217, 0.5978260869565217, 0.5978260869565217, 0.5978260869565217, 0.5978260869565217, 0.5978260869565217], "aps": [0.4261245500183283, 0.40217391304347827, 0.4362796236486904, 0.4362796236486904, 0.4362796236486904, 0.4362796236486904, 0.4362796236486904, 0.39830758450217085, 0.40567331865040496, 0.4362796236486904], "f1": [0.0, 0.5736434108527132, 0.0, 0.0, 0.0, 0.0, 0.0, 0.0, 0.0, 0.0], "auprc": [0.4156220529650568, 0.7010869565217391, 0.42464544378650076, 0.42464544378650076, 0.42464544378650076, 0.42464544378650076, 0.42464544378650076, 0.38015398248016835, 0.39213145262969956, 0.42464544378650076]}]}