{"auroc": [0.485995085995086, 0.37690417690417694, 0.5117936117936118, 0.5292383292383293, 0.5162162162162163, 0.5171990171990172, 0.5385749385749385, 0.5113022113022113, 0.527027027027027, 0.5184275184275183], "acc": [0.5978260869565217, 0.5978260869565217, 0.5978260869565217, 0.40217391304347827, 0.40217391304347827, 0.5978260869565217, 0.5978260869565217, 0.5978260869565217, 0.5978260869565217, 0.5978260869565217], "aps": [0.40798129854057374, 0.33333042729345036, 0.42878194633518457, 0.4188650495790157, 0.4179819644241045, 0.4128508543287936, 0.42128961910279744, 0.4133774414579354, 0.4172334650881968, 0.41614131898160567], "f1": [0.0, 0.0, 0.0, 0.5736434108527132, 0.5736434108527132, 0.0, 0.0, 0.0, 0.0, 0.0], "auprc": [0.3936585664115566, 0.32173086362011205, 0.41001456811813053, 0.4054957734265753, 0.4034632287773159, 0.3992261355109563, 0.408470941812868, 0.39883511444750225, 0.4025271365712519, 0.4017648265703221]}