{"auroc": [0.5375921375921375, 0.5773955773955775, 0.5429975429975431, 0.5400491400491401, 0.5410319410319411, 0.5380835380835381, 0.541031941031941, 0.5415233415233416, 0.5417690417690417, 0.462899262899263], "acc": [0.40217391304347827, 0.40217391304347827, 0.40217391304347827, 0.40217391304347827, 0.40217391304347827, 0.40217391304347827, 0.40217391304347827, 0.40217391304347827, 0.40217391304347827, 0.40217391304347827], "aps": [0.405695205003028, 0.42855333689761377, 0.4088465961061406, 0.4080214960424965, 0.40798079244217045, 0.406421385504656, 0.407972314263896, 0.4079210438569778, 0.40779713838820697, 0.3854495848177326], "f1": [0.5736434108527132, 0.5736434108527132, 0.5736434108527132, 0.5736434108527132, 0.5736434108527132, 0.5736434108527132, 0.5736434108527132, 0.5736434108527132, 0.5736434108527132, 0.5736434108527132], "auprc": [0.39295411405979686, 0.41535173793208446, 0.3960870831228336, 0.39519454702755097, 0.39522347565775606, 0.39367438599215504, 0.3952150046927372, 0.39517010908899197, 0.39516930614239015, 0.371035787691355]}