{"enet": [{"auroc": [0.4422604422604423, 0.5, 0.5, 0.45454545454545453, 0.5, 0.47371007371007373, 0.5, 0.3965601965601966, 0.47371007371007373, 0.5], "acc": [0.5978260869565217, 0.5978260869565217, 0.5978260869565217, 0.5978260869565217, 0.5978260869565217, 0.5978260869565217, 0.5978260869565217, 0.5978260869565217, 0.5978260869565217, 0.5978260869565217], "aps": [0.36540594383100566, 0.40217391304347827, 0.40217391304347827, 0.397074921824193, 0.40217391304347827, 0.3900688667724394, 0.40217391304347827, 0.3437649888369624, 0.3900688667724394, 0.40217391304347827], "f1": [0.0, 0.0, 0.0, 0.0, 0.0, 0.0, 0.0, 0.0, 0.0, 0.0], "auprc": [0.35212513757997055, 0.7010869565217391, 0.7010869565217391, 0.3787583564264704, 0.7010869565217391, 0.37625875391402763, 0.7010869565217391, 0.3312513073555109, 0.37625875391402763, 0.7010869565217391]}]}