{"auroc": [0.5113022113022114, 0.5066339066339067, 0.4977886977886978, 0.46191646191646196, 0.5115479115479116, 0.5194103194103195, 0.4914004914004914, 0.48746928746928747, 0.5029484029484029, 0.49041769041769046], "acc": [0.5978260869565217, 0.5978260869565217, 0.5978260869565217, 0.5978260869565217, 0.5978260869565217, 0.40217391304347827, 0.40217391304347827, 0.40217391304347827, 0.40217391304347827, 0.5978260869565217], "aps": [0.4257030301146765, 0.4003421668216791, 0.42942367125303665, 0.366256901294854, 0.4028669690817147, 0.41643418937536586, 0.4019786397089987, 0.38219174843032766, 0.3895774118046043, 0.41146651604685475], "f1": [0.0, 0.0, 0.0, 0.0, 0.0, 0.5736434108527132, 0.5736434108527132, 0.5736434108527132, 0.5736434108527132, 0.0], "auprc": [0.4082109468295102, 0.35905820161898216, 0.42158167368613536, 0.35093557224498995, 0.3906487217344588, 0.39963027830674885, 0.3920100496705086, 0.3615077295931105, 0.3771359751538991, 0.4010530992225496]}