{"auroc": [0.47714987714987717, 0.47223587223587227, 0.4776412776412776, 0.47616707616707615, 0.4732186732186733, 0.4673218673218673, 0.4980343980343981, 0.48206388206388207, 0.4732186732186733, 0.46265356265356267], "acc": [0.5978260869565217, 0.5978260869565217, 0.40217391304347827, 0.5978260869565217, 0.5978260869565217, 0.5978260869565217, 0.5978260869565217, 0.5978260869565217, 0.5978260869565217, 0.5978260869565217], "aps": [0.40243552803597, 0.3920680613465793, 0.3813437491707913, 0.39472004647150377, 0.3917718671603593, 0.3752800357181398, 0.39294627034952323, 0.3990967046670574, 0.3921052022711139, 0.3863367504864559], "f1": [0.0, 0.0, 0.5736434108527132, 0.0, 0.0, 0.0, 0.0, 0.0, 0.0, 0.0], "auprc": [0.3916889876703061, 0.3824323506630159, 0.3647322121835651, 0.3845898564015385, 0.3821617525111981, 0.35901690147887977, 0.3782776592418359, 0.3892902108727476, 0.3826973853694928, 0.3766457383253829]}