{"enet": [{"auroc": [0.5469287469287469, 0.5, 0.5, 0.5, 0.6152334152334152, 0.5, 0.5, 0.5, 0.5, 0.5], "acc": [0.5978260869565217, 0.5978260869565217, 0.5978260869565217, 0.5978260869565217, 0.5978260869565217, 0.5978260869565217, 0.5978260869565217, 0.5978260869565217, 0.5978260869565217, 0.5978260869565217], "aps": [0.44135560605683855, 0.40217391304347827, 0.40217391304347827, 0.40217391304347827, 0.5644162815127012, 0.40217391304347827, 0.40217391304347827, 0.40217391304347827, 0.40217391304347827, 0.40217391304347827], "f1": [0.0, 0.0, 0.0, 0.0, 0.0, 0.0, 0.0, 0.0, 0.0, 0.0], "auprc": [0.42529064053024634, 0.7010869565217391, 0.7010869565217391, 0.7010869565217391, 0.5569871393782531, 0.7010869565217391, 0.7010869565217391, 0.7010869565217391, 0.7010869565217391, 0.7010869565217391]}]}