{"auroc": [0.4508599508599509, 0.47911547911547914, 0.5130221130221131, 0.40368550368550377, 0.5027027027027027, 0.5412776412776413, 0.487960687960688, 0.42063882063882063, 0.585995085995086, 0.5326781326781327], "acc": [0.5978260869565217, 0.40217391304347827, 0.5978260869565217, 0.5978260869565217, 0.40217391304347827, 0.40217391304347827, 0.5978260869565217, 0.5978260869565217, 0.40217391304347827, 0.5978260869565217], "aps": [0.3621721967554984, 0.37838355300239734, 0.39692220314276483, 0.34850373369736354, 0.39604190700515574, 0.4075802199272741, 0.38114264570320183, 0.3494058067426972, 0.4271467705175448, 0.4026388865892229], "f1": [0.0, 0.5736434108527132, 0.0, 0.0, 0.5736434108527132, 0.5736434108527132, 0.0, 0.0, 0.5736434108527132, 0.0], "auprc": [0.3491116081171946, 0.3640772565300083, 0.38017190592138955, 0.33597491370037746, 0.37963497499972754, 0.39108710857203555, 0.366578446277441, 0.3366535066881632, 0.4144650023408944, 0.3901093086378922]}