{"auroc": [0.4658476658476659, 0.5862407862407862, 0.5641277641277641, 0.5562653562653563, 0.5331695331695332, 0.5508599508599509, 0.5783783783783785, 0.5813267813267813, 0.5800982800982801, 0.5619164619164619], "acc": [0.40217391304347827, 0.40217391304347827, 0.5978260869565217, 0.5978260869565217, 0.40217391304347827, 0.5978260869565217, 0.40217391304347827, 0.40217391304347827, 0.5978260869565217, 0.40217391304347827], "aps": [0.37223268817111094, 0.4416826280433258, 0.4263404577569887, 0.4295162470956654, 0.4419918170707118, 0.41497730153630796, 0.43815623730528225, 0.43873017638389716, 0.44395160306770415, 0.4452389920752722], "f1": [0.5736434108527132, 0.5736434108527132, 0.0, 0.0, 0.5736434108527132, 0.0, 0.5736434108527132, 0.5736434108527132, 0.0, 0.5736434108527132], "auprc": [0.36060316998907715, 0.4293963939696456, 0.41406823698106265, 0.416343825211221, 0.43147685419162424, 0.40296082169500735, 0.42255000393637304, 0.4246630614687078, 0.4305059730846507, 0.42746226370362206]}