{"auroc": [0.5076167076167076, 0.4678132678132678, 0.4343980343980344, 0.4933660933660934, 0.5253071253071253, 0.45110565110565115, 0.4157248157248158, 0.5221130221130221, 0.5272727272727272, 0.5223587223587224], "acc": [0.40217391304347827, 0.5978260869565217, 0.5978260869565217, 0.5978260869565217, 0.5978260869565217, 0.5978260869565217, 0.5978260869565217, 0.40217391304347827, 0.40217391304347827, 0.5978260869565217], "aps": [0.4063961353231994, 0.37675333179274806, 0.36863615808138983, 0.4040453887217583, 0.42526025137064183, 0.36590315203870727, 0.3576082228332353, 0.4080218500134058, 0.43089999350369557, 0.41017842667025817], "f1": [0.5736434108527132, 0.0, 0.0, 0.0, 0.0, 0.0, 0.0, 0.5736434108527132, 0.5736434108527132, 0.0], "auprc": [0.39409451264839446, 0.36414450447408864, 0.3545697183724123, 0.38563484897163086, 0.4070246656411336, 0.35408098602352145, 0.3431578214247734, 0.3953475920050275, 0.41814115093267, 0.39726806769002027]}