{"auroc": [0.5636363636363637, 0.5307125307125307, 0.5186732186732187, 0.41842751842751846, 0.43783783783783786, 0.42678132678132685, 0.44078624078624085, 0.40122850122850123, 0.3786240786240786, 0.4648648648648649], "acc": [0.40217391304347827, 0.40217391304347827, 0.40217391304347827, 0.5978260869565217, 0.5978260869565217, 0.40217391304347827, 0.5978260869565217, 0.40217391304347827, 0.5978260869565217, 0.40217391304347827], "aps": [0.4569833471752486, 0.44194918807252503, 0.42498895409515025, 0.3721395536322267, 0.3705199791411813, 0.39023523715439873, 0.3844021640086024, 0.34075370699195373, 0.37779708319850414, 0.37679306594806805], "f1": [0.5736434108527132, 0.5736434108527132, 0.5736434108527132, 0.0, 0.0, 0.5736434108527132, 0.0, 0.5736434108527132, 0.0, 0.5736434108527132], "auprc": [0.4476385999225004, 0.4287804168712251, 0.4049185147963349, 0.3530570861084552, 0.35583732072871843, 0.38129783057917715, 0.3680665821011732, 0.32754308614491967, 0.3693285765651063, 0.3634753829212158]}