{"auroc": [0.5953316953316953, 0.585995085995086, 0.5670761670761671, 0.5400491400491401, 0.5597051597051597, 0.5587223587223588, 0.5464373464373464, 0.5700245700245701, 0.5970515970515972, 0.5422604422604422], "acc": [0.40217391304347827, 0.40217391304347827, 0.40217391304347827, 0.40217391304347827, 0.40217391304347827, 0.40217391304347827, 0.40217391304347827, 0.40217391304347827, 0.40217391304347827, 0.40217391304347827], "aps": [0.44638973543123706, 0.5478968589595625, 0.4262482264682116, 0.4203785038681058, 0.421383737360577, 0.4259574509342748, 0.41155498762098064, 0.43102358087374437, 0.4452434088997911, 0.41491283839288856], "f1": [0.5736434108527132, 0.5736434108527132, 0.5736434108527132, 0.5736434108527132, 0.5736434108527132, 0.5736434108527132, 0.5736434108527132, 0.5736434108527132, 0.5736434108527132, 0.5736434108527132], "auprc": [0.43390222371486403, 0.5410378272857663, 0.4132309585102387, 0.40471387654429775, 0.40856358807889603, 0.4107986889581236, 0.39909627908816825, 0.4175236882072025, 0.4317788934131273, 0.40088459372228713]}