{"auroc": [0.4597051597051598, 0.39434889434889436, 0.43513513513513513, 0.41719901719901725, 0.5179361179361179, 0.4545454545454546, 0.4400491400491401, 0.444963144963145, 0.4683046683046683, 0.4687960687960689], "acc": [0.5978260869565217, 0.5978260869565217, 0.5978260869565217, 0.40217391304347827, 0.5978260869565217, 0.5978260869565217, 0.40217391304347827, 0.40217391304347827, 0.5978260869565217, 0.40217391304347827], "aps": [0.3913976246971175, 0.3648622642682588, 0.4029191187938276, 0.3635424307306262, 0.45566876585027905, 0.3856326512323356, 0.40095756267538546, 0.4042675934138553, 0.39815844734234107, 0.4131602685290671], "f1": [0.0, 0.0, 0.0, 0.5736434108527132, 0.0, 0.0, 0.5736434108527132, 0.5736434108527132, 0.0, 0.5736434108527132], "auprc": [0.3742576955575587, 0.3545279958299292, 0.3943654211725024, 0.3483409422228985, 0.44207215923698173, 0.3682747967895348, 0.3927574020820566, 0.3949676243006732, 0.37909599661980353, 0.40434336350084565]}