{"auroc": [0.46428571428571425, 0.42857142857142855, 0.42857142857142855, 0.49999999999999994, 0.48214285714285715, 0.4464285714285714, 0.4642857142857143, 0.6607142857142858, 0.6071428571428572, 0.5178571428571429], "acc": [0.4666666666666667, 0.6, 0.4666666666666667, 0.4666666666666667, 0.5333333333333333, 0.4666666666666667, 0.4666666666666667, 0.5333333333333333, 0.6, 0.5333333333333333], "aps": [0.5629509379509379, 0.5949023199023199, 0.4557299843014129, 0.6062659562659563, 0.48407465550322687, 0.5561438561438561, 0.4802197802197802, 0.6694400837257979, 0.5237322201607917, 0.473922902494331], "f1": [0.6363636363636364, 0.25, 0.42857142857142855, 0.6363636363636364, 0.0, 0.6363636363636364, 0.5555555555555556, 0.0, 0.6250000000000001, 0.0], "auprc": [0.5298181976753404, 0.5738503559932131, 0.39821646607360894, 0.5736261754118896, 0.42622100122100115, 0.5236346986346986, 0.41162567591139015, 0.6362351933780506, 0.4673649762935477, 0.4235982271696557]}