{"auroc": [0.6428571428571428, 0.5535714285714286, 0.6964285714285714, 0.6785714285714286, 0.6428571428571428, 0.6964285714285714, 0.2857142857142857, 0.33928571428571425, 0.6964285714285714, 0.30357142857142855], "acc": [0.4666666666666667, 0.5333333333333333, 0.4666666666666667, 0.4666666666666667, 0.4666666666666667, 0.4666666666666667, 0.5333333333333333, 0.5333333333333333, 0.4666666666666667, 0.5333333333333333], "aps": [0.6209183673469387, 0.5953823953823953, 0.604421768707483, 0.5916666666666666, 0.5637755102040816, 0.604421768707483, 0.38194186765615334, 0.40493633350776215, 0.604421768707483, 0.38908472479901046], "f1": [0.6363636363636364, 0.0, 0.6363636363636364, 0.6363636363636364, 0.6363636363636364, 0.6363636363636364, 0.0, 0.0, 0.6363636363636364, 0.0], "auprc": [0.5884508348794063, 0.5612966398680684, 0.5358147804576375, 0.5226345083487941, 0.49440321583178726, 0.5358147804576375, 0.33854835640549924, 0.3594693005407291, 0.5358147804576375, 0.3421197849769278]}