{"auroc": [0.6964285714285714, 0.6607142857142857, 0.6071428571428571, 0.6964285714285714, 0.42857142857142855, 0.6428571428571428, 0.6964285714285714, 0.6428571428571428, 0.6964285714285714, 0.6964285714285714], "acc": [0.5333333333333333, 0.5333333333333333, 0.5333333333333333, 0.6666666666666666, 0.5333333333333333, 0.6666666666666666, 0.5333333333333333, 0.5333333333333333, 0.5333333333333333, 0.5333333333333333], "aps": [0.6996598639455782, 0.6821428571428572, 0.618140589569161, 0.7139455782312925, 0.5383219954648526, 0.6430795395081108, 0.6996598639455782, 0.6685374149659864, 0.6996598639455782, 0.7425170068027211], "f1": [0.0, 0.0, 0.0, 0.5454545454545454, 0.0, 0.6666666666666666, 0.0, 0.0, 0.0, 0.0], "auprc": [0.667717599860457, 0.6498015873015872, 0.5841008198151055, 0.683219954648526, 0.5048251351822781, 0.6091814931100645, 0.667717599860457, 0.6358560090702947, 0.667717599860457, 0.7225056689342402]}