{"auroc": [0.5535714285714286, 0.5892857142857143, 0.7142857142857143, 0.4107142857142857, 0.5535714285714286, 0.4464285714285714, 0.6607142857142857, 0.7321428571428572, 0.4821428571428571, 0.48214285714285715], "acc": [0.4666666666666667, 0.4666666666666667, 0.5333333333333333, 0.5333333333333333, 0.4666666666666667, 0.4666666666666667, 0.4666666666666667, 0.4666666666666667, 0.4666666666666667, 0.5333333333333333], "aps": [0.5405372405372405, 0.5314986600700886, 0.7299628942486085, 0.4629509379509379, 0.5380952380952381, 0.5066457352171637, 0.5797979797979798, 0.6210884353741496, 0.4929705215419501, 0.5112855398569685], "f1": [0.6363636363636364, 0.6363636363636364, 0.0, 0.0, 0.6363636363636364, 0.6363636363636364, 0.6363636363636364, 0.6363636363636364, 0.6363636363636364, 0.0], "auprc": [0.47109279609279603, 0.46223459080601936, 0.7087043908472479, 0.3941300762729334, 0.4686091686091686, 0.43759811616954475, 0.5105339105339105, 0.5528061224489795, 0.4235106163677592, 0.44186725972440255]}