{"auroc": [0.08928571428571427, 0.35714285714285715, 0.30357142857142855, 0.2857142857142857, 0.23214285714285712, 0.7678571428571429, 0.42857142857142855, 0.17857142857142855, 0.3214285714285714, 0.6428571428571428], "acc": [0.5333333333333333, 0.5333333333333333, 0.5333333333333333, 0.5333333333333333, 0.5333333333333333, 0.4666666666666667, 0.5333333333333333, 0.5333333333333333, 0.5333333333333333, 0.5333333333333333], "aps": [0.3297337583051869, 0.4350340136054422, 0.42983920841063694, 0.4919271204985491, 0.38283621140764, 0.767687074829932, 0.4690166975881262, 0.36097473954616816, 0.4261595547309833, 0.5980115122972265], "f1": [0.0, 0.0, 0.0, 0.0, 0.0, 0.6363636363636364, 0.0, 0.0, 0.0, 0.0], "auprc": [0.2894559805274091, 0.37776628133770995, 0.3620736406450692, 0.46039753896896757, 0.3285072070786357, 0.7394557823129251, 0.41130060415774705, 0.3098873348873349, 0.3592597878312164, 0.5290923362351934]}