{"auroc": [0.6785714285714286, 0.5357142857142857, 0.25, 0.30357142857142855, 0.4107142857142857, 0.2589285714285714, 0.41071428571428575, 0.30357142857142855, 0.625, 0.3571428571428571], "acc": [0.4666666666666667, 0.4666666666666667, 0.4666666666666667, 0.4666666666666667, 0.5333333333333333, 0.4666666666666667, 0.5333333333333333, 0.4666666666666667, 0.5333333333333333, 0.4666666666666667], "aps": [0.7170591313448456, 0.5746555032269318, 0.37377860235003096, 0.3904761904761905, 0.45102040816326533, 0.3747680890538033, 0.44144427001569864, 0.40235003092145954, 0.6807779522065236, 0.42683982683982685], "f1": [0.6363636363636364, 0.6363636363636364, 0.6363636363636364, 0.6363636363636364, 0.0, 0.6363636363636364, 0.0, 0.6363636363636364, 0.0, 0.6363636363636364], "auprc": [0.6957590029018601, 0.5408837194551481, 0.32949788306931166, 0.34285714285714286, 0.3935723007151579, 0.33007111935683364, 0.3851212279783709, 0.3473550259264545, 0.65857079428508, 0.3705473098330241]}