{"auroc": [0.625, 0.625, 0.625, 0.42857142857142855, 0.37499999999999994, 0.625, 0.625, 0.4375, 0.5625, 0.42857142857142855], "acc": [0.4666666666666667, 0.5333333333333333, 0.5333333333333333, 0.4666666666666667, 0.4666666666666667, 0.5333333333333333, 0.5333333333333333, 0.5333333333333333, 0.4666666666666667, 0.5333333333333333], "aps": [0.5384615384615384, 0.5444555444555444, 0.5444555444555444, 0.44761904761904764, 0.44761904761904764, 0.6043956043956045, 0.5444555444555444, 0.4666666666666667, 0.5, 0.44761904761904764], "f1": [0.6363636363636364, 0.0, 0.0, 0.6363636363636364, 0.6363636363636364, 0.0, 0.0, 0.0, 0.6363636363636364, 0.0], "auprc": [0.7692307692307692, 0.7365134865134866, 0.7365134865134866, 0.3666666666666667, 0.330952380952381, 0.5879120879120878, 0.7365134865134866, 0.23333333333333334, 0.75, 0.3666666666666667]}