{"enet": [{"auroc": [0.39285714285714285, 0.5, 0.5, 0.5, 0.5, 0.5, 0.5, 0.5, 0.5, 0.5], "acc": [0.4, 0.5333333333333333, 0.5333333333333333, 0.5333333333333333, 0.5333333333333333, 0.5333333333333333, 0.5333333333333333, 0.5333333333333333, 0.5333333333333333, 0.5333333333333333], "aps": [0.5127285412999698, 0.4666666666666667, 0.4666666666666667, 0.4666666666666667, 0.4666666666666667, 0.4666666666666667, 0.4666666666666667, 0.4666666666666667, 0.4666666666666667, 0.4666666666666667], "f1": [0.47058823529411764, 0.0, 0.0, 0.0, 0.0, 0.0, 0.0, 0.0, 0.0, 0.0], "auprc": [0.4816193726908012, 0.7333333333333334, 0.7333333333333334, 0.7333333333333334, 0.7333333333333334, 0.7333333333333334, 0.7333333333333334, 0.7333333333333334, 0.7333333333333334, 0.7333333333333334]}]}