{"auroc": [0.5892857142857143, 0.375, 0.48214285714285715, 0.42857142857142855, 0.4642857142857143, 0.39285714285714285, 0.375, 0.5892857142857143, 0.6071428571428571, 0.4285714285714286], "acc": [0.4666666666666667, 0.5333333333333333, 0.5333333333333333, 0.5333333333333333, 0.5333333333333333, 0.5333333333333333, 0.5333333333333333, 0.4666666666666667, 0.4666666666666667, 0.5333333333333333], "aps": [0.5386363636363636, 0.4228105228105228, 0.46569858712715856, 0.44160561660561665, 0.45819418676561535, 0.4201770451770451, 0.4200937950937951, 0.5386363636363636, 0.5464285714285715, 0.4469387755102041], "f1": [0.6363636363636364, 0.0, 0.0, 0.0, 0.0, 0.0, 0.0, 0.6363636363636364, 0.6363636363636364, 0.0], "auprc": [0.4811967794110651, 0.3676823176823176, 0.4149200006342863, 0.3857816786388215, 0.40180335537478395, 0.3714959643531072, 0.3655324833896262, 0.4811967794110651, 0.489061137275423, 0.3905741084312513]}