{"auroc": [0.6428571428571429, 0.5535714285714286, 0.5892857142857142, 0.6071428571428572, 0.5892857142857142, 0.5357142857142857, 0.6071428571428571, 0.5357142857142857, 0.6071428571428571, 0.625], "acc": [0.4666666666666667, 0.5333333333333333, 0.4666666666666667, 0.5333333333333333, 0.5333333333333333, 0.5333333333333333, 0.5333333333333333, 0.5333333333333333, 0.5333333333333333, 0.5333333333333333], "aps": [0.5646781789638933, 0.5335299621013906, 0.5305254269539983, 0.5304421768707483, 0.524031920460492, 0.5059833024118738, 0.6603697889412175, 0.4964594928880643, 0.544130869130869, 0.6317769532055246], "f1": [0.6363636363636364, 0.0, 0.6363636363636364, 0.0, 0.0, 0.0, 0.0, 0.0, 0.0, 0.0], "auprc": [0.507735914878772, 0.46404389261532114, 0.47274570667427807, 0.4727762317048032, 0.4663243502529216, 0.44822974644403213, 0.6385749171463457, 0.4398702487988202, 0.48669128490557056, 0.5977066584209441]}