{"auroc": [0.5714285714285714, 0.5535714285714285, 0.6071428571428571, 0.625, 0.3571428571428571, 0.5357142857142857, 0.5892857142857142, 0.30357142857142855, 0.625, 0.5357142857142857], "acc": [0.4666666666666667, 0.5333333333333333, 0.4666666666666667, 0.4666666666666667, 0.5333333333333333, 0.5333333333333333, 0.4666666666666667, 0.5333333333333333, 0.5333333333333333, 0.4666666666666667], "aps": [0.6356619570905285, 0.6174079888365602, 0.6398268398268399, 0.6930014430014431, 0.4982683982683983, 0.5894248608534323, 0.681013431013431, 0.4016483516483517, 0.5746340960626675, 0.5137755102040816], "f1": [0.6363636363636364, 0.0, 0.6363636363636364, 0.6363636363636364, 0.0, 0.0, 0.6363636363636364, 0.0, 0.0, 0.6363636363636364], "auprc": [0.6027821384964241, 0.5833638583638583, 0.6060550560550559, 0.6719847612704755, 0.4681663574520717, 0.5553850910993767, 0.6600383743240885, 0.3466961609818753, 0.5048495155638013, 0.4452815042100756]}