{"auroc": [0.3571428571428571, 0.23214285714285712, 0.14285714285714285, 0.14285714285714285, 0.39285714285714285, 0.39285714285714285, 0.21428571428571427, 0.4464285714285714, 0.23214285714285712, 0.4642857142857143], "acc": [0.4666666666666667, 0.4666666666666667, 0.26666666666666666, 0.5333333333333333, 0.4666666666666667, 0.4666666666666667, 0.5333333333333333, 0.4, 0.5333333333333333, 0.4], "aps": [0.48283621140764, 0.3966890252604538, 0.3459469102326245, 0.3527496313210599, 0.539979068550497, 0.4590266875981162, 0.3923600209314495, 0.4874149659863945, 0.394465058750773, 0.4928262213976499], "f1": [0.6363636363636364, 0.6363636363636364, 0.4210526315789474, 0.0, 0.6363636363636364, 0.6363636363636364, 0.0, 0.0, 0.0, 0.0], "auprc": [0.41422149279292136, 0.33182611039753895, 0.30053874696731836, 0.3022394272394272, 0.5066457352171638, 0.40154369440083726, 0.32771355628498483, 0.43014723371866226, 0.3304976769262483, 0.4354502640216926]}