{"auroc": [0.5892857142857143, 0.6607142857142857, 0.5892857142857143, 0.6071428571428571, 0.6785714285714286, 0.7142857142857142, 0.5714285714285714, 0.6785714285714285, 0.7321428571428572, 0.5892857142857143], "acc": [0.5333333333333333, 0.5333333333333333, 0.5333333333333333, 0.5333333333333333, 0.5333333333333333, 0.5333333333333333, 0.5333333333333333, 0.4666666666666667, 0.5333333333333333, 0.6], "aps": [0.5742673992673992, 0.6267316017316017, 0.5742673992673992, 0.5814935064935065, 0.6036075036075035, 0.803174603174603, 0.5643467643467643, 0.6234693877551021, 0.6262832405689549, 0.5742673992673992], "f1": [0.0, 0.0, 0.0, 0.0, 0.0, 0.0, 0.0, 0.6363636363636364, 0.0, 0.5], "auprc": [0.5049646781789638, 0.5597682079824936, 0.5049646781789638, 0.5121753246753247, 0.5343434343434343, 0.7933106575963718, 0.4949023199023198, 0.5552721088435374, 0.5689239332096474, 0.5049646781789638]}