{"auroc": [0.3392857142857143, 0.6071428571428571, 0.6071428571428571, 0.5714285714285714, 0.4464285714285714, 0.46428571428571425, 0.42857142857142855, 0.375, 0.4821428571428571, 0.3214285714285714], "acc": [0.4666666666666667, 0.4666666666666667, 0.5333333333333333, 0.5333333333333333, 0.4666666666666667, 0.5333333333333333, 0.5333333333333333, 0.4666666666666667, 0.4666666666666667, 0.5333333333333333], "aps": [0.4243447029161315, 0.6353741496598639, 0.557936507936508, 0.6309523809523809, 0.5561438561438561, 0.5382783882783883, 0.46944444444444444, 0.5166916416916416, 0.508843537414966, 0.42188644688644694], "f1": [0.6363636363636364, 0.6363636363636364, 0.0, 0.0, 0.6363636363636364, 0.0, 0.0, 0.6363636363636364, 0.6363636363636364, 0.0], "auprc": [0.36756814613957467, 0.602195423623995, 0.4882240775097918, 0.5980309373166516, 0.5236346986346986, 0.47008110936682357, 0.40055143269428983, 0.4841236144807573, 0.43938363224077503, 0.35579480043765754]}