{"auroc": [0.4464285714285714, 0.6785714285714286, 0.4464285714285714, 0.6071428571428571, 0.7857142857142857, 0.7142857142857142, 0.46428571428571425, 0.4464285714285714, 0.6428571428571428, 0.7321428571428571], "acc": [0.4666666666666667, 0.5333333333333333, 0.5333333333333333, 0.5333333333333333, 0.5333333333333333, 0.5333333333333333, 0.5333333333333333, 0.4666666666666667, 0.5333333333333333, 0.5333333333333333], "aps": [0.4619923727066584, 0.604421768707483, 0.5382867132867133, 0.6564935064935065, 0.715532879818594, 0.6706709956709958, 0.5778388278388278, 0.573076923076923, 0.6466295609152752, 0.6877551020408164], "f1": [0.6363636363636364, 0.0, 0.0, 0.0, 0.0, 0.0, 0.0, 0.6363636363636364, 0.0, 0.0], "auprc": [0.3965161822304679, 0.5361983254840397, 0.5053523857095286, 0.6239383632240775, 0.6837868480725624, 0.6374613481756339, 0.5442890442890442, 0.5395533038390181, 0.6134246705675277, 0.6552875695732838]}