{"auroc": [0.49999999999999994, 0.4642857142857143, 0.5535714285714286, 0.7142857142857143, 0.5178571428571428, 0.5535714285714286, 0.5892857142857143, 0.4642857142857143, 0.6339285714285714, 0.2857142857142857], "acc": [0.4666666666666667, 0.5333333333333333, 0.5333333333333333, 0.4666666666666667, 0.5333333333333333, 0.4666666666666667, 0.5333333333333333, 0.5333333333333333, 0.5333333333333333, 0.5333333333333333], "aps": [0.6573260073260072, 0.566841095412524, 0.6960927960927961, 0.7209183673469388, 0.684889713461142, 0.6943611943611943, 0.5379208093493807, 0.5064102564102564, 0.6764128728414442, 0.38832199546485263], "f1": [0.6363636363636364, 0.0, 0.0, 0.6363636363636364, 0.0, 0.6363636363636364, 0.0, 0.0, 0.0, 0.0], "auprc": [0.6367477760334903, 0.5332788243502529, 0.6812380080237224, 0.699165120593692, 0.6701724862439147, 0.679552392052392, 0.46816675388103957, 0.43680605109176535, 0.657594191522763, 0.3431007484578913]}