{"auroc": [0.4464285714285714, 0.5892857142857142, 0.5892857142857142, 0.6071428571428571, 0.5357142857142857, 0.5, 0.5535714285714286, 0.5178571428571428, 0.5714285714285714, 0.6428571428571429], "acc": [0.4666666666666667, 0.4666666666666667, 0.5333333333333333, 0.5333333333333333, 0.5333333333333333, 0.5333333333333333, 0.5333333333333333, 0.5333333333333333, 0.5333333333333333, 0.5333333333333333], "aps": [0.605977355977356, 0.5478414442700157, 0.5576839826839827, 0.5518707482993197, 0.5894248608534323, 0.5618524332810046, 0.7023286237571951, 0.6540816326530612, 0.6095238095238096, 0.6375850340136053], "f1": [0.6363636363636364, 0.6363636363636364, 0.0, 0.0, 0.0, 0.0, 0.0, 0.0, 0.0, 0.0], "auprc": [0.5845487845487845, 0.47815696208553354, 0.4883658008658009, 0.4824568288854003, 0.5553850910993767, 0.5289726146869004, 0.6875124875124874, 0.6325281860996146, 0.5757520257520258, 0.6038854003139718]}