{"enet": [{"auroc": [0.4107142857142857, 0.5, 0.5, 0.5, 0.5, 0.5, 0.5, 0.5, 0.5, 0.5], "acc": [0.4666666666666667, 0.5333333333333333, 0.5333333333333333, 0.5333333333333333, 0.5333333333333333, 0.5333333333333333, 0.5333333333333333, 0.5333333333333333, 0.5333333333333333, 0.5333333333333333], "aps": [0.4500876108018965, 0.4666666666666667, 0.4666666666666667, 0.4666666666666667, 0.4666666666666667, 0.4666666666666667, 0.4666666666666667, 0.4666666666666667, 0.4666666666666667, 0.4666666666666667], "f1": [0.0, 0.0, 0.0, 0.0, 0.0, 0.0, 0.0, 0.0, 0.0, 0.0], "auprc": [0.384569795284081, 0.7333333333333334, 0.7333333333333334, 0.7333333333333334, 0.7333333333333334, 0.7333333333333334, 0.7333333333333334, 0.7333333333333334, 0.7333333333333334, 0.7333333333333334]}]}