{"auroc": [0.6071428571428571, 0.6607142857142857, 0.4107142857142857, 0.4107142857142857, 0.6964285714285714, 0.6785714285714285, 0.5178571428571428, 0.39285714285714285, 0.7142857142857142, 0.5892857142857142], "acc": [0.4666666666666667, 0.4666666666666667, 0.4666666666666667, 0.5333333333333333, 0.5333333333333333, 0.5333333333333333, 0.4666666666666667, 0.5333333333333333, 0.4666666666666667, 0.4666666666666667], "aps": [0.5893166357452071, 0.6246031746031746, 0.49693877551020404, 0.5345487845487846, 0.7436507936507937, 0.7090136054421767, 0.5475357975357976, 0.45017442874585734, 0.7359366823652538, 0.576221397649969], "f1": [0.6363636363636364, 0.6363636363636364, 0.6363636363636364, 0.0, 0.0, 0.0, 0.6363636363636364, 0.0, 0.6363636363636364, 0.6363636363636364], "auprc": [0.5208487940630797, 0.5575702075702075, 0.4277662813377099, 0.5012154512154512, 0.7242368742368741, 0.687218733647305, 0.47901384329955754, 0.38224255902827325, 0.715332286760858, 0.507585668299954]}