{"auroc": [0.625, 0.6071428571428572, 0.5892857142857143, 0.5892857142857143, 0.4375, 0.5178571428571428, 0.6071428571428571, 0.6071428571428571, 0.5535714285714286, 0.49999999999999994], "acc": [0.4666666666666667, 0.4666666666666667, 0.4666666666666667, 0.4666666666666667, 0.5333333333333333, 0.5333333333333333, 0.4666666666666667, 0.4666666666666667, 0.5333333333333333, 0.5333333333333333], "aps": [0.5953213453213453, 0.5956959706959707, 0.5742673992673992, 0.6754578754578755, 0.5270142555856843, 0.6372183372183372, 0.5763347763347764, 0.5763347763347764, 0.646031746031746, 0.5808080808080809], "f1": [0.6363636363636364, 0.6363636363636364, 0.6363636363636364, 0.6363636363636364, 0.0, 0.0, 0.6363636363636364, 0.6363636363636364, 0.0, 0.0], "auprc": [0.527025752025752, 0.5275837257980115, 0.5049646781789638, 0.6536324786324785, 0.5006408274265417, 0.6152666777666778, 0.5068487068487068, 0.5068487068487068, 0.623850752422181, 0.5469100344100344]}