{"auroc": [0.37499999999999994, 0.4821428571428571, 0.5535714285714286, 0.375, 0.37499999999999994, 0.5625, 0.5714285714285714, 0.42857142857142855, 0.4375, 0.625], "acc": [0.5333333333333333, 0.5333333333333333, 0.5333333333333333, 0.5333333333333333, 0.5333333333333333, 0.5333333333333333, 0.5333333333333333, 0.5333333333333333, 0.5333333333333333, 0.5333333333333333], "aps": [0.44761904761904764, 0.4627705627705628, 0.5, 0.4622710622710623, 0.44761904761904764, 0.5054945054945055, 0.5054945054945055, 0.44761904761904764, 0.43373015873015874, 0.5444555444555444], "f1": [0.0, 0.0, 0.0, 0.0, 0.0, 0.0, 0.0, 0.0, 0.0, 0.0], "auprc": [0.330952380952381, 0.6516079158936302, 0.4642857142857143, 0.2617477760334903, 0.330952380952381, 0.6780719280719281, 0.7170329670329669, 0.3666666666666667, 0.5527623170480314, 0.7365134865134866]}