{"auroc": [0.5535714285714286, 0.42857142857142855, 0.6428571428571428, 0.6607142857142857, 0.5178571428571428, 0.5535714285714286, 0.6785714285714286, 0.5357142857142857, 0.4821428571428571, 0.5357142857142857], "acc": [0.4666666666666667, 0.5333333333333333, 0.5333333333333333, 0.5333333333333333, 0.5333333333333333, 0.5333333333333333, 0.5333333333333333, 0.5333333333333333, 0.5333333333333333, 0.5333333333333333], "aps": [0.5266483516483516, 0.5526945276945276, 0.696969696969697, 0.6596681096681096, 0.611027861027861, 0.5463762428048142, 0.7515262515262515, 0.5905285190999476, 0.5694444444444444, 0.5984126984126985], "f1": [0.6363636363636364, 0.0, 0.0, 0.0, 0.0, 0.0, 0.0, 0.0, 0.0, 0.0], "auprc": [0.46925039246467815, 0.5196295767724339, 0.6759946402803545, 0.6259379509379509, 0.5783619158619158, 0.47673338566195705, 0.7368020868020868, 0.5567567353281638, 0.5362395540966969, 0.5643269428983715]}