{"auroc": [0.5178571428571428, 0.44642857142857145, 0.4464285714285714, 0.46428571428571425, 0.4821428571428571, 0.5357142857142857, 0.4821428571428571, 0.4821428571428571, 0.5, 0.42857142857142855], "acc": [0.4666666666666667, 0.4666666666666667, 0.4666666666666667, 0.5333333333333333, 0.4666666666666667, 0.5333333333333333, 0.5333333333333333, 0.5333333333333333, 0.5333333333333333, 0.5333333333333333], "aps": [0.568986568986569, 0.47545787545787543, 0.5485260770975056, 0.48974358974358967, 0.491156462585034, 0.5435374149659864, 0.48942486085343223, 0.491156462585034, 0.5556998556998558, 0.4427651713365999], "f1": [0.6363636363636364, 0.6363636363636364, 0.3333333333333333, 0.0, 0.6363636363636364, 0.0, 0.0, 0.0, 0.0, 0.0], "auprc": [0.5350163725163726, 0.40688993546136404, 0.5146890807605093, 0.41998517355660214, 0.4225468975468975, 0.4737373737373737, 0.43160173160173154, 0.4225468975468975, 0.5229201354201354, 0.3865882133739277]}