{"auroc": [0.4107142857142857, 0.39285714285714285, 0.1607142857142857, 0.2857142857142857, 0.48214285714285715, 0.25, 0.5535714285714286, 0.4642857142857143, 0.39285714285714285, 0.6607142857142857], "acc": [0.4666666666666667, 0.4666666666666667, 0.4666666666666667, 0.5333333333333333, 0.5333333333333333, 0.4666666666666667, 0.4666666666666667, 0.5333333333333333, 0.4666666666666667, 0.4666666666666667], "aps": [0.5971219256933542, 0.4533490319204606, 0.34668902526045386, 0.4086984444127302, 0.6199546485260771, 0.38453689167974886, 0.5126682840968555, 0.4809523809523809, 0.4651927437641723, 0.6872405372405372], "f1": [0.6363636363636364, 0.6363636363636364, 0.6363636363636364, 0.0, 0.0, 0.6363636363636364, 0.6363636363636364, 0.0, 0.6363636363636364, 0.6363636363636364], "auprc": [0.5756933542647829, 0.385301603158746, 0.3047286047286047, 0.3442426620998049, 0.5980224140938426, 0.335309928167071, 0.4547468404611261, 0.41234281591424443, 0.39582183689326544, 0.6558497058497057]}