{"auroc": [0.6785714285714285, 0.375, 0.6785714285714286, 0.37499999999999994, 0.3392857142857143, 0.42857142857142855, 0.625, 0.6785714285714285, 0.6607142857142857, 0.5892857142857142], "acc": [0.6666666666666666, 0.5333333333333333, 0.4666666666666667, 0.5333333333333333, 0.5333333333333333, 0.4666666666666667, 0.6666666666666666, 0.4666666666666667, 0.4666666666666667, 0.4666666666666667], "aps": [0.6916666666666667, 0.5166916416916416, 0.7014739229024942, 0.44308390022675737, 0.49331501831501834, 0.5221302507016792, 0.6029220779220779, 0.7874458874458874, 0.7833943833943833, 0.5828231292517007], "f1": [0.6666666666666666, 0.0, 0.6363636363636364, 0.0, 0.0, 0.6363636363636364, 0.5454545454545454, 0.6363636363636364, 0.6363636363636364, 0.6363636363636364], "auprc": [0.6595238095238094, 0.4841236144807573, 0.6793805400948258, 0.37625370661084945, 0.4629376575805147, 0.4911517054374197, 0.5347943722943723, 0.7775097917955061, 0.773499912785627, 0.5143552875695733]}