{"enet": [{"auroc": [0.5535714285714286, 0.6607142857142857, 0.5892857142857143, 0.6607142857142857, 0.6607142857142857, 0.6428571428571429, 0.5892857142857143, 0.6607142857142857, 0.5714285714285714, 0.6428571428571429], "acc": [0.5333333333333333, 0.6, 0.5333333333333333, 0.6, 0.6, 0.5333333333333333, 0.6666666666666666, 0.6, 0.6666666666666666, 0.5333333333333333], "aps": [0.6142333856619571, 0.5784536891679748, 0.5666666666666667, 0.5784536891679748, 0.5784536891679748, 0.6639455782312924, 0.5035147392290249, 0.5784536891679748, 0.5504578754578754, 0.6639455782312924], "f1": [0.5333333333333333, 0.6250000000000001, 0.588235294117647, 0.6250000000000001, 0.6250000000000001, 0.588235294117647, 0.7058823529411764, 0.6250000000000001, 0.6666666666666666, 0.588235294117647], "auprc": [0.5801630908773765, 0.6911542822257107, 0.6376567876567877, 0.6911542822257107, 0.6911542822257107, 0.630740687883545, 0.6110131931560503, 0.6911542822257107, 0.48115515436944006, 0.630740687883545]}]}