{"auroc": [0.5535714285714286, 0.7678571428571428, 0.5178571428571429, 0.5535714285714286, 0.6071428571428571, 0.625, 0.48214285714285715, 0.5714285714285714, 0.4107142857142857, 0.625], "acc": [0.4666666666666667, 0.7333333333333333, 0.5333333333333333, 0.4666666666666667, 0.5333333333333333, 0.4666666666666667, 0.4666666666666667, 0.4666666666666667, 0.4666666666666667, 0.4666666666666667], "aps": [0.5720779220779221, 0.7571428571428571, 0.529251700680272, 0.611965811965812, 0.6958874458874458, 0.7023809523809523, 0.492063492063492, 0.6268398268398268, 0.49693877551020404, 0.6984436198721913], "f1": [0.6363636363636364, 0.75, 0.588235294117647, 0.6, 0.631578947368421, 0.6363636363636364, 0.6363636363636364, 0.5, 0.6363636363636364, 0.6363636363636364], "auprc": [0.5038806431663574, 0.7280350601779173, 0.4594516594516594, 0.5778955171812314, 0.6752830502830502, 0.6817044067044067, 0.4223790098790099, 0.5931401931401932, 0.4277662813377099, 0.6774531024531023]}