{"enet": [{"auroc": [0.6071428571428571, 0.5, 0.5, 0.5, 0.5, 0.5, 0.5, 0.5178571428571428, 0.5, 0.5], "acc": [0.5333333333333333, 0.5333333333333333, 0.5333333333333333, 0.5333333333333333, 0.5333333333333333, 0.5333333333333333, 0.5333333333333333, 0.4666666666666667, 0.5333333333333333, 0.5333333333333333], "aps": [0.6114778079063794, 0.4666666666666667, 0.4666666666666667, 0.4666666666666667, 0.4666666666666667, 0.4666666666666667, 0.4666666666666667, 0.5792207792207793, 0.4666666666666667, 0.4666666666666667], "f1": [0.631578947368421, 0.0, 0.0, 0.0, 0.0, 0.0, 0.0, 0.42857142857142855, 0.0, 0.0], "auprc": [0.5775076114361828, 0.7333333333333334, 0.7333333333333334, 0.7333333333333334, 0.7333333333333334, 0.7333333333333334, 0.7333333333333334, 0.5451810094667238, 0.7333333333333334, 0.7333333333333334]}]}