{"auroc": [0.46428571428571425, 0.5, 0.5535714285714286, 0.5, 0.5357142857142857, 0.33928571428571425, 0.4642857142857143, 0.48214285714285715, 0.5892857142857143, 0.75], "acc": [0.4666666666666667, 0.4666666666666667, 0.6666666666666666, 0.5333333333333333, 0.4666666666666667, 0.4, 0.4666666666666667, 0.6, 0.4666666666666667, 0.4666666666666667], "aps": [0.5382783882783883, 0.5445578231292517, 0.6124149659863944, 0.5882086167800453, 0.580921459492888, 0.44098639455782307, 0.5166357452071738, 0.4936507936507936, 0.6052721088435373, 0.6667594310451453], "f1": [0.6363636363636364, 0.5555555555555556, 0.6153846153846153, 0.588235294117647, 0.5555555555555556, 0.39999999999999997, 0.5555555555555556, 0.6250000000000001, 0.6363636363636364, 0.6363636363636364], "auprc": [0.47008110936682357, 0.47605529391243673, 0.57891810570382, 0.55422989708704, 0.5140216925931211, 0.3725792065077779, 0.4470148898720327, 0.43586255014826447, 0.5384419152276295, 0.6004432075860647]}