{"auroc": [0.4464285714285714, 0.5535714285714285, 0.6964285714285714, 0.5357142857142857, 0.6428571428571428, 0.39285714285714285, 0.6428571428571428, 0.3571428571428571, 0.42857142857142855, 0.4107142857142857], "acc": [0.4666666666666667, 0.6666666666666666, 0.6666666666666666, 0.6666666666666666, 0.6, 0.5333333333333333, 0.4666666666666667, 0.5333333333333333, 0.5333333333333333, 0.5333333333333333], "aps": [0.6114076399790686, 0.5375850340136054, 0.7036546786546787, 0.5416143380429095, 0.703205524634096, 0.4510204081632653, 0.5882395382395382, 0.5302721088435374, 0.6012035583464155, 0.4923600209314495], "f1": [0.6363636363636364, 0.6666666666666666, 0.6666666666666666, 0.6666666666666666, 0.5714285714285714, 0.0, 0.6363636363636364, 0.0, 0.0, 0.0], "auprc": [0.5896389324960754, 0.46792671614100184, 0.6724055706198562, 0.4719976452119309, 0.6821888429031284, 0.3840484911913483, 0.5187950937950938, 0.4980043765758051, 0.5797749869178441, 0.42297226582940867]}