{"auroc": [0.5535714285714285, 0.5, 0.8214285714285714, 0.46428571428571425, 0.6428571428571428, 0.5357142857142857, 0.3928571428571428, 0.5892857142857143, 0.5, 0.5714285714285714], "acc": [0.5333333333333333, 0.5333333333333333, 0.4666666666666667, 0.5333333333333333, 0.5333333333333333, 0.5333333333333333, 0.5333333333333333, 0.5333333333333333, 0.5333333333333333, 0.4666666666666667], "aps": [0.7112244897959183, 0.5913308913308913, 0.7205009276437847, 0.5780743066457352, 0.7370748299319727, 0.6976190476190476, 0.601883830455259, 0.758843537414966, 0.6828362114076401, 0.6049585335299621], "f1": [0.0, 0.0, 0.6363636363636364, 0.0, 0.0, 0.0, 0.0, 0.0, 0.0, 0.6363636363636364], "auprc": [0.6968139003853289, 0.5574284842141985, 0.6566790352504638, 0.5447409733124019, 0.7182888540031396, 0.6828683221540364, 0.580888159459588, 0.7491948527662813, 0.6682103610675039, 0.5711867497581783]}