{"enet": [{"auroc": [0.6071428571428571, 0.5, 0.5, 0.5, 0.5, 0.5, 0.5, 0.5, 0.2767857142857143, 0.5], "acc": [0.6666666666666666, 0.5333333333333333, 0.5333333333333333, 0.5333333333333333, 0.5333333333333333, 0.5333333333333333, 0.5333333333333333, 0.5333333333333333, 0.26666666666666666, 0.5333333333333333], "aps": [0.6965986394557824, 0.4666666666666667, 0.4666666666666667, 0.4666666666666667, 0.4666666666666667, 0.4666666666666667, 0.4666666666666667, 0.4666666666666667, 0.36793444650587503, 0.4666666666666667], "f1": [0.6666666666666666, 0.0, 0.0, 0.0, 0.0, 0.0, 0.0, 0.0, 0.3529411764705882, 0.0], "auprc": [0.6754317111459969, 0.7333333333333334, 0.7333333333333334, 0.7333333333333334, 0.7333333333333334, 0.7333333333333334, 0.7333333333333334, 0.7333333333333334, 0.5037403073117359, 0.7333333333333334]}]}