{"auroc": [0.4821428571428571, 0.4464285714285714, 0.5892857142857142, 0.5178571428571428, 0.46428571428571425, 0.5357142857142856, 0.46428571428571425, 0.42857142857142855, 0.3571428571428571, 0.42857142857142855], "acc": [0.4666666666666667, 0.4, 0.5333333333333333, 0.4666666666666667, 0.4666666666666667, 0.4, 0.4666666666666667, 0.5333333333333333, 0.4666666666666667, 0.5333333333333333], "aps": [0.5380643166357453, 0.48325008325008323, 0.6328231292517006, 0.6142024642024642, 0.5642547928262214, 0.6196969696969697, 0.5794261294261294, 0.46757369614512473, 0.4384611420325706, 0.4548752834467121], "f1": [0.6363636363636364, 0.47058823529411764, 0.4615384615384615, 0.42857142857142855, 0.5, 0.47058823529411764, 0.6363636363636364, 0.588235294117647, 0.3333333333333333, 0.588235294117647], "auprc": [0.46963393749108034, 0.4135638171352457, 0.5988790970933828, 0.5814209599923885, 0.530348223205366, 0.5868738404452689, 0.5457040974898117, 0.4099271759986046, 0.37093779236636376, 0.398277516134659]}