{"auroc": [0.4642857142857143, 0.5714285714285714, 0.17857142857142855, 0.30357142857142855, 0.4285714285714286, 0.7857142857142857, 0.6071428571428571, 0.43749999999999994, 0.42857142857142855, 0.375], "acc": [0.4666666666666667, 0.4666666666666667, 0.5333333333333333, 0.4666666666666667, 0.4666666666666667, 0.6666666666666666, 0.5333333333333333, 0.4666666666666667, 0.3333333333333333, 0.5333333333333333], "aps": [0.6159863945578231, 0.673922902494331, 0.351555587269873, 0.41663574520717384, 0.5499690785405071, 0.8523809523809522, 0.6746031746031746, 0.5583583083583084, 0.5549363335077622, 0.47196375053517914], "f1": [0.6363636363636364, 0.6363636363636364, 0.0, 0.6363636363636364, 0.6363636363636364, 0.4444444444444445, 0.4615384615384615, 0.6363636363636364, 0.4444444444444444, 0.0], "auprc": [0.5940928119499548, 0.6521890807605093, 0.31133231847517556, 0.35092645449788307, 0.5164026449740735, 0.8443027210884353, 0.6524943310657596, 0.5321678321678321, 0.5215544376258661, 0.40328243185386037]}