{"auroc": [0.7499999999999999, 0.8035714285714285, 0.7142857142857142, 0.5714285714285714, 0.7142857142857142, 0.42857142857142855, 0.6964285714285714, 0.4464285714285714, 0.6964285714285714, 0.7678571428571429], "acc": [0.4666666666666667, 0.5333333333333333, 0.5333333333333333, 0.5333333333333333, 0.5333333333333333, 0.4666666666666667, 0.5333333333333333, 0.4666666666666667, 0.5333333333333333, 0.4666666666666667], "aps": [0.7996598639455781, 0.7496598639455783, 0.7091836734693877, 0.5936507936507935, 0.6495421245421245, 0.5327922077922078, 0.5992424242424242, 0.4665746951461237, 0.6923992673992674, 0.7163265306122448], "f1": [0.6363636363636364, 0.0, 0.0, 0.0, 0.0, 0.6363636363636364, 0.0, 0.6363636363636364, 0.0, 0.6363636363636364], "auprc": [0.7862244897959183, 0.7187074829931972, 0.6774398220826792, 0.5596110238967382, 0.5828492935635792, 0.49985788021502303, 0.5303184910327767, 0.39849297527868954, 0.6600318332461188, 0.6837585034013605]}