{"auroc": [0.4642857142857143, 0.33928571428571425, 0.3214285714285714, 0.3392857142857143, 0.3214285714285714, 0.23214285714285712, 0.5357142857142857, 0.5, 0.5178571428571428, 0.3214285714285714], "acc": [0.4666666666666667, 0.4666666666666667, 0.4666666666666667, 0.4666666666666667, 0.5333333333333333, 0.5333333333333333, 0.4666666666666667, 0.5333333333333333, 0.4666666666666667, 0.26666666666666666], "aps": [0.6223356009070294, 0.4583583083583084, 0.4536487322201608, 0.41207919065061926, 0.4872139764996908, 0.39412492269635124, 0.6666143380429095, 0.5904761904761904, 0.6278911564625851, 0.43454878454878454], "f1": [0.6363636363636364, 0.6363636363636364, 0.6363636363636364, 0.6363636363636364, 0.0, 0.0, 0.6363636363636364, 0.0, 0.6363636363636364, 0.3529411764705882], "auprc": [0.6005837416551703, 0.390527329813044, 0.385883164454593, 0.3572687233401518, 0.45781420959992386, 0.3306110556110556, 0.6458458208458207, 0.556497470783185, 0.6060502989074417, 0.3667178060035202]}