{"auroc": [0.5178571428571428, 0.42857142857142855, 0.4107142857142857, 0.46428571428571425, 0.5, 0.33928571428571425, 0.4821428571428571, 0.4464285714285714, 0.2857142857142857, 0.33928571428571425], "acc": [0.4666666666666667, 0.4, 0.4666666666666667, 0.5333333333333333, 0.4666666666666667, 0.5333333333333333, 0.5333333333333333, 0.4666666666666667, 0.4666666666666667, 0.4666666666666667], "aps": [0.6540816326530612, 0.5183673469387755, 0.5540816326530612, 0.573076923076923, 0.5945578231292517, 0.462675419818277, 0.5873626373626374, 0.47916845059702207, 0.41550116550116556, 0.43936301793444654], "f1": [0.6363636363636364, 0.5714285714285714, 0.6363636363636364, 0.36363636363636365, 0.6363636363636364, 0.0, 0.0, 0.5555555555555556, 0.3333333333333333, 0.6363636363636364], "auprc": [0.6325281860996146, 0.4503853289567575, 0.5206234241948527, 0.5392131677845964, 0.5605791034362463, 0.39418438704152986, 0.5534988820703106, 0.4106726606726606, 0.34925748854320277, 0.37159745016887874]}