{"auroc": [0.5178571428571428, 0.5357142857142857, 0.625, 0.5535714285714286, 0.5178571428571428, 0.6071428571428571, 0.5, 0.5357142857142857, 0.4464285714285714, 0.7142857142857143], "acc": [0.4666666666666667, 0.4666666666666667, 0.6, 0.5333333333333333, 0.5333333333333333, 0.5333333333333333, 0.4666666666666667, 0.6, 0.6, 0.6666666666666666], "aps": [0.5523286237571952, 0.5222222222222221, 0.6011904761904762, 0.5202690166975881, 0.5934541648827363, 0.5705215419501133, 0.4700989486703772, 0.5269317983603697, 0.5897959183673469, 0.7187074829931972], "f1": [0.6363636363636364, 0.5555555555555556, 0.6250000000000001, 0.588235294117647, 0.0, 0.5333333333333333, 0.6363636363636364, 0.6250000000000001, 0.25, 0.7058823529411764], "auprc": [0.48391489462918025, 0.45239601668173096, 0.5330366062508919, 0.4517750107035821, 0.5594560201703058, 0.5007674864817722, 0.4137497423211709, 0.45714721786150353, 0.5575281860996146, 0.6879556950985521]}