{"auroc": [0.4821428571428571, 0.3571428571428571, 0.46428571428571425, 0.39285714285714285, 0.5535714285714286, 0.10714285714285714, 0.4821428571428571, 0.2857142857142857, 0.6607142857142857, 0.5892857142857143], "acc": [0.4666666666666667, 0.4666666666666667, 0.6, 0.4666666666666667, 0.4, 0.4666666666666667, 0.4666666666666667, 0.5333333333333333, 0.4, 0.4666666666666667], "aps": [0.5373626373626375, 0.4142547928262214, 0.5784881784881785, 0.4749167499167499, 0.6665834165834166, 0.3331969617683903, 0.5189033189033189, 0.4107392607392608, 0.7595848595848596, 0.7087912087912087], "f1": [0.6363636363636364, 0.6, 0.5, 0.6363636363636364, 0.47058823529411764, 0.6363636363636364, 0.6363636363636364, 0.0, 0.5263157894736842, 0.5], "auprc": [0.46897507254650106, 0.36425479282622136, 0.5448563341420484, 0.4063359259787831, 0.6456805099662242, 0.29472293579436437, 0.4493171511028653, 0.3456598956598956, 0.7460927960927961, 0.6937685330542473]}