{"auroc": [0.5178571428571428, 0.5535714285714286, 0.6249999999999999, 0.5714285714285714, 0.5714285714285714, 0.4285714285714286, 0.5357142857142856, 0.5892857142857143, 0.6428571428571429, 0.5], "acc": [0.5333333333333333, 0.5333333333333333, 0.5333333333333333, 0.5333333333333333, 0.5333333333333333, 0.5333333333333333, 0.5333333333333333, 0.5333333333333333, 0.4666666666666667, 0.5333333333333333], "aps": [0.6832500832500832, 0.6960927960927961, 0.5942486085343228, 0.5277167277167276, 0.6702380952380951, 0.5978458049886621, 0.5874458874458874, 0.7213453213453214, 0.6274986917844061, 0.6785405071119357], "f1": [0.0, 0.0, 0.0, 0.0, 0.0, 0.0, 0.0, 0.0, 0.6363636363636364, 0.0], "auprc": [0.6686658579515721, 0.6812380080237224, 0.5253555967841682, 0.4701354201354201, 0.6483058608058607, 0.5764340817912246, 0.5533601319315605, 0.7067610960468103, 0.5610020931449503, 0.664021692593121]}