{"auroc": [0.5357142857142857, 0.5892857142857143, 0.6964285714285714, 0.1607142857142857, 0.44642857142857145, 0.44642857142857145, 0.6785714285714286, 0.6964285714285714, 0.5357142857142857, 0.7142857142857142], "acc": [0.5333333333333333, 0.5333333333333333, 0.5333333333333333, 0.4, 0.5333333333333333, 0.5333333333333333, 0.5333333333333333, 0.5333333333333333, 0.5333333333333333, 0.5333333333333333], "aps": [0.6913832199546486, 0.7119658119658119, 0.8060701203558345, 0.3482993197278912, 0.48180708180708176, 0.5430315716030003, 0.7933150183150182, 0.8060701203558345, 0.6405372405372405, 0.823076923076923], "f1": [0.0, 0.0, 0.0, 0.5263157894736842, 0.0, 0.0, 0.0, 0.0, 0.0, 0.0], "auprc": [0.6765938426652711, 0.6969693005407291, 0.7967425431711144, 0.310079206507778, 0.4121903889761033, 0.5094693005407291, 0.7835622710622709, 0.7967425431711144, 0.6183978719693005, 0.8147697540554681]}