{"auroc": [0.6071428571428571, 0.5892857142857143, 0.7678571428571428, 0.42857142857142855, 0.5714285714285714, 0.4821428571428571, 0.625, 0.6785714285714285, 0.30357142857142855, 0.625], "acc": [0.4666666666666667, 0.5333333333333333, 0.4666666666666667, 0.5333333333333333, 0.5333333333333333, 0.5333333333333333, 0.5333333333333333, 0.5333333333333333, 0.5333333333333333, 0.5333333333333333], "aps": [0.7403929403929403, 0.7119658119658119, 0.8219696969696968, 0.5383219954648526, 0.644047619047619, 0.5231292517006803, 0.7320905285191, 0.7639455782312925, 0.4875981161695448, 0.740986394557823], "f1": [0.6363636363636364, 0.0, 0.6363636363636364, 0.0, 0.0, 0.0, 0.0, 0.0, 0.0, 0.0], "auprc": [0.7269991912849054, 0.6969693005407291, 0.812190785405071, 0.5048251351822781, 0.6114010989010988, 0.45343624629338913, 0.717235740450026, 0.7498144712430426, 0.4566457352171638, 0.7265371533228675]}