{"enet": [{"auroc": [0.5714285714285714, 0.5, 0.5, 0.6071428571428571, 0.5, 0.5, 0.5, 0.6071428571428571, 0.6071428571428571, 0.5], "acc": [0.5333333333333333, 0.5333333333333333, 0.5333333333333333, 0.5333333333333333, 0.5333333333333333, 0.5333333333333333, 0.5333333333333333, 0.5333333333333333, 0.5333333333333333, 0.5333333333333333], "aps": [0.5168109668109668, 0.4666666666666667, 0.4666666666666667, 0.5617303331589045, 0.4666666666666667, 0.4666666666666667, 0.4666666666666667, 0.5617303331589045, 0.5617303331589045, 0.4666666666666667], "f1": [0.0, 0.0, 0.0, 0.0, 0.0, 0.0, 0.0, 0.0, 0.0, 0.0], "auprc": [0.45893114821686254, 0.7333333333333334, 0.7333333333333334, 0.49197627769056335, 0.7333333333333334, 0.7333333333333334, 0.7333333333333334, 0.49197627769056335, 0.49197627769056335, 0.7333333333333334]}]}