{"auroc": [0.5178571428571428, 0.5535714285714286, 0.6785714285714286, 0.5357142857142857, 0.5714285714285714, 0.6071428571428571, 0.6785714285714286, 0.5714285714285714, 0.37499999999999994, 0.7321428571428571], "acc": [0.5333333333333333, 0.5333333333333333, 0.5333333333333333, 0.5333333333333333, 0.5333333333333333, 0.5333333333333333, 0.5333333333333333, 0.5333333333333333, 0.5333333333333333, 0.5333333333333333], "aps": [0.49914529914529915, 0.5342712842712842, 0.6195887445887446, 0.5255934541648827, 0.5606619570905286, 0.716017316017316, 0.7072871572871573, 0.5364778079063792, 0.44044526901669756, 0.7716509680795394], "f1": [0.6666666666666666, 0.0, 0.0, 0.0, 0.0, 0.0, 0.0, 0.0, 0.0, 0.0], "auprc": [0.43050956979528404, 0.4646284271284271, 0.5514764996907854, 0.45610738467881323, 0.49101909994767134, 0.7009791795506082, 0.6854617604617603, 0.46665160236588804, 0.37377860235003085, 0.7569989534275248]}