{"auroc": [0.4464285714285714, 0.4642857142857143, 0.5, 0.5357142857142857, 0.3928571428571428, 0.4642857142857143, 0.5535714285714285, 0.42857142857142855, 0.5714285714285714, 0.375], "acc": [0.4666666666666667, 0.4666666666666667, 0.4666666666666667, 0.4, 0.4666666666666667, 0.4666666666666667, 0.4666666666666667, 0.5333333333333333, 0.4666666666666667, 0.3333333333333333], "aps": [0.6114076399790686, 0.5785714285714285, 0.6316017316017316, 0.6594928880643165, 0.4821678321678322, 0.6127594627594628, 0.6715419501133786, 0.47445887445887447, 0.6767874982160695, 0.452045177045177], "f1": [0.6363636363636364, 0.5, 0.6363636363636364, 0.47058823529411764, 0.6363636363636364, 0.42857142857142855, 0.5555555555555556, 0.0, 0.6363636363636364, 0.2857142857142857], "auprc": [0.5896389324960754, 0.5447730840587983, 0.6095999238856382, 0.637831216402645, 0.41314637743209165, 0.5909421927279069, 0.6506584685156114, 0.4060284953142096, 0.6558845915988771, 0.38337416551702264]}