{"auroc": [0.5, 0.39285714285714285, 0.5714285714285714, 0.4107142857142857, 0.4642857142857143, 0.39285714285714285, 0.5357142857142857, 0.37499999999999994, 0.49999999999999994, 0.5357142857142857], "acc": [0.4666666666666667, 0.4666666666666667, 0.5333333333333333, 0.5333333333333333, 0.4666666666666667, 0.4, 0.5333333333333333, 0.3333333333333333, 0.4666666666666667, 0.5333333333333333], "aps": [0.6309000523286238, 0.46039991754277465, 0.6595848595848595, 0.5485871271585557, 0.5952071737786023, 0.583843537414966, 0.6880119880119879, 0.5349816849816851, 0.5975667189952905, 0.6636054421768707], "f1": [0.6363636363636364, 0.2, 0.5333333333333333, 0.0, 0.5555555555555556, 0.47058823529411764, 0.0, 0.375, 0.6363636363636364, 0.5333333333333333], "auprc": [0.6089410589410589, 0.39126092161806447, 0.637419326705041, 0.5154036439750724, 0.562831216402645, 0.5630553969839684, 0.6734015984015984, 0.5026485419342561, 0.5637029637029636, 0.6427219605791035]}