{"auroc": [0.5178571428571428, 0.6071428571428571, 0.6071428571428571, 0.7142857142857142, 0.6964285714285714, 0.5892857142857143, 0.5535714285714286, 0.7321428571428571, 0.5178571428571429, 0.5], "acc": [0.4666666666666667, 0.6, 0.5333333333333333, 0.6666666666666666, 0.7333333333333333, 0.6, 0.4666666666666667, 0.8, 0.6, 0.6666666666666666], "aps": [0.6117604617604617, 0.5756802721088434, 0.7197278911564626, 0.7163265306122448, 0.704421768707483, 0.6499999999999999, 0.5720779220779221, 0.7785714285714285, 0.526984126984127, 0.6324564324564323], "f1": [0.6363636363636364, 0.6666666666666665, 0.0, 0.6153846153846153, 0.75, 0.5714285714285714, 0.6363636363636364, 0.7692307692307692, 0.6250000000000001, 0.4444444444444445], "auprc": [0.57907905586477, 0.50609410430839, 0.7046897546897546, 0.685034013605442, 0.672704081632653, 0.6174448567305709, 0.5038806431663574, 0.7607709750566893, 0.4571840857555143, 0.6105309373166515]}