{"auroc": [0.6071428571428572, 0.6785714285714286, 0.8035714285714286, 0.6964285714285714, 0.75, 0.5357142857142857, 0.6428571428571428, 0.8392857142857142, 0.625, 0.6071428571428571], "acc": [0.4666666666666667, 0.5333333333333333, 0.5333333333333333, 0.5333333333333333, 0.5333333333333333, 0.5333333333333333, 0.5333333333333333, 0.5333333333333333, 0.5333333333333333, 0.4666666666666667], "aps": [0.6294483294483294, 0.5999226963512677, 0.7779434850863423, 0.5992424242424242, 0.7420995670995671, 0.506174777603349, 0.5936507936507935, 0.7857142857142858, 0.5977633477633477, 0.7101731601731602], "f1": [0.6363636363636364, 0.0, 0.0, 0.0, 0.0, 0.0, 0.0, 0.0, 0.0, 0.6363636363636364], "auprc": [0.5953364096221239, 0.5304602143887858, 0.7496860282574567, 0.5303184910327767, 0.7207946815089672, 0.4482533339676197, 0.5251288394145537, 0.7569727891156461, 0.5294677544677544, 0.6907854050711193]}