{"enet": [{"auroc": [0.6428571428571428, 0.625, 0.5, 0.5, 0.5892857142857142, 0.5, 0.5, 0.5, 0.625, 0.5], "acc": [0.6666666666666666, 0.6, 0.5333333333333333, 0.5333333333333333, 0.6, 0.5333333333333333, 0.5333333333333333, 0.5333333333333333, 0.6, 0.5333333333333333], "aps": [0.7370748299319727, 0.5845238095238096, 0.4666666666666667, 0.4666666666666667, 0.5414141414141415, 0.4666666666666667, 0.4666666666666667, 0.4666666666666667, 0.5845238095238096, 0.4666666666666667], "f1": [0.6666666666666666, 0.6250000000000001, 0.0, 0.0, 0.6250000000000001, 0.0, 0.0, 0.0, 0.6250000000000001, 0.0], "auprc": [0.7182888540031396, 0.7148393273393274, 0.7333333333333334, 0.7333333333333334, 0.6941764584621728, 0.7333333333333334, 0.7333333333333334, 0.7333333333333334, 0.7148393273393274, 0.7333333333333334]}]}