{"auroc": [0.5178571428571428, 0.4464285714285714, 0.625, 0.4107142857142857, 0.6071428571428572, 0.375, 0.5178571428571428, 0.625, 0.5892857142857143, 0.30357142857142855], "acc": [0.4666666666666667, 0.5333333333333333, 0.4666666666666667, 0.4666666666666667, 0.4666666666666667, 0.4666666666666667, 0.4, 0.4666666666666667, 0.5333333333333333, 0.6], "aps": [0.5370439084724798, 0.4486703772418058, 0.6103174603174604, 0.4551587301587302, 0.5817159031444745, 0.5386827458256029, 0.6530303030303031, 0.6591836734693877, 0.6673469387755102, 0.45069335426478285], "f1": [0.6363636363636364, 0.0, 0.6363636363636364, 0.6363636363636364, 0.6363636363636364, 0.6363636363636364, 0.39999999999999997, 0.5555555555555556, 0.631578947368421, 0.4], "auprc": [0.46731601731601724, 0.39347002204145054, 0.5432123432123431, 0.38745619459905173, 0.5130801737944595, 0.5057811236382664, 0.632452071737786, 0.6260049474335188, 0.6451397808540664, 0.3828439417725132]}