{"auroc": [0.4821428571428571, 0.4285714285714285, 0.5892857142857142, 0.48214285714285715, 0.375, 0.48214285714285715, 0.3928571428571428, 0.3928571428571428, 0.46428571428571425, 0.48214285714285715], "acc": [0.4666666666666667, 0.4666666666666667, 0.5333333333333333, 0.4, 0.5333333333333333, 0.5333333333333333, 0.4, 0.5333333333333333, 0.4666666666666667, 0.6], "aps": [0.4993197278911565, 0.4454957740672027, 0.6226190476190476, 0.48407465550322687, 0.4375541125541126, 0.5072562358276643, 0.4430839002267574, 0.4309214594928881, 0.4993197278911564, 0.48928571428571427], "f1": [0.6363636363636364, 0.6363636363636364, 0.0, 0.5714285714285714, 0.0, 0.588235294117647, 0.39999999999999997, 0.0, 0.6363636363636364, 0.6250000000000001], "auprc": [0.44187162044304895, 0.38927283034425886, 0.5890151515151515, 0.42622100122100115, 0.3712864516435944, 0.4375632304203733, 0.38577751613465905, 0.37581941867656155, 0.42962672248386535, 0.43163919413919416]}