{"auroc": [0.4642857142857143, 0.375, 0.625, 0.4464285714285714, 0.5892857142857142, 0.4821428571428571, 0.8928571428571428, 0.4821428571428571, 0.5535714285714285, 0.5178571428571429], "acc": [0.4666666666666667, 0.5333333333333333, 0.6666666666666666, 0.4, 0.4666666666666667, 0.5333333333333333, 0.5333333333333333, 0.4666666666666667, 0.5333333333333333, 0.5333333333333333], "aps": [0.6223356009070294, 0.5200680272108844, 0.7243197278911564, 0.5747165532879819, 0.6668109668109667, 0.5366213151927438, 0.9340659340659339, 0.573778602350031, 0.6945578231292517, 0.526984126984127], "f1": [0.6363636363636364, 0.0, 0.6666666666666666, 0.5714285714285714, 0.6363636363636364, 0.0, 0.0, 0.3333333333333333, 0.5333333333333333, 0.0], "auprc": [0.6005837416551703, 0.4869499548070977, 0.7051085818942961, 0.5410599321313607, 0.6446299732014018, 0.46826050933193786, 0.9313186813186811, 0.5401051329622758, 0.6753853289567575, 0.4571840857555143]}