{"auroc": [0.5178571428571428, 0.4464285714285714, 0.5178571428571428, 0.46428571428571425, 0.33928571428571425, 0.3214285714285714, 0.5178571428571428, 0.39285714285714285, 0.39285714285714285, 0.39285714285714285], "acc": [0.4666666666666667, 0.4666666666666667, 0.4666666666666667, 0.5333333333333333, 0.5333333333333333, 0.4666666666666667, 0.5333333333333333, 0.5333333333333333, 0.4, 0.4], "aps": [0.6111721611721612, 0.48959928959928956, 0.5492673992673993, 0.5642547928262214, 0.4248299319727891, 0.3997165532879819, 0.6196969696969696, 0.450823779395208, 0.4574564324564324, 0.46355311355311357], "f1": [0.6363636363636364, 0.5, 0.5555555555555556, 0.0, 0.0, 0.6363636363636364, 0.5333333333333333, 0.0, 0.5263157894736842, 0.47058823529411764], "auprc": [0.5776485419342561, 0.42005474684046107, 0.4806994592708878, 0.530348223205366, 0.3679023357594786, 0.351168672597244, 0.5869808762665905, 0.3828098488812774, 0.38867719582005295, 0.39431520860092284]}