{"auroc": [0.42857142857142855, 0.4642857142857143, 0.4642857142857143, 0.48214285714285715, 0.5535714285714286, 0.42857142857142855, 0.5, 0.4464285714285714, 0.42857142857142855, 0.6607142857142857], "acc": [0.4666666666666667, 0.5333333333333333, 0.5333333333333333, 0.5333333333333333, 0.5333333333333333, 0.5333333333333333, 0.4, 0.4, 0.4666666666666667, 0.4666666666666667], "aps": [0.4649350649350649, 0.4792207792207792, 0.6118215118215118, 0.626107226107226, 0.5595238095238095, 0.4532879818594105, 0.5403318903318903, 0.4808080808080808, 0.48325008325008323, 0.685374149659864], "f1": [0.6363636363636364, 0.5333333333333333, 0.0, 0.0, 0.588235294117647, 0.0, 0.47058823529411764, 0.47058823529411764, 0.42857142857142855, 0.5555555555555556], "auprc": [0.4074520717377861, 0.4106571999429142, 0.5900944293801437, 0.6043801436658579, 0.4908880801737944, 0.39587456194599047, 0.4719361987219129, 0.4112219130076272, 0.41390395318966744, 0.6533597355025926]}