{"auroc": [0.5178571428571428, 0.5, 0.5892857142857143, 0.6428571428571428, 0.3928571428571428, 0.3571428571428571, 0.46428571428571425, 0.5, 0.5, 0.3392857142857143], "acc": [0.4666666666666667, 0.4666666666666667, 0.5333333333333333, 0.5333333333333333, 0.5333333333333333, 0.5333333333333333, 0.5333333333333333, 0.5333333333333333, 0.5333333333333333, 0.5333333333333333], "aps": [0.6379509379509379, 0.5387445887445887, 0.5428880643166357, 0.5797979797979798, 0.5152537938252224, 0.4343014128728414, 0.46661433804290947, 0.6246642246642247, 0.4816849816849817, 0.42862811791383226], "f1": [0.6363636363636364, 0.6363636363636364, 0.0, 0.0, 0.0, 0.0, 0.0, 0.0, 0.0, 0.0], "auprc": [0.615983817769532, 0.47052114552114543, 0.4731034838177695, 0.5101937744794888, 0.4832346225203368, 0.36775843204414627, 0.4099249956392813, 0.6026665794522937, 0.4237635380492524, 0.3632435025292168]}