{"auroc": [0.5714285714285714, 0.6964285714285714, 0.5892857142857143, 0.5714285714285714, 0.5535714285714286, 0.4107142857142857, 0.7857142857142857, 0.75, 0.8035714285714286, 0.7767857142857143], "acc": [0.4666666666666667, 0.5333333333333333, 0.5333333333333333, 0.5333333333333333, 0.5333333333333333, 0.5333333333333333, 0.5333333333333333, 0.5333333333333333, 0.5333333333333333, 0.5333333333333333], "aps": [0.6446410732125016, 0.6713512677798392, 0.6533189033189033, 0.6460840746555032, 0.6007326007326007, 0.5185064935064936, 0.6881880024737167, 0.7375850340136054, 0.8028138528138526, 0.6857142857142857], "f1": [0.6363636363636364, 0.0, 0.0, 0.0, 0.0, 0.631578947368421, 0.0, 0.0, 0.0, 0.0], "auprc": [0.6227740513454799, 0.637603071531643, 0.6312950937950939, 0.6242170527884814, 0.5666206809063952, 0.4867626421197849, 0.6224953617810761, 0.7161564625850341, 0.7851370851370851, 0.6919372294372294]}