{"auroc": [0.625, 0.5535714285714286, 0.35714285714285715, 0.5178571428571428, 0.5535714285714286, 0.4464285714285714, 0.375, 0.3214285714285714, 0.5714285714285714, 0.5892857142857142], "acc": [0.6, 0.5333333333333333, 0.4, 0.5333333333333333, 0.4666666666666667, 0.5333333333333333, 0.4666666666666667, 0.4666666666666667, 0.4666666666666667, 0.4666666666666667], "aps": [0.7222222222222221, 0.6213453213453213, 0.5026077097505669, 0.6841880341880342, 0.6713762428048142, 0.49282622139765, 0.47807430664573525, 0.39662440733869303, 0.7022977022977024, 0.7231292517006802], "f1": [0.6250000000000001, 0.0, 0.18181818181818182, 0.0, 0.5, 0.0, 0.6363636363636364, 0.6363636363636364, 0.5555555555555556, 0.6363636363636364], "auprc": [0.7071579214436357, 0.5876873126873126, 0.47167217702931985, 0.6695136212993356, 0.650581561295847, 0.4232053660625089, 0.40902668759811617, 0.349062049062049, 0.6873471766328909, 0.7085382871097157]}