{"auroc": [0.5178571428571429, 0.5892857142857142, 0.6964285714285714, 0.5892857142857143, 0.48214285714285715, 0.5178571428571428, 0.375, 0.33928571428571425, 0.48214285714285715, 0.5], "acc": [0.4666666666666667, 0.5333333333333333, 0.6, 0.4666666666666667, 0.4666666666666667, 0.4666666666666667, 0.5333333333333333, 0.5333333333333333, 0.4666666666666667, 0.5333333333333333], "aps": [0.6458874458874457, 0.55008325008325, 0.6773809523809524, 0.6697889412175126, 0.6421245421245421, 0.6619047619047618, 0.4248299319727891, 0.5059773559773559, 0.5112855398569685, 0.6404761904761904], "f1": [0.6363636363636364, 0.5333333333333333, 0.5714285714285714, 0.6363636363636364, 0.6363636363636364, 0.6363636363636364, 0.0, 0.0, 0.3333333333333333, 0.36363636363636365], "auprc": [0.6238856381713525, 0.48059718059718054, 0.6438646670789527, 0.6476234083376939, 0.6216961609818752, 0.6412016554873697, 0.37452468166753883, 0.47386066314637737, 0.44186725972440255, 0.6185826078683221]}