{"auroc": [0.4464285714285714, 0.46428571428571425, 0.46428571428571425, 0.5178571428571428, 0.46428571428571425, 0.6428571428571428, 0.39285714285714285, 0.3392857142857143, 0.2857142857142857, 0.4107142857142857], "acc": [0.4666666666666667, 0.6, 0.4666666666666667, 0.5333333333333333, 0.4666666666666667, 0.5333333333333333, 0.4666666666666667, 0.4666666666666667, 0.4666666666666667, 0.4666666666666667], "aps": [0.507997557997558, 0.48393035535892676, 0.515934065934066, 0.5469387755102041, 0.4921245421245421, 0.7537414965986395, 0.4535964035964036, 0.4142547928262214, 0.3857186464329322, 0.5301888587602874], "f1": [0.6363636363636364, 0.5714285714285714, 0.5, 0.5333333333333333, 0.6363636363636364, 0.0, 0.6363636363636364, 0.6363636363636364, 0.6363636363636364, 0.6363636363636364], "auprc": [0.4385612403469546, 0.42614885114885115, 0.44635602492745347, 0.47758590615733465, 0.4347913990771133, 0.7397174254317112, 0.39645354645354647, 0.36402169259312117, 0.3440781440781441, 0.496897150468579]}