{"enet": [{"auroc": [0.6964285714285714, 0.5, 0.5, 0.5, 0.5, 0.5, 0.5, 0.5, 0.5, 0.5], "acc": [0.6666666666666666, 0.5333333333333333, 0.5333333333333333, 0.5333333333333333, 0.5333333333333333, 0.5333333333333333, 0.5333333333333333, 0.5333333333333333, 0.5333333333333333, 0.5333333333333333], "aps": [0.6337257980115123, 0.4666666666666667, 0.4666666666666667, 0.4666666666666667, 0.4666666666666667, 0.4666666666666667, 0.4666666666666667, 0.4666666666666667, 0.4666666666666667, 0.4666666666666667], "f1": [0.6666666666666666, 0.0, 0.0, 0.0, 0.0, 0.0, 0.0, 0.0, 0.0, 0.0], "auprc": [0.5660692482121054, 0.7333333333333334, 0.7333333333333334, 0.7333333333333334, 0.7333333333333334, 0.7333333333333334, 0.7333333333333334, 0.7333333333333334, 0.7333333333333334, 0.7333333333333334]}]}