{"auroc": [0.54987714987715, 0.5012285012285013, 0.5292383292383293, 0.5194103194103195, 0.44520884520884524, 0.44570024570024575, 0.5385749385749387, 0.491891891891892, 0.5511056511056511, 0.5542997542997543], "acc": [0.40217391304347827, 0.40217391304347827, 0.40217391304347827, 0.40217391304347827, 0.5978260869565217, 0.5978260869565217, 0.40217391304347827, 0.40217391304347827, 0.40217391304347827, 0.40217391304347827], "aps": [0.41342876629585734, 0.39767005093138097, 0.413238752376426, 0.39553026469554287, 0.3596733397728465, 0.3735604070515749, 0.40695568199908233, 0.4098929000650588, 0.4118141750600385, 0.4146454562974823], "f1": [0.5736434108527132, 0.5736434108527132, 0.5736434108527132, 0.5736434108527132, 0.0, 0.0, 0.5736434108527132, 0.5736434108527132, 0.5736434108527132, 0.5736434108527132], "auprc": [0.400299552587751, 0.3808529109073569, 0.3989795152376278, 0.383067497119501, 0.34745982502312234, 0.35817896259071613, 0.3943640240612025, 0.3997633809339918, 0.39925326781734327, 0.4019714378721765]}