{"auroc": [0.4624078624078624, 0.5351351351351351, 0.5181818181818182, 0.5095823095823097, 0.5371007371007371, 0.5061425061425062, 0.4904176904176904, 0.4958230958230958, 0.5164619164619165, 0.4098280098280099], "acc": [0.40217391304347827, 0.40217391304347827, 0.40217391304347827, 0.40217391304347827, 0.40217391304347827, 0.40217391304347827, 0.40217391304347827, 0.40217391304347827, 0.40217391304347827, 0.5978260869565217], "aps": [0.36908764805207694, 0.40502929293639844, 0.40086211613168543, 0.3975069517104301, 0.41275494699422477, 0.393564039779533, 0.38409448777785943, 0.3874305741484355, 0.3967462178490863, 0.35930755687311144], "f1": [0.5736434108527132, 0.5736434108527132, 0.5736434108527132, 0.5736434108527132, 0.5736434108527132, 0.5736434108527132, 0.5736434108527132, 0.5736434108527132, 0.5736434108527132, 0.0], "auprc": [0.356111076741699, 0.3921200201830843, 0.38791384725584516, 0.3832023522429574, 0.3995552426240935, 0.3798883521850259, 0.37142564557781654, 0.37476226857039985, 0.38337938511291914, 0.34415241729946117]}