{"auroc": [0.4845208845208846, 0.4884520884520885, 0.516953316953317, 0.572972972972973, 0.5307125307125308, 0.47223587223587227, 0.49484029484029485, 0.5508599508599509, 0.46977886977886985, 0.4628992628992629], "acc": [0.40217391304347827, 0.40217391304347827, 0.40217391304347827, 0.40217391304347827, 0.40217391304347827, 0.40217391304347827, 0.40217391304347827, 0.40217391304347827, 0.40217391304347827, 0.40217391304347827], "aps": [0.38277798272446395, 0.3797167450880995, 0.38569163728471917, 0.4199729851014377, 0.39693004480869776, 0.37394612601852034, 0.3877063152491298, 0.4118191746738423, 0.3792399275474162, 0.3636317350352013], "f1": [0.5736434108527132, 0.5736434108527132, 0.5736434108527132, 0.5736434108527132, 0.5736434108527132, 0.5736434108527132, 0.5736434108527132, 0.5736434108527132, 0.5736434108527132, 0.5736434108527132], "auprc": [0.3692785723285162, 0.36569728604397256, 0.37430799482178867, 0.4080348065278551, 0.38397842316879205, 0.3624729516328367, 0.3759272329456049, 0.39982814676400036, 0.36452962562244134, 0.35250167572996005]}