{"auroc": [0.5297297297297298, 0.5262899262899263, 0.5395577395577396, 0.5400491400491401, 0.5331695331695332, 0.5444717444717445, 0.5375921375921376, 0.5164619164619164, 0.5346437346437347, 0.5444717444717445], "acc": [0.40217391304347827, 0.40217391304347827, 0.40217391304347827, 0.40217391304347827, 0.40217391304347827, 0.40217391304347827, 0.40217391304347827, 0.40217391304347827, 0.40217391304347827, 0.40217391304347827], "aps": [0.4041009726733446, 0.40527488145002355, 0.40740379135719107, 0.40807281272526474, 0.40595893818653733, 0.4062442526129332, 0.4056550158548155, 0.3961137910920921, 0.40352179748304884, 0.40865538561075465], "f1": [0.5736434108527132, 0.5736434108527132, 0.5736434108527132, 0.5736434108527132, 0.5736434108527132, 0.5736434108527132, 0.5736434108527132, 0.5736434108527132, 0.5736434108527132, 0.5736434108527132], "auprc": [0.39153118437120504, 0.3926413864697034, 0.39475310202521585, 0.39541900084599996, 0.39327273822037734, 0.3940772957018631, 0.39361170071610574, 0.38363835648516464, 0.39105811322346284, 0.39606101570369096]}