{"enet": [{"auroc": [0.5547911547911548, 0.5, 0.5, 0.5, 0.5, 0.5, 0.5685503685503686, 0.5, 0.5685503685503686, 0.5828009828009828], "acc": [0.5978260869565217, 0.5978260869565217, 0.5978260869565217, 0.5978260869565217, 0.5978260869565217, 0.5978260869565217, 0.5978260869565217, 0.5978260869565217, 0.5978260869565217, 0.5978260869565217], "aps": [0.45423925458540326, 0.40217391304347827, 0.40217391304347827, 0.40217391304347827, 0.40217391304347827, 0.40217391304347827, 0.48180295186409744, 0.40217391304347827, 0.48180295186409744, 0.5465080075539315], "f1": [0.0, 0.0, 0.0, 0.0, 0.0, 0.0, 0.0, 0.0, 0.0, 0.0], "auprc": [0.4385609588178391, 0.7010869565217391, 0.7010869565217391, 0.7010869565217391, 0.7010869565217391, 0.7010869565217391, 0.4698513251608886, 0.7010869565217391, 0.4698513251608886, 0.5392583306451231]}]}