{"enet": [{"auroc": [0.4491400491400491, 0.3759213759213759, 0.5, 0.5, 0.5, 0.4491400491400491, 0.5, 0.5, 0.5, 0.5], "acc": [0.40217391304347827, 0.5978260869565217, 0.40217391304347827, 0.40217391304347827, 0.40217391304347827, 0.40217391304347827, 0.40217391304347827, 0.40217391304347827, 0.40217391304347827, 0.40217391304347827], "aps": [0.3780550403702634, 0.3469818271594768, 0.40217391304347827, 0.40217391304347827, 0.40217391304347827, 0.3780550403702634, 0.40217391304347827, 0.40217391304347827, 0.40217391304347827, 0.40217391304347827], "f1": [0.5736434108527132, 0.0, 0.5736434108527132, 0.5736434108527132, 0.5736434108527132, 0.5736434108527132, 0.5736434108527132, 0.5736434108527132, 0.5736434108527132, 0.5736434108527132], "auprc": [0.36059399672923903, 0.3320903862384246, 0.7010869565217391, 0.7010869565217391, 0.7010869565217391, 0.36059399672923903, 0.7010869565217391, 0.7010869565217391, 0.7010869565217391, 0.7010869565217391]}]}