{"auroc": [0.5326781326781327, 0.6442260442260442, 0.5552825552825553, 0.5734643734643735, 0.5208845208845209, 0.5744471744471744, 0.5601965601965602, 0.5660933660933661, 0.5400491400491401, 0.5606879606879607], "acc": [0.5652173913043478, 0.40217391304347827, 0.40217391304347827, 0.40217391304347827, 0.40217391304347827, 0.40217391304347827, 0.5978260869565217, 0.40217391304347827, 0.40217391304347827, 0.44565217391304346], "aps": [0.4237490884376462, 0.5813591767605459, 0.4551614113628997, 0.4779926014666056, 0.41783586702114384, 0.46330172526097235, 0.4383684395233448, 0.4922558988491009, 0.4406109603008453, 0.49958598416607874], "f1": [0.047619047619047616, 0.5736434108527132, 0.5736434108527132, 0.5736434108527132, 0.5736434108527132, 0.5736434108527132, 0.0, 0.5736434108527132, 0.5736434108527132, 0.578512396694215], "auprc": [0.4090156465848681, 0.564375553097251, 0.440989469116816, 0.46153784214118443, 0.4051296857975133, 0.44880424716528905, 0.4259047062735586, 0.47606861858637584, 0.42554398125523235, 0.4881029598200329]}