{"auroc": [0.48894348894348894, 0.47911547911547914, 0.4545454545454546, 0.46683046683046686, 0.4427518427518429, 0.5375921375921375, 0.45995085995086, 0.514987714987715, 0.4329238329238329, 0.5208845208845209], "acc": [0.40217391304347827, 0.40217391304347827, 0.4673913043478261, 0.40217391304347827, 0.5543478260869565, 0.40217391304347827, 0.40217391304347827, 0.40217391304347827, 0.40217391304347827, 0.40217391304347827], "aps": [0.38764718735136905, 0.372760060597389, 0.36883090160179577, 0.3759275378617044, 0.3576546721823295, 0.41394708822376847, 0.36894505998412713, 0.3963216173366245, 0.37425558603706305, 0.41087499872896865], "f1": [0.5736434108527132, 0.5736434108527132, 0.24615384615384617, 0.5736434108527132, 0.046511627906976744, 0.5736434108527132, 0.5736434108527132, 0.5736434108527132, 0.5736434108527132, 0.5736434108527132], "auprc": [0.3751679647160068, 0.3605921867685173, 0.35556087043397955, 0.36155790792952586, 0.3447658863719772, 0.39898505832204867, 0.35611064740491294, 0.38405689580178204, 0.35982303836648466, 0.3962126339357972]}