{"enet": [{"auroc": [0.46019656019656024, 0.457002457002457, 0.46019656019656024, 0.5, 0.4412776412776413, 0.4584766584766585, 0.5, 0.5, 0.46019656019656024, 0.46019656019656024], "acc": [0.5978260869565217, 0.5978260869565217, 0.5978260869565217, 0.40217391304347827, 0.40217391304347827, 0.5978260869565217, 0.5978260869565217, 0.40217391304347827, 0.5978260869565217, 0.5978260869565217], "aps": [0.3765853896149578, 0.3746373224826445, 0.3765853896149578, 0.40217391304347827, 0.37835980429912036, 0.37511458317273383, 0.40217391304347827, 0.40217391304347827, 0.3765853896149578, 0.3765853896149578], "f1": [0.0, 0.0, 0.0, 0.5736434108527132, 0.5736434108527132, 0.0, 0.0, 0.5736434108527132, 0.0, 0.0], "auprc": [0.35972773350197523, 0.35749602766376115, 0.35972773350197523, 0.7010869565217391, 0.36848679400073286, 0.3587325158710093, 0.7010869565217391, 0.7010869565217391, 0.35972773350197523, 0.35972773350197523]}]}