{"auroc": [0.5714987714987715, 0.5302211302211302, 0.4928746928746929, 0.5705159705159705, 0.5108108108108109, 0.5945945945945946, 0.5469287469287469, 0.5719901719901721, 0.4800982800982801, 0.5410319410319411], "acc": [0.5978260869565217, 0.40217391304347827, 0.5978260869565217, 0.40217391304347827, 0.40217391304347827, 0.5978260869565217, 0.5652173913043478, 0.40217391304347827, 0.40217391304347827, 0.40217391304347827], "aps": [0.44997503985434284, 0.4371457019452176, 0.41657797497590865, 0.4278687581306517, 0.43017132445242806, 0.5322566834518552, 0.45183598852029067, 0.4495051439650274, 0.37545097827998614, 0.441748314549403], "f1": [0.0, 0.5736434108527132, 0.0, 0.5736434108527132, 0.5736434108527132, 0.0, 0.047619047619047616, 0.5736434108527132, 0.5736434108527132, 0.5736434108527132], "auprc": [0.4358000899111037, 0.41852675420244606, 0.4002858074451, 0.41370978678364273, 0.4188761033015859, 0.5229616401203723, 0.4376874202265566, 0.43325679949218726, 0.3622238233699073, 0.4304708315282224]}