{"auroc": [0.5538083538083538, 0.5243243243243243, 0.5351351351351352, 0.514987714987715, 0.5464373464373464, 0.5528255528255528, 0.5434889434889435, 0.5420147420147421, 0.542997542997543, 0.539066339066339], "acc": [0.40217391304347827, 0.40217391304347827, 0.40217391304347827, 0.40217391304347827, 0.40217391304347827, 0.40217391304347827, 0.40217391304347827, 0.40217391304347827, 0.40217391304347827, 0.40217391304347827], "aps": [0.41544698216021547, 0.39954509413848904, 0.4059894437566164, 0.40037659276164017, 0.40982818280716377, 0.4126709044653621, 0.40825096724993776, 0.408708632259271, 0.40818622059943765, 0.4076254233862422], "f1": [0.5736434108527132, 0.5736434108527132, 0.5736434108527132, 0.5736434108527132, 0.5736434108527132, 0.5736434108527132, 0.5736434108527132, 0.5736434108527132, 0.5736434108527132, 0.5736434108527132], "auprc": [0.4026560048064225, 0.3870371400314355, 0.393366334059544, 0.3877746674929198, 0.39731498887542294, 0.4000917721524322, 0.3957410777371424, 0.396071063774853, 0.39555155920410123, 0.3949742496272393]}