{"auroc": [0.5493857493857495, 0.6103194103194104, 0.5577395577395579, 0.541031941031941, 0.5980343980343981, 0.5867321867321867, 0.5071253071253071, 0.6103194103194104, 0.5980343980343981, 0.6285012285012286], "acc": [0.391304347826087, 0.40217391304347827, 0.40217391304347827, 0.40217391304347827, 0.40217391304347827, 0.40217391304347827, 0.40217391304347827, 0.40217391304347827, 0.40217391304347827, 0.40217391304347827], "aps": [0.49603834850964246, 0.46034715848154395, 0.495518677289899, 0.4816466345808829, 0.5057433194737394, 0.5386101616078924, 0.39790050232017676, 0.4751326316536052, 0.500476935473464, 0.526595024120707], "f1": [0.5483870967741936, 0.5736434108527132, 0.5736434108527132, 0.5736434108527132, 0.5736434108527132, 0.5736434108527132, 0.5736434108527132, 0.5736434108527132, 0.5736434108527132, 0.5736434108527132], "auprc": [0.48765198302101037, 0.4432378910755554, 0.48715360129212226, 0.46972879037244847, 0.4940350118251228, 0.5307457412754373, 0.3842444052117602, 0.45660781537515355, 0.48845329049252134, 0.510574475775786]}