{"enet": [{"auroc": [0.5233415233415234, 0.5061425061425062, 0.5031941031941032, 0.5, 0.5, 0.5, 0.5, 0.5, 0.5031941031941032, 0.5], "acc": [0.5978260869565217, 0.5978260869565217, 0.5978260869565217, 0.5978260869565217, 0.5978260869565217, 0.5978260869565217, 0.5978260869565217, 0.5978260869565217, 0.5978260869565217, 0.5978260869565217], "aps": [0.43625802916968004, 0.420980121495299, 0.4369897695971389, 0.40217391304347827, 0.40217391304347827, 0.40217391304347827, 0.40217391304347827, 0.40217391304347827, 0.4369897695971389, 0.40217391304347827], "f1": [0.0, 0.0, 0.0, 0.0, 0.0, 0.0, 0.0, 0.0, 0.0, 0.0], "auprc": [0.4179755065096262, 0.41004850159770023, 0.4256580721955079, 0.7010869565217391, 0.7010869565217391, 0.7010869565217391, 0.7010869565217391, 0.7010869565217391, 0.4256580721955079, 0.7010869565217391]}]}