{"enet": [{"auroc": [0.46339066339066337, 0.47125307125307125, 0.4658476658476659, 0.5, 0.47125307125307125, 0.4658476658476659, 0.5, 0.5, 0.48353808353808353, 0.45921375921375923], "acc": [0.40217391304347827, 0.5978260869565217, 0.40217391304347827, 0.40217391304347827, 0.5978260869565217, 0.40217391304347827, 0.40217391304347827, 0.40217391304347827, 0.40217391304347827, 0.40217391304347827], "aps": [0.3804267968092723, 0.39519844562470424, 0.3863908161692112, 0.40217391304347827, 0.39519844562470424, 0.3863908161692112, 0.40217391304347827, 0.40217391304347827, 0.39340297270092994, 0.3720817109686458], "f1": [0.5736434108527132, 0.0, 0.5736434108527132, 0.5736434108527132, 0.0, 0.5736434108527132, 0.5736434108527132, 0.5736434108527132, 0.5736434108527132, 0.5736434108527132], "auprc": [0.3661724256358675, 0.38471682576681904, 0.3718565876577934, 0.7010869565217391, 0.38471682576681904, 0.3718565876577934, 0.7010869565217391, 0.7010869565217391, 0.37880363181237975, 0.5378519111298554]}]}