{"auroc": [0.5312039312039313, 0.5744471744471744, 0.5321867321867322, 0.5061425061425062, 0.5808353808353809, 0.5326781326781327, 0.5257985257985258, 0.5282555282555282, 0.5651105651105651, 0.3955773955773956], "acc": [0.40217391304347827, 0.40217391304347827, 0.40217391304347827, 0.40217391304347827, 0.40217391304347827, 0.40217391304347827, 0.40217391304347827, 0.40217391304347827, 0.40217391304347827, 0.5978260869565217], "aps": [0.4102697027733368, 0.4340017466305393, 0.40409162821286077, 0.3926497830902439, 0.43152293396380326, 0.4058955140667022, 0.4060929826235232, 0.4010367375000888, 0.4226829108765723, 0.3636488395631849], "f1": [0.5736434108527132, 0.5736434108527132, 0.5736434108527132, 0.5736434108527132, 0.5736434108527132, 0.5736434108527132, 0.5736434108527132, 0.5736434108527132, 0.5736434108527132, 0.0], "auprc": [0.3972812401048551, 0.42064827581619846, 0.39216350546905776, 0.3814296339860418, 0.41957127260854044, 0.39284535814945654, 0.3938188970987132, 0.3890934332588497, 0.4109965195751405, 0.35393935566389384]}