{"auroc": [0.5085995085995088, 0.5248157248157248, 0.5184275184275184, 0.48796068796068803, 0.48108108108108116, 0.4845208845208845, 0.5051597051597052, 0.49041769041769046, 0.5036855036855037, 0.49238329238329237], "acc": [0.40217391304347827, 0.40217391304347827, 0.40217391304347827, 0.40217391304347827, 0.40217391304347827, 0.40217391304347827, 0.40217391304347827, 0.40217391304347827, 0.40217391304347827, 0.40217391304347827], "aps": [0.41025566752417714, 0.3992159224953375, 0.39665841429047455, 0.3770679655345343, 0.3824310992946599, 0.37841021758204535, 0.3997333185035111, 0.3771776351873741, 0.3867543889469549, 0.40584462992782694], "f1": [0.5736434108527132, 0.5736434108527132, 0.5736434108527132, 0.5736434108527132, 0.5736434108527132, 0.5736434108527132, 0.5736434108527132, 0.5736434108527132, 0.5736434108527132, 0.5736434108527132], "auprc": [0.4003726415480437, 0.3861935721490302, 0.385047434489151, 0.36461383745642295, 0.3659464787685089, 0.36707196720981383, 0.385406667891833, 0.3659192528390567, 0.37501796893801953, 0.3961354651359154]}