{"auroc": [0.5464373464373464, 0.5223587223587224, 0.538083538083538, 0.5375921375921375, 0.5454545454545454, 0.550859950859951, 0.5425061425061425, 0.542997542997543, 0.5356265356265356, 0.5346437346437347], "acc": [0.40217391304347827, 0.40217391304347827, 0.40217391304347827, 0.40217391304347827, 0.40217391304347827, 0.40217391304347827, 0.40217391304347827, 0.40217391304347827, 0.40217391304347827, 0.40217391304347827], "aps": [0.4100427532776308, 0.4026806342927297, 0.405973627632364, 0.4081301584321153, 0.4103526457959359, 0.4118338625981682, 0.40837330198457433, 0.4081465540810564, 0.4050475460371123, 0.406983881700006], "f1": [0.5736434108527132, 0.5736434108527132, 0.5736434108527132, 0.5736434108527132, 0.5736434108527132, 0.5736434108527132, 0.5736434108527132, 0.5736434108527132, 0.5736434108527132, 0.5736434108527132], "auprc": [0.39728629004822674, 0.3900315347917676, 0.39327052915460503, 0.3954254014871793, 0.3976553166351994, 0.3992028547346537, 0.3956353259724911, 0.39560368027037174, 0.3925171016551918, 0.39427278520331366]}