{"auroc": [0.4958230958230958, 0.4977886977886978, 0.48157248157248156, 0.5017199017199018, 0.4825552825552826, 0.5749385749385749, 0.48648648648648646, 0.43341523341523347, 0.5012285012285014, 0.4388206388206389], "acc": [0.5543478260869565, 0.40217391304347827, 0.40217391304347827, 0.5978260869565217, 0.40217391304347827, 0.40217391304347827, 0.40217391304347827, 0.40217391304347827, 0.40217391304347827, 0.40217391304347827], "aps": [0.42666272409323575, 0.4161142773486386, 0.3822893608463923, 0.41831204307880937, 0.3911620547696536, 0.4253873292284257, 0.3937919736365348, 0.3681546321934034, 0.40442399655594974, 0.3648799727403721], "f1": [0.34920634920634924, 0.5736434108527132, 0.5736434108527132, 0.0, 0.5736434108527132, 0.5736434108527132, 0.5736434108527132, 0.5736434108527132, 0.5736434108527132, 0.5736434108527132], "auprc": [0.4105503371073958, 0.39787229713345706, 0.36956736188940775, 0.40705263311510026, 0.3769701617875014, 0.4127266998981167, 0.3806962533704833, 0.35410977224208484, 0.3899275702001016, 0.3520824323970247]}