{"enet": [{"auroc": [0.5336609336609337, 0.42997542997543003, 0.5, 0.5420147420147421, 0.5420147420147421, 0.4545454545454546, 0.5, 0.5, 0.5420147420147421, 0.4545454545454546], "acc": [0.532608695652174, 0.40217391304347827, 0.40217391304347827, 0.5108695652173914, 0.5108695652173914, 0.5543478260869565, 0.5978260869565217, 0.40217391304347827, 0.5108695652173914, 0.5543478260869565], "aps": [0.4033988745658811, 0.37196405138277794, 0.40217391304347827, 0.41441890566211537, 0.41441890566211537, 0.3732846231810246, 0.40217391304347827, 0.40217391304347827, 0.41441890566211537, 0.3732846231810246], "f1": [0.37681159420289856, 0.5736434108527132, 0.5736434108527132, 0.4155844155844156, 0.4155844155844156, 0.08888888888888889, 0.0, 0.5736434108527132, 0.4155844155844156, 0.08888888888888889], "auprc": [0.3908035342954783, 0.3621324054324837, 0.7010869565217391, 0.3991673234400334, 0.3991673234400334, 0.356266873571165, 0.7010869565217391, 0.7010869565217391, 0.3991673234400334, 0.356266873571165]}]}