{"auroc": [0.4712530712530713, 0.5149877149877149, 0.5174447174447174, 0.47420147420147424, 0.4683046683046684, 0.5007371007371008, 0.43488943488943493, 0.516953316953317, 0.5356265356265356, 0.47371007371007373], "acc": [0.40217391304347827, 0.40217391304347827, 0.40217391304347827, 0.40217391304347827, 0.40217391304347827, 0.40217391304347827, 0.40217391304347827, 0.40217391304347827, 0.40217391304347827, 0.40217391304347827], "aps": [0.37468817480765726, 0.39508201129602616, 0.3939678401527003, 0.3734320794976674, 0.3684003829728127, 0.3879153344986702, 0.3567372015400746, 0.3975294625506913, 0.41300344825844826, 0.379793190505441], "f1": [0.5736434108527132, 0.5736434108527132, 0.5736434108527132, 0.5736434108527132, 0.5736434108527132, 0.5736434108527132, 0.5736434108527132, 0.5736434108527132, 0.5736434108527132, 0.5736434108527132], "auprc": [0.3633474761281595, 0.38382308126590337, 0.3823017510855238, 0.36207007831458243, 0.35723535292974284, 0.37668048367053597, 0.34502762861827374, 0.3858981256126424, 0.3988488068745516, 0.36761062136666883]}