{"auroc": [0.5287469287469287, 0.5503685503685504, 0.5464373464373464, 0.6073710073710075, 0.5734643734643735, 0.5307125307125308, 0.4820638820638821, 0.5469287469287469, 0.5164619164619165, 0.5285012285012286], "acc": [0.40217391304347827, 0.40217391304347827, 0.40217391304347827, 0.40217391304347827, 0.40217391304347827, 0.40217391304347827, 0.40217391304347827, 0.40217391304347827, 0.40217391304347827, 0.40217391304347827], "aps": [0.47555637821359814, 0.45818650273480194, 0.41624132842213, 0.5093226818491114, 0.4737394157951992, 0.40416616794372523, 0.3791082095623015, 0.4129075260867128, 0.4173412394352569, 0.41159100021365896], "f1": [0.5736434108527132, 0.5736434108527132, 0.5736434108527132, 0.5736434108527132, 0.5736434108527132, 0.5736434108527132, 0.5736434108527132, 0.5736434108527132, 0.5736434108527132, 0.5736434108527132], "auprc": [0.46417498800269913, 0.44640695489224297, 0.4010903748179472, 0.4907023090627549, 0.4621074977431345, 0.39152234972375244, 0.3675246567510576, 0.3958233287268248, 0.40151998119857074, 0.3991389358235157]}