{"auroc": [0.5105651105651106, 0.5361179361179361, 0.5538083538083538, 0.5562653562653563, 0.5356265356265356, 0.5592137592137593, 0.5705159705159706, 0.6250614250614251, 0.6142506142506142, 0.5292383292383293], "acc": [0.5869565217391305, 0.40217391304347827, 0.40217391304347827, 0.40217391304347827, 0.40217391304347827, 0.40217391304347827, 0.40217391304347827, 0.40217391304347827, 0.40217391304347827, 0.40217391304347827], "aps": [0.40437947645426786, 0.4650231419262223, 0.42473084799339544, 0.5035908907509856, 0.4739121996963792, 0.45407805702036264, 0.45241567807125743, 0.4785341043399258, 0.5773144129595122, 0.4643205346141085], "f1": [0.0, 0.5736434108527132, 0.5736434108527132, 0.5736434108527132, 0.5736434108527132, 0.5736434108527132, 0.5736434108527132, 0.5736434108527132, 0.5736434108527132, 0.5736434108527132], "auprc": [0.39090466101586585, 0.45571434099613306, 0.4117047163822425, 0.49214140616408997, 0.46421472216435156, 0.43625025154189, 0.4373435667161277, 0.4639729270672791, 0.5704311875007297, 0.4524266335811715]}