{"auroc": [0.51007371007371, 0.4825552825552826, 0.4963144963144963, 0.5120393120393121, 0.47911547911547914, 0.4132678132678133, 0.5641277641277641, 0.4486486486486487, 0.5223587223587224, 0.5405405405405406], "acc": [0.5978260869565217, 0.40217391304347827, 0.40217391304347827, 0.40217391304347827, 0.5978260869565217, 0.5978260869565217, 0.40217391304347827, 0.40217391304347827, 0.40217391304347827, 0.40217391304347827], "aps": [0.4353974981280491, 0.39280554578512283, 0.39404940563008634, 0.3949165621082299, 0.43128490032829836, 0.34271700524675563, 0.4246371268290364, 0.40491156507249704, 0.4022343654682224, 0.40864852270389035], "f1": [0.0, 0.5736434108527132, 0.5736434108527132, 0.5736434108527132, 0.0, 0.0, 0.5736434108527132, 0.5736434108527132, 0.5736434108527132, 0.5736434108527132], "auprc": [0.4263931399638186, 0.3756016576671935, 0.3789570984701572, 0.3820228793742906, 0.42192854478391406, 0.3309955606058468, 0.4107233164012588, 0.39639189629095106, 0.3894950519013259, 0.3960085421040739]}