{"enet": [{"auroc": [0.4805896805896806, 0.5, 0.4609336609336609, 0.48648648648648646, 0.4609336609336609, 0.47862407862407863, 0.48648648648648646, 0.4609336609336609, 0.48648648648648646, 0.4609336609336609], "acc": [0.40217391304347827, 0.40217391304347827, 0.5978260869565217, 0.40217391304347827, 0.5978260869565217, 0.40217391304347827, 0.40217391304347827, 0.5978260869565217, 0.40217391304347827, 0.5978260869565217], "aps": [0.3813639486219764, 0.40217391304347827, 0.3750243070724293, 0.3847574125467046, 0.3750243070724293, 0.3885944282988608, 0.3847574125467046, 0.3750243070724293, 0.3847574125467046, 0.3750243070724293], "f1": [0.5736434108527132, 0.5736434108527132, 0.0, 0.5736434108527132, 0.0, 0.5736434108527132, 0.5736434108527132, 0.0, 0.5736434108527132, 0.0], "auprc": [0.369269347235954, 0.7010869565217391, 0.3586533957590748, 0.3719418595107137, 0.3586533957590748, 0.3717360057857708, 0.3719418595107137, 0.3586533957590748, 0.3719418595107137, 0.3586533957590748]}]}