{"enet": [{"auroc": [0.5272727272727273, 0.5, 0.5385749385749385, 0.5, 0.5, 0.47420147420147424, 0.5, 0.5385749385749385, 0.5299754299754299, 0.5405405405405406], "acc": [0.5652173913043478, 0.5978260869565217, 0.5978260869565217, 0.5978260869565217, 0.40217391304347827, 0.5978260869565217, 0.5978260869565217, 0.5978260869565217, 0.42391304347826086, 0.5978260869565217], "aps": [0.4098601036951026, 0.40217391304347827, 0.4102914310855756, 0.40217391304347827, 0.40217391304347827, 0.4457625541790558, 0.40217391304347827, 0.4102914310855756, 0.4175726255412826, 0.41725277271800665], "f1": [0.09090909090909091, 0.0, 0.0, 0.0, 0.5736434108527132, 0.0, 0.0, 0.0, 0.5826771653543308, 0.0], "auprc": [0.39456220248676493, 0.7010869565217391, 0.39792398548245655, 0.7010869565217391, 0.7010869565217391, 0.4381736808956974, 0.7010869565217391, 0.39792398548245655, 0.6139065447563244, 0.40327387846203905]}]}