{"enet": [{"auroc": [0.4447174447174448, 0.514987714987715, 0.5351351351351351, 0.5351351351351351, 0.5351351351351351, 0.5, 0.514987714987715, 0.5660933660933661, 0.5351351351351351, 0.5503685503685504], "acc": [0.5978260869565217, 0.5978260869565217, 0.5978260869565217, 0.5978260869565217, 0.5978260869565217, 0.5978260869565217, 0.5978260869565217, 0.5978260869565217, 0.5978260869565217, 0.5978260869565217], "aps": [0.4346873199930087, 0.41321402505529004, 0.4181793681930113, 0.4181793681930113, 0.4181793681930113, 0.40217391304347827, 0.41321402505529004, 0.44144898294437007, 0.4181793681930113, 0.4249336479071185], "f1": [0.0, 0.0, 0.0, 0.0, 0.0, 0.0, 0.0, 0.0, 0.0, 0.0], "auprc": [0.42561033752539534, 0.39919293227058406, 0.4038977636258395, 0.4038977636258395, 0.4038977636258395, 0.7010869565217391, 0.39919293227058406, 0.42874010246357186, 0.4038977636258395, 0.41289569870347986]}]}