{"auroc": [0.4260442260442261, 0.5444717444717445, 0.4855036855036855, 0.4363636363636364, 0.4653562653562654, 0.43243243243243246, 0.5321867321867322, 0.4933660933660934, 0.4751842751842752, 0.4668304668304668], "acc": [0.40217391304347827, 0.40217391304347827, 0.40217391304347827, 0.40217391304347827, 0.40217391304347827, 0.40217391304347827, 0.40217391304347827, 0.40217391304347827, 0.40217391304347827, 0.40217391304347827], "aps": [0.36033934717898064, 0.40859921463961296, 0.3866500641882846, 0.36836904311089197, 0.3757064756889342, 0.3670662686317113, 0.405660765721917, 0.4338396512180759, 0.39276856509636054, 0.39232690557025784], "f1": [0.5736434108527132, 0.5736434108527132, 0.5736434108527132, 0.5736434108527132, 0.5736434108527132, 0.5736434108527132, 0.5736434108527132, 0.5736434108527132, 0.5736434108527132, 0.5736434108527132], "auprc": [0.3477637126735865, 0.39605540915492754, 0.3742337569648948, 0.3544851488430941, 0.3628906836827017, 0.3536769804236839, 0.3940135790841193, 0.4246878355638796, 0.3797206554985405, 0.3747792278688156]}