{"enet": [{"auroc": [0.5818181818181819, 0.5818181818181819, 0.5159705159705161, 0.5818181818181819, 0.5582309582309583, 0.4668304668304669, 0.5818181818181819, 0.4668304668304669, 0.5818181818181819, 0.44766584766584766], "acc": [0.40217391304347827, 0.40217391304347827, 0.40217391304347827, 0.40217391304347827, 0.40217391304347827, 0.5978260869565217, 0.40217391304347827, 0.5978260869565217, 0.40217391304347827, 0.5978260869565217], "aps": [0.43740880225931167, 0.43740880225931167, 0.4036531219951138, 0.43740880225931167, 0.42163120662673237, 0.4063012951143805, 0.43740880225931167, 0.4063012951143805, 0.43740880225931167, 0.3772916952966305], "f1": [0.5736434108527132, 0.5736434108527132, 0.5736434108527132, 0.5736434108527132, 0.5736434108527132, 0.0, 0.5736434108527132, 0.0, 0.5736434108527132, 0.0], "auprc": [0.4250975315464562, 0.4250975315464562, 0.3893484248385262, 0.4250975315464562, 0.47610242691149374, 0.3878699621336032, 0.4250975315464562, 0.3878699621336032, 0.4250975315464562, 0.362848289763703]}]}