{"enet": [{"auroc": [0.543980343980344, 0.5, 0.5, 0.5, 0.5, 0.48550368550368556, 0.5, 0.5, 0.5, 0.5], "acc": [0.40217391304347827, 0.5978260869565217, 0.5978260869565217, 0.5978260869565217, 0.5978260869565217, 0.5978260869565217, 0.5978260869565217, 0.5978260869565217, 0.5978260869565217, 0.5978260869565217], "aps": [0.41317072969327184, 0.40217391304347827, 0.40217391304347827, 0.40217391304347827, 0.40217391304347827, 0.42798783594813405, 0.40217391304347827, 0.40217391304347827, 0.40217391304347827, 0.40217391304347827], "f1": [0.5736434108527132, 0.0, 0.0, 0.0, 0.0, 0.0, 0.0, 0.0, 0.0, 0.0], "auprc": [0.40068492921045096, 0.7010869565217391, 0.7010869565217391, 0.7010869565217391, 0.7010869565217391, 0.41635613096875645, 0.7010869565217391, 0.7010869565217391, 0.7010869565217391, 0.7010869565217391]}]}