{"auroc": [0.542997542997543, 0.4914004914004914, 0.5872235872235873, 0.5577395577395577, 0.5582309582309583, 0.5803439803439804, 0.5415233415233416, 0.608845208845209, 0.5808353808353809, 0.5557739557739558], "acc": [0.40217391304347827, 0.40217391304347827, 0.40217391304347827, 0.40217391304347827, 0.40217391304347827, 0.5760869565217391, 0.40217391304347827, 0.40217391304347827, 0.40217391304347827, 0.40217391304347827], "aps": [0.4214628923457374, 0.4132666459707149, 0.44438428857429624, 0.42769135879405973, 0.4225283012434293, 0.43294912721029, 0.4091194069057708, 0.4464635612094906, 0.44190044040266285, 0.428092099673261], "f1": [0.5736434108527132, 0.5736434108527132, 0.5736434108527132, 0.5736434108527132, 0.5736434108527132, 0.0, 0.5736434108527132, 0.5736434108527132, 0.5736434108527132, 0.5736434108527132], "auprc": [0.40855684219308497, 0.4022763534373354, 0.43138741337874376, 0.41340530255836877, 0.40908122699080757, 0.420516133529396, 0.39496032225358574, 0.430596863431103, 0.42866119234817557, 0.41607761668421683]}