{"auroc": [0.5154791154791156, 0.5385749385749387, 0.5321867321867322, 0.5002457002457004, 0.48894348894348894, 0.5331695331695332, 0.5100737100737102, 0.520884520884521, 0.5248157248157248, 0.5538083538083538], "acc": [0.40217391304347827, 0.40217391304347827, 0.40217391304347827, 0.40217391304347827, 0.40217391304347827, 0.40217391304347827, 0.40217391304347827, 0.40217391304347827, 0.40217391304347827, 0.40217391304347827], "aps": [0.3964089600387576, 0.3960477636564631, 0.40893843333145596, 0.3954910223234881, 0.383680125492045, 0.4333891649491131, 0.3965336310421879, 0.40242793249016706, 0.3949425944235709, 0.4187689168685407], "f1": [0.5736434108527132, 0.5736434108527132, 0.5736434108527132, 0.5736434108527132, 0.5736434108527132, 0.5736434108527132, 0.5736434108527132, 0.5736434108527132, 0.5736434108527132, 0.5736434108527132], "auprc": [0.38476048857870926, 0.3844822752953181, 0.3968022933900896, 0.38269192893357373, 0.3697491915402054, 0.41832294581366686, 0.38433567918716893, 0.39049682647373685, 0.3834252573108967, 0.4064719178618904]}