{"auroc": [0.46240786240786247, 0.5002457002457003, 0.48943488943488944, 0.4968058968058968, 0.487960687960688, 0.43636363636363634, 0.5351351351351352, 0.416953316953317, 0.43194103194103195, 0.5169533169533169], "acc": [0.40217391304347827, 0.5108695652173914, 0.40217391304347827, 0.40217391304347827, 0.40217391304347827, 0.40217391304347827, 0.40217391304347827, 0.40217391304347827, 0.40217391304347827, 0.40217391304347827], "aps": [0.38085249857042813, 0.4081062880791203, 0.38714806760477477, 0.4645193892959553, 0.3855237944502105, 0.36986914651916075, 0.40818243573681373, 0.38079836934307226, 0.3754247709564401, 0.4047093806053591], "f1": [0.5736434108527132, 0.44444444444444453, 0.5736434108527132, 0.5736434108527132, 0.5736434108527132, 0.5736434108527132, 0.5736434108527132, 0.5736434108527132, 0.5736434108527132, 0.5736434108527132], "auprc": [0.3674558500039743, 0.3924198059031469, 0.37416198958650815, 0.4527021578043492, 0.3723162116899663, 0.3561455158219251, 0.3946914039332518, 0.37047917780277256, 0.357946037321579, 0.3914952751015443]}