{"auroc": [0.5444717444717445, 0.5454545454545454, 0.5444717444717445, 0.5400491400491401, 0.6034398034398035, 0.4918918918918919, 0.5724815724815725, 0.5449631449631449, 0.5508599508599509, 0.49459459459459465], "acc": [0.40217391304347827, 0.40217391304347827, 0.40217391304347827, 0.40217391304347827, 0.40217391304347827, 0.40217391304347827, 0.40217391304347827, 0.40217391304347827, 0.40217391304347827, 0.5978260869565217], "aps": [0.41864197178062185, 0.42296837667717757, 0.41230826975219226, 0.4075795520881929, 0.48914078165249053, 0.38604030422195373, 0.42108791172901, 0.4074426228841611, 0.435657904002512, 0.41524028354951925], "f1": [0.5736434108527132, 0.5736434108527132, 0.5736434108527132, 0.5736434108527132, 0.5736434108527132, 0.5736434108527132, 0.5736434108527132, 0.5736434108527132, 0.5736434108527132, 0.0], "auprc": [0.4053425485360407, 0.40933109109972077, 0.39950722935553457, 0.3949447698941209, 0.4705999658264454, 0.373743016327914, 0.4090379787232157, 0.3950642372048608, 0.41990173086508514, 0.39701302306125286]}