{"enet": [{"auroc": [0.520884520884521, 0.5140049140049141, 0.520884520884521, 0.5140049140049141, 0.5, 0.5233415233415234, 0.520884520884521, 0.520884520884521, 0.5415233415233416, 0.48599508599508606], "acc": [0.5760869565217391, 0.5978260869565217, 0.5760869565217391, 0.5978260869565217, 0.40217391304347827, 0.5869565217391305, 0.5760869565217391, 0.5760869565217391, 0.40217391304347827, 0.5978260869565217], "aps": [0.40142515420854696, 0.40759765147230353, 0.40142515420854696, 0.40759765147230353, 0.40217391304347827, 0.40521334219795935, 0.40142515420854696, 0.40142515420854696, 0.4242321881499281, 0.3884562575524203], "f1": [0.0, 0.0, 0.0, 0.0, 0.5736434108527132, 0.09523809523809523, 0.0, 0.0, 0.5736434108527132, 0.0], "auprc": [0.3873301873843764, 0.39288819951157034, 0.3873301873843764, 0.39288819951157034, 0.7010869565217391, 0.3897129125371046, 0.3873301873843764, 0.3873301873843764, 0.6882846228075116, 0.37321185908882637]}]}