{"auroc": [0.4781326781326782, 0.5287469287469286, 0.5636363636363637, 0.5194103194103195, 0.49189189189189186, 0.5292383292383293, 0.5110565110565111, 0.5302211302211303, 0.5248157248157248, 0.5051597051597052], "acc": [0.40217391304347827, 0.40217391304347827, 0.40217391304347827, 0.40217391304347827, 0.40217391304347827, 0.40217391304347827, 0.40217391304347827, 0.40217391304347827, 0.40217391304347827, 0.40217391304347827], "aps": [0.38102209362359996, 0.40290021818840105, 0.41823075415502203, 0.4006882813664312, 0.38988955460078695, 0.4005769554393127, 0.3996920605797294, 0.41863830416592096, 0.4054537367412435, 0.3877794008883937], "f1": [0.5736434108527132, 0.5736434108527132, 0.5736434108527132, 0.5736434108527132, 0.5736434108527132, 0.5736434108527132, 0.5736434108527132, 0.5736434108527132, 0.5736434108527132, 0.5736434108527132], "auprc": [0.3683249595078607, 0.3906553075357132, 0.40577846519775923, 0.38813082891315276, 0.3757494372851752, 0.38694692693870936, 0.3870975853610876, 0.4049612128983963, 0.39187735370331594, 0.3759266225672945]}