{"enet": [{"auroc": [0.49238329238329237, 0.49238329238329237, 0.4098280098280099, 0.509090909090909, 0.5, 0.5051597051597052, 0.4098280098280099, 0.5, 0.5, 0.5], "acc": [0.40217391304347827, 0.40217391304347827, 0.5978260869565217, 0.40217391304347827, 0.5978260869565217, 0.40217391304347827, 0.5978260869565217, 0.40217391304347827, 0.5978260869565217, 0.5978260869565217], "aps": [0.38049872404580776, 0.38049872404580776, 0.3482340777468485, 0.4065934065934066, 0.40217391304347827, 0.3847942130995551, 0.3482340777468485, 0.40217391304347827, 0.40217391304347827, 0.40217391304347827], "f1": [0.5736434108527132, 0.5736434108527132, 0.0, 0.5736434108527132, 0.0, 0.5736434108527132, 0.0, 0.5736434108527132, 0.0, 0.0], "auprc": [0.36440420424537084, 0.36440420424537084, 0.3349144990470058, 0.7032967032967032, 0.7010869565217391, 0.37100832230565944, 0.3349144990470058, 0.7010869565217391, 0.7010869565217391, 0.7010869565217391]}]}