{"enet": [{"auroc": [0.5631449631449632, 0.5, 0.5, 0.5, 0.5, 0.5, 0.5, 0.5, 0.5346437346437347, 0.5], "acc": [0.5978260869565217, 0.5978260869565217, 0.5978260869565217, 0.5978260869565217, 0.5978260869565217, 0.5978260869565217, 0.5978260869565217, 0.5978260869565217, 0.5869565217391305, 0.5978260869565217], "aps": [0.47422873527441123, 0.40217391304347827, 0.40217391304347827, 0.40217391304347827, 0.40217391304347827, 0.40217391304347827, 0.40217391304347827, 0.40217391304347827, 0.44448570336893584, 0.40217391304347827], "f1": [0.0, 0.0, 0.0, 0.0, 0.0, 0.0, 0.0, 0.0, 0.20833333333333334, 0.0], "auprc": [0.45606739963033655, 0.7010869565217391, 0.7010869565217391, 0.7010869565217391, 0.7010869565217391, 0.7010869565217391, 0.7010869565217391, 0.7010869565217391, 0.4329392335747394, 0.7010869565217391]}]}