{"enet": [{"auroc": [0.48550368550368556, 0.48550368550368556, 0.48550368550368556, 0.48550368550368556, 0.4196560196560197, 0.4923832923832924, 0.4196560196560197, 0.4196560196560197, 0.5, 0.48550368550368556], "acc": [0.40217391304347827, 0.40217391304347827, 0.40217391304347827, 0.40217391304347827, 0.5978260869565217, 0.40217391304347827, 0.5978260869565217, 0.5978260869565217, 0.5978260869565217, 0.40217391304347827], "aps": [0.3866956325059637, 0.3866956325059637, 0.3866956325059637, 0.3866956325059637, 0.3599241770184586, 0.3971329047616586, 0.3599241770184586, 0.3599241770184586, 0.40217391304347827, 0.3866956325059637], "f1": [0.5736434108527132, 0.5736434108527132, 0.5736434108527132, 0.5736434108527132, 0.0, 0.5736434108527132, 0.0, 0.0, 0.0, 0.5736434108527132], "auprc": [0.37313559454394596, 0.37313559454394596, 0.37313559454394596, 0.37313559454394596, 0.3429370251623692, 0.3816478534183714, 0.3429370251623692, 0.3429370251623692, 0.7010869565217391, 0.37313559454394596]}]}