{"auroc": [0.5464373464373464, 0.5213759213759214, 0.5341523341523342, 0.5120393120393121, 0.5356265356265357, 0.5375921375921375, 0.5395577395577396, 0.5356265356265357, 0.5415233415233415, 0.5410319410319411], "acc": [0.40217391304347827, 0.40217391304347827, 0.40217391304347827, 0.40217391304347827, 0.40217391304347827, 0.40217391304347827, 0.40217391304347827, 0.40217391304347827, 0.40217391304347827, 0.40217391304347827], "aps": [0.4106570231948756, 0.4028522467142664, 0.40576106620467345, 0.397524377789231, 0.4067384056860413, 0.40574325179798043, 0.4055378838198135, 0.40904525269963665, 0.40651599381242237, 0.40649692813706706], "f1": [0.5736434108527132, 0.5736434108527132, 0.5736434108527132, 0.5736434108527132, 0.5736434108527132, 0.5736434108527132, 0.5736434108527132, 0.5736434108527132, 0.5736434108527132, 0.5736434108527132], "auprc": [0.39804288867134113, 0.3902914095891478, 0.39318710551942837, 0.3850180456179777, 0.3941605305406122, 0.39315212747303024, 0.3930838517786641, 0.3964307331141647, 0.39403487957721384, 0.3940090255901499]}