{"auroc": [0.4525798525798526, 0.5906633906633907, 0.5184275184275184, 0.5267813267813268, 0.5439803439803441, 0.4776412776412777, 0.5174447174447174, 0.5528255528255528, 0.5302211302211303, 0.4285012285012285], "acc": [0.40217391304347827, 0.40217391304347827, 0.40217391304347827, 0.40217391304347827, 0.5543478260869565, 0.41304347826086957, 0.40217391304347827, 0.40217391304347827, 0.40217391304347827, 0.40217391304347827], "aps": [0.37151463628037323, 0.4352549096519295, 0.399272875881449, 0.410746259276879, 0.43250662373404014, 0.39287116770373415, 0.3989695260164587, 0.420630858149708, 0.4076538438416276, 0.35183639674156025], "f1": [0.5736434108527132, 0.5736434108527132, 0.5736434108527132, 0.5736434108527132, 0.12765957446808512, 0.578125, 0.5736434108527132, 0.5736434108527132, 0.5736434108527132, 0.5736434108527132], "auprc": [0.35729091955212855, 0.42211947706186304, 0.3866479007725528, 0.39706472703947693, 0.4142065825140336, 0.37522677289686457, 0.3860162547960932, 0.4072428747146191, 0.3941577123133501, 0.3398134961830457]}