{"enet": [{"auroc": [0.49385749385749383, 0.5, 0.5, 0.5, 0.5, 0.4938574938574939, 0.5, 0.5, 0.5, 0.5], "acc": [0.40217391304347827, 0.40217391304347827, 0.40217391304347827, 0.40217391304347827, 0.40217391304347827, 0.40217391304347827, 0.40217391304347827, 0.40217391304347827, 0.40217391304347827, 0.40217391304347827], "aps": [0.4019344291760151, 0.40217391304347827, 0.40217391304347827, 0.40217391304347827, 0.40217391304347827, 0.38853023992851554, 0.40217391304347827, 0.40217391304347827, 0.40217391304347827, 0.40217391304347827], "f1": [0.5736434108527132, 0.5736434108527132, 0.5736434108527132, 0.5736434108527132, 0.5736434108527132, 0.5736434108527132, 0.5736434108527132, 0.5736434108527132, 0.5736434108527132, 0.5736434108527132], "auprc": [0.3852594159169543, 0.7010869565217391, 0.7010869565217391, 0.7010869565217391, 0.7010869565217391, 0.3765862807698756, 0.7010869565217391, 0.7010869565217391, 0.7010869565217391, 0.7010869565217391]}]}