{"enet": [{"auroc": [0.5041769041769042, 0.5, 0.45896805896805903, 0.45896805896805903, 0.5, 0.4447174447174448, 0.5041769041769042, 0.4447174447174448, 0.45896805896805903, 0.5434889434889436], "acc": [0.40217391304347827, 0.5978260869565217, 0.5869565217391305, 0.5869565217391305, 0.5978260869565217, 0.42391304347826086, 0.40217391304347827, 0.42391304347826086, 0.5869565217391305, 0.45652173913043476], "aps": [0.3985485094405559, 0.40217391304347827, 0.37065198114801945, 0.37065198114801945, 0.40217391304347827, 0.3637521716571218, 0.3985485094405559, 0.3637521716571218, 0.37065198114801945, 0.4248843588047922], "f1": [0.5736434108527132, 0.0, 0.0, 0.0, 0.0, 0.4752475247524753, 0.5736434108527132, 0.4752475247524753, 0.0, 0.596774193548387], "auprc": [0.3844030221206237, 0.7010869565217391, 0.3558599052785081, 0.3558599052785081, 0.7010869565217391, 0.34910535329751347, 0.3844030221206237, 0.34910535329751347, 0.3558599052785081, 0.688795185395165]}]}