{"enet": [{"auroc": [0.5366093366093366, 0.4437346437346438, 0.5, 0.5, 0.5326781326781327, 0.5331695331695332, 0.5331695331695332, 0.5395577395577396, 0.5223587223587224, 0.5223587223587224], "acc": [0.40217391304347827, 0.40217391304347827, 0.5978260869565217, 0.5978260869565217, 0.5978260869565217, 0.5978260869565217, 0.5978260869565217, 0.5978260869565217, 0.5978260869565217, 0.5978260869565217], "aps": [0.4048352874246275, 0.3812241752615075, 0.40217391304347827, 0.40217391304347827, 0.4040092056958738, 0.4059855198095918, 0.4059855198095918, 0.4064586392097045, 0.4043087911011709, 0.4043087911011709], "f1": [0.5736434108527132, 0.5736434108527132, 0.0, 0.0, 0.0, 0.0, 0.0, 0.0, 0.0, 0.0], "auprc": [0.39214477660914815, 0.3709783032280236, 0.7010869565217391, 0.7010869565217391, 0.39050455504463877, 0.3913162450351075, 0.3913162450351075, 0.3933890425863016, 0.3893485815108891, 0.3893485815108891]}]}