{"auroc": [0.5036855036855037, 0.5434889434889435, 0.5135135135135135, 0.4746928746928748, 0.4171990171990172, 0.5243243243243243, 0.4968058968058969, 0.5395577395577396, 0.5029484029484029, 0.4791154791154792], "acc": [0.5978260869565217, 0.40217391304347827, 0.40217391304347827, 0.40217391304347827, 0.5978260869565217, 0.40217391304347827, 0.40217391304347827, 0.40217391304347827, 0.40217391304347827, 0.40217391304347827], "aps": [0.3959299743470025, 0.41505250583164266, 0.39543642016264885, 0.37951361881059087, 0.40364638697731653, 0.43622982640042546, 0.39979909623028476, 0.4319147292183397, 0.399863328376471, 0.37511268022785615], "f1": [0.0, 0.5736434108527132, 0.5736434108527132, 0.5736434108527132, 0.0, 0.5736434108527132, 0.5736434108527132, 0.5736434108527132, 0.5736434108527132, 0.5736434108527132], "auprc": [0.382469820608444, 0.4003667419644656, 0.3819605656592396, 0.3673063037367029, 0.39474970011599453, 0.42467867624799, 0.38234091302190304, 0.42137428124842113, 0.3870901606872647, 0.36267999758888325]}