{"enet": [{"auroc": [0.5341523341523342, 0.5336609336609337, 0.5, 0.44815724815724817, 0.460933660933661, 0.4461916461916462, 0.42113022113022114, 0.460933660933661, 0.44815724815724817, 0.44815724815724817], "acc": [0.40217391304347827, 0.40217391304347827, 0.40217391304347827, 0.5978260869565217, 0.5978260869565217, 0.5978260869565217, 0.44565217391304346, 0.5978260869565217, 0.5978260869565217, 0.5978260869565217], "aps": [0.4029676334024282, 0.40269871508684063, 0.40217391304347827, 0.38257755244165575, 0.38441742984086147, 0.36863796038495544, 0.37826394068601965, 0.38441742984086147, 0.38257755244165575, 0.38257755244165575], "f1": [0.5736434108527132, 0.5736434108527132, 0.5736434108527132, 0.0, 0.0, 0.0, 0.578512396694215, 0.0, 0.0, 0.0], "auprc": [0.3902850041531646, 0.390060844968764, 0.7010869565217391, 0.3724350682518604, 0.3668019222423819, 0.3517215100919409, 0.3678880475842845, 0.3668019222423819, 0.3724350682518604, 0.3724350682518604]}]}