{"enet": [{"auroc": [0.5444717444717444, 0.4491400491400492, 0.5, 0.5444717444717445, 0.5444717444717444, 0.5444717444717444, 0.5444717444717444, 0.5444717444717444, 0.5444717444717444, 0.5], "acc": [0.5978260869565217, 0.5978260869565217, 0.5978260869565217, 0.5978260869565217, 0.5978260869565217, 0.5978260869565217, 0.5978260869565217, 0.5978260869565217, 0.5978260869565217, 0.40217391304347827], "aps": [0.48330515786656025, 0.3951199039675397, 0.40217391304347827, 0.47308804079647265, 0.48330515786656025, 0.48330515786656025, 0.48330515786656025, 0.48330515786656025, 0.48330515786656025, 0.40217391304347827], "f1": [0.0, 0.0, 0.0, 0.0, 0.0, 0.0, 0.0, 0.0, 0.0, 0.5736434108527132], "auprc": [0.4738822521588687, 0.3773124805576069, 0.7010869565217391, 0.4612007031912668, 0.4738822521588687, 0.4738822521588687, 0.4738822521588687, 0.4738822521588687, 0.4738822521588687, 0.7010869565217391]}]}