{"auroc": [0.4683046683046683, 0.5233415233415234, 0.5832923832923833, 0.5130221130221131, 0.5314496314496314, 0.47125307125307125, 0.48648648648648657, 0.520884520884521, 0.5257985257985258, 0.4643734643734644], "acc": [0.40217391304347827, 0.40217391304347827, 0.40217391304347827, 0.40217391304347827, 0.40217391304347827, 0.40217391304347827, 0.5978260869565217, 0.40217391304347827, 0.40217391304347827, 0.40217391304347827], "aps": [0.37049903497437775, 0.40003166382991057, 0.4317079722749061, 0.392877247679793, 0.40130213547702454, 0.39192444382070724, 0.3825941463697694, 0.40040998183392873, 0.3983994289899062, 0.37123915021976206], "f1": [0.5736434108527132, 0.5736434108527132, 0.5736434108527132, 0.5736434108527132, 0.5736434108527132, 0.5736434108527132, 0.0, 0.5736434108527132, 0.5736434108527132, 0.5736434108527132], "auprc": [0.3593391768473695, 0.38763283864391207, 0.4198807454026126, 0.38079511789906484, 0.38921293390109724, 0.3772659384555522, 0.37020635281932496, 0.3877235261318688, 0.38676124353891955, 0.35986918565336223]}