{"enet": [{"auroc": [0.5572481572481572, 0.5572481572481572, 0.5213759213759215, 0.5, 0.5, 0.548894348894349, 0.5, 0.5, 0.5572481572481572, 0.5425061425061426], "acc": [0.5978260869565217, 0.5978260869565217, 0.5978260869565217, 0.5978260869565217, 0.5978260869565217, 0.5978260869565217, 0.5978260869565217, 0.5978260869565217, 0.5978260869565217, 0.5978260869565217], "aps": [0.49064655751223096, 0.49064655751223096, 0.4499620283958518, 0.40217391304347827, 0.40217391304347827, 0.47980059335233255, 0.40217391304347827, 0.40217391304347827, 0.49064655751223096, 0.4528078815768909], "f1": [0.0, 0.0, 0.0, 0.0, 0.0, 0.0, 0.0, 0.0, 0.0, 0.0], "auprc": [0.48095114188670657, 0.48095114188670657, 0.44063421836172373, 0.7010869565217391, 0.7010869565217391, 0.4681533698143245, 0.7010869565217391, 0.7010869565217391, 0.48095114188670657, 0.4410611493612459]}]}