{"auroc": [0.5675675675675677, 0.5316953316953317, 0.5547911547911548, 0.5557739557739557, 0.5287469287469287, 0.5464373464373464, 0.5690417690417691, 0.5503685503685504, 0.5518427518427518, 0.5361179361179361], "acc": [0.40217391304347827, 0.40217391304347827, 0.40217391304347827, 0.40217391304347827, 0.40217391304347827, 0.40217391304347827, 0.40217391304347827, 0.40217391304347827, 0.40217391304347827, 0.40217391304347827], "aps": [0.427998004989928, 0.4037311372384522, 0.41355015933752226, 0.4181285275745614, 0.40846466103110773, 0.41274698230718854, 0.42507896587779215, 0.41446276201912313, 0.42856990420159025, 0.4086837370416013], "f1": [0.5736434108527132, 0.5736434108527132, 0.5736434108527132, 0.5736434108527132, 0.5736434108527132, 0.5736434108527132, 0.5736434108527132, 0.5736434108527132, 0.5736434108527132, 0.5736434108527132], "auprc": [0.4157947233771528, 0.3898793273587303, 0.4008471862135009, 0.40577181663825795, 0.3951975282874081, 0.4000050038855179, 0.41273937171755304, 0.40165716588511413, 0.41487171266798073, 0.39587042993957533]}