{"enet": [{"auroc": [0.4383292383292383, 0.4633906633906634, 0.4334152334152335, 0.43341523341523347, 0.4442260442260443, 0.4633906633906634, 0.4358722358722359, 0.4358722358722359, 0.4383292383292383, 0.42997542997543003], "acc": [0.5978260869565217, 0.5978260869565217, 0.5978260869565217, 0.5978260869565217, 0.5978260869565217, 0.5978260869565217, 0.5978260869565217, 0.5978260869565217, 0.5978260869565217, 0.5978260869565217], "aps": [0.42011903103577, 0.40564797868812297, 0.40105400422535703, 0.3550381957322577, 0.36248629681390243, 0.40564797868812297, 0.3604775239983935, 0.3604775239983935, 0.42011903103577, 0.3544112399753751], "f1": [0.0, 0.0, 0.0, 0.0, 0.0, 0.0, 0.0, 0.0, 0.0, 0.0], "auprc": [0.40843757149171966, 0.39459241326232297, 0.38964234038606715, 0.34320079660967934, 0.3515898335943788, 0.39459241326232297, 0.3467358688011675, 0.3467358688011675, 0.40843757149171966, 0.3424831524943416]}]}