{"auroc": [0.606879606879607, 0.5582309582309583, 0.6181818181818183, 0.6, 0.5793611793611794, 0.544963144963145, 0.6122850122850123, 0.6196560196560197, 0.6093366093366093, 0.485995085995086], "acc": [0.40217391304347827, 0.40217391304347827, 0.5978260869565217, 0.40217391304347827, 0.5978260869565217, 0.40217391304347827, 0.5978260869565217, 0.42391304347826086, 0.5869565217391305, 0.5978260869565217], "aps": [0.49232860451905974, 0.4215460684965181, 0.5014912449315296, 0.5473295682299946, 0.5288484147719492, 0.42547163446120273, 0.5551747086866297, 0.4981775445851624, 0.5326501863888977, 0.4200557926959128], "f1": [0.5736434108527132, 0.5736434108527132, 0.0, 0.5736434108527132, 0.0, 0.5736434108527132, 0.0, 0.5826771653543308, 0.13636363636363638, 0.0], "auprc": [0.4778306499764972, 0.4066743077429892, 0.48498247133212186, 0.5392823700819036, 0.5183857368464859, 0.4115643446493619, 0.5470049512383179, 0.47945766778552895, 0.5242484007708061, 0.4085269887323494]}