{"auroc": [0.548894348894349, 0.5670761670761671, 0.5041769041769042, 0.5724815724815725, 0.4835380835380836, 0.5203931203931205, 0.428009828009828, 0.5454545454545455, 0.5685503685503686, 0.5572481572481572], "acc": [0.40217391304347827, 0.40217391304347827, 0.40217391304347827, 0.40217391304347827, 0.40217391304347827, 0.40217391304347827, 0.40217391304347827, 0.40217391304347827, 0.5543478260869565, 0.40217391304347827], "aps": [0.428095103691289, 0.44999535769389987, 0.3988884267830225, 0.4353888586382744, 0.39573012226993337, 0.4327556316528721, 0.35653671353976724, 0.4391960652745883, 0.4262673148150162, 0.5300210870438895], "f1": [0.5736434108527132, 0.5736434108527132, 0.5736434108527132, 0.5736434108527132, 0.5736434108527132, 0.5736434108527132, 0.5736434108527132, 0.5736434108527132, 0.0, 0.5736434108527132], "auprc": [0.4099793006396481, 0.43183166769644227, 0.3819714532378126, 0.41982412659099766, 0.3800294843632149, 0.4141925681843966, 0.34399542834459984, 0.4208209810908162, 0.413472996073102, 0.5229629868218684]}