{"auroc": [0.5243243243243244, 0.5936117936117936, 0.5896805896805897, 0.5656019656019656, 0.5380835380835381, 0.5577395577395577, 0.47076167076167086, 0.5400491400491401, 0.5321867321867322, 0.5110565110565112], "acc": [0.40217391304347827, 0.40217391304347827, 0.40217391304347827, 0.41304347826086957, 0.40217391304347827, 0.40217391304347827, 0.40217391304347827, 0.40217391304347827, 0.40217391304347827, 0.40217391304347827], "aps": [0.43160523509898086, 0.48393786043765974, 0.44971212094550883, 0.5279809680410099, 0.40660136459415647, 0.4614796778838654, 0.37649158541919725, 0.4342306194683654, 0.4118513409390151, 0.4563891314642735], "f1": [0.5736434108527132, 0.5736434108527132, 0.5736434108527132, 0.578125, 0.5736434108527132, 0.5736434108527132, 0.5736434108527132, 0.5736434108527132, 0.5736434108527132, 0.5736434108527132], "auprc": [0.41319334512270756, 0.4653071983622471, 0.4353996296464788, 0.5209002544178971, 0.394239889311953, 0.44968492340070576, 0.364354448279973, 0.4192332580218455, 0.3989731777021145, 0.4379646094880587]}