{"auroc": [0.547911547911548, 0.5307125307125308, 0.5248157248157248, 0.516953316953317, 0.542997542997543, 0.5292383292383293, 0.5498771498771499, 0.5400491400491401, 0.5336609336609337, 0.5366093366093366], "acc": [0.40217391304347827, 0.40217391304347827, 0.40217391304347827, 0.40217391304347827, 0.40217391304347827, 0.40217391304347827, 0.40217391304347827, 0.40217391304347827, 0.40217391304347827, 0.40217391304347827], "aps": [0.41586253858626443, 0.40304597170149914, 0.3980130045099282, 0.401303792603653, 0.41082391828542353, 0.40388653725460444, 0.41378883090463775, 0.40801098074616304, 0.404764510452368, 0.41099476131590507], "f1": [0.5736434108527132, 0.5736434108527132, 0.5736434108527132, 0.5736434108527132, 0.5736434108527132, 0.5736434108527132, 0.5736434108527132, 0.5736434108527132, 0.5736434108527132, 0.5736434108527132], "auprc": [0.40334309263422885, 0.39036039980838194, 0.3852883387174562, 0.3864960875284625, 0.39821196839975176, 0.3916358337270878, 0.40176308204792, 0.39543255267998223, 0.39186241139638206, 0.397449248289411]}