{"enet": [{"auroc": [0.5277641277641277, 0.5, 0.5277641277641277, 0.4471744471744472, 0.48796068796068803, 0.5326781326781327, 0.5, 0.5547911547911548, 0.5213759213759214, 0.5036855036855037], "acc": [0.5652173913043478, 0.40217391304347827, 0.5652173913043478, 0.5978260869565217, 0.5978260869565217, 0.5978260869565217, 0.40217391304347827, 0.5978260869565217, 0.5978260869565217, 0.5978260869565217], "aps": [0.4080308173192585, 0.40217391304347827, 0.4080308173192585, 0.4359091558125356, 0.443459776861945, 0.44601844120598033, 0.40217391304347827, 0.41976599277883153, 0.4360049109687987, 0.4029540142726266], "f1": [0.13043478260869568, 0.5736434108527132, 0.13043478260869568, 0.0, 0.0, 0.0, 0.5736434108527132, 0.0, 0.0, 0.0], "auprc": [0.3939602258875261, 0.7010869565217391, 0.3939602258875261, 0.42719869916268793, 0.4318774660774204, 0.42735891600761045, 0.7010869565217391, 0.40761920579417943, 0.42480874948061503, 0.3870772107518397]}]}