{"enet": [{"auroc": [0.4732186732186732, 0.4855036855036855, 0.5, 0.5, 0.5130221130221131, 0.5, 0.5, 0.5, 0.5, 0.5130221130221131], "acc": [0.40217391304347827, 0.5869565217391305, 0.5978260869565217, 0.5978260869565217, 0.40217391304347827, 0.5978260869565217, 0.5978260869565217, 0.5978260869565217, 0.5978260869565217, 0.40217391304347827], "aps": [0.37476591734917847, 0.39372839620270705, 0.40217391304347827, 0.40217391304347827, 0.4089039632517894, 0.40217391304347827, 0.40217391304347827, 0.40217391304347827, 0.40217391304347827, 0.4089039632517894], "f1": [0.5736434108527132, 0.0, 0.0, 0.0, 0.5736434108527132, 0.0, 0.0, 0.0, 0.0, 0.5736434108527132], "auprc": [0.36171454522531793, 0.37849499981869583, 0.7010869565217391, 0.7010869565217391, 0.6962844734583865, 0.7010869565217391, 0.7010869565217391, 0.7010869565217391, 0.7010869565217391, 0.6962844734583865]}]}