{"enet": [{"auroc": [0.4968058968058968, 0.43194103194103206, 0.5, 0.4442260442260443, 0.5, 0.5, 0.4417690417690418, 0.4417690417690418, 0.4442260442260443, 0.44766584766584766], "acc": [0.40217391304347827, 0.5978260869565217, 0.40217391304347827, 0.5978260869565217, 0.40217391304347827, 0.40217391304347827, 0.5978260869565217, 0.5978260869565217, 0.5978260869565217, 0.5978260869565217], "aps": [0.38794439690618243, 0.3735807924903182, 0.40217391304347827, 0.36735350464681693, 0.40217391304347827, 0.40217391304347827, 0.36603689410420015, 0.36603689410420015, 0.36735350464681693, 0.36573982676036654], "f1": [0.5736434108527132, 0.0, 0.5736434108527132, 0.0, 0.5736434108527132, 0.5736434108527132, 0.0, 0.0, 0.0, 0.0], "auprc": [0.3751631376608145, 0.3637249336404603, 0.7010869565217391, 0.3504603308214964, 0.7010869565217391, 0.7010869565217391, 0.3491865420367154, 0.3491865420367154, 0.3504603308214964, 0.3508862517150387]}]}