{"enet": [{"auroc": [0.5115479115479116, 0.5061425061425062, 0.5061425061425062, 0.5076167076167077, 0.5115479115479116, 0.5056511056511057, 0.5174447174447174, 0.5051597051597052, 0.5061425061425062, 0.5115479115479116], "acc": [0.40217391304347827, 0.5978260869565217, 0.5978260869565217, 0.5978260869565217, 0.40217391304347827, 0.5978260869565217, 0.40217391304347827, 0.5978260869565217, 0.5978260869565217, 0.40217391304347827], "aps": [0.43637544038332954, 0.40983989593809445, 0.40983989593809445, 0.41266595614689716, 0.4183821674148174, 0.41097648084166766, 0.4208071979136962, 0.41301337004633587, 0.40983989593809445, 0.4183821674148174], "f1": [0.5736434108527132, 0.0, 0.0, 0.0, 0.5736434108527132, 0.0, 0.5736434108527132, 0.0, 0.0, 0.5736434108527132], "auprc": [0.42733232591646036, 0.39202320458988726, 0.39202320458988726, 0.3946287521000499, 0.4003621849625256, 0.3930124664669837, 0.4028449374853203, 0.3949697643462717, 0.39202320458988726, 0.4003621849625256]}]}