{"auroc": [0.5, 0.4642857142857143, 0.4821428571428571, 0.375, 0.5892857142857143, 0.6071428571428571, 0.5178571428571428, 0.5892857142857143, 0.5357142857142857, 0.5714285714285714], "acc": [0.5333333333333333, 0.5333333333333333, 0.5333333333333333, 0.5333333333333333, 0.5333333333333333, 0.5333333333333333, 0.5333333333333333, 0.5333333333333333, 0.5333333333333333, 0.5333333333333333], "aps": [0.622932622932623, 0.6079666365380652, 0.5587301587301587, 0.5121315192743765, 0.6525775811490095, 0.6453823953823954, 0.5951857666143381, 0.6510513296227582, 0.6505970220255934, 0.5474446188731903], "f1": [0.0, 0.0, 0.0, 0.0, 0.0, 0.0, 0.0, 0.0, 0.0, 0.0], "auprc": [0.6009809634809635, 0.586381277452706, 0.5247861265718408, 0.4800055103626532, 0.6307105592819878, 0.6124609517466659, 0.5611416361416361, 0.6292259327973614, 0.6285298035298035, 0.477618413332699]}