{"auroc": [0.5535714285714286, 0.6785714285714285, 0.5714285714285714, 0.5535714285714286, 0.4821428571428571, 0.625, 0.6428571428571428, 0.6428571428571428, 0.5892857142857142, 0.625], "acc": [0.5333333333333333, 0.5333333333333333, 0.5333333333333333, 0.5333333333333333, 0.5333333333333333, 0.5333333333333333, 0.5333333333333333, 0.6666666666666666, 0.5333333333333333, 0.5333333333333333], "aps": [0.5848595848595848, 0.6824786324786325, 0.6031746031746033, 0.603030303030303, 0.5492063492063493, 0.7244897959183674, 0.6685374149659864, 0.6984126984126984, 0.6198721913007628, 0.6555864770150484], "f1": [0.0, 0.0, 0.0, 0.0, 0.0, 0.0, 0.0, 0.4444444444444445, 0.0, 0.0], "auprc": [0.5507476650333794, 0.6499694749694749, 0.5691609977324263, 0.5693306693306693, 0.5164266289266289, 0.7094254951397807, 0.6358560090702947, 0.6766439909297053, 0.5857602714745571, 0.622665033379319]}