{"enet": [{"auroc": [0.5357142857142857, 0.5, 0.5, 0.5, 0.5, 0.5, 0.3214285714285714, 0.5, 0.5, 0.5], "acc": [0.5333333333333333, 0.5333333333333333, 0.5333333333333333, 0.5333333333333333, 0.5333333333333333, 0.5333333333333333, 0.5333333333333333, 0.5333333333333333, 0.5333333333333333, 0.5333333333333333], "aps": [0.6611721611721613, 0.4666666666666667, 0.4666666666666667, 0.4666666666666667, 0.4666666666666667, 0.4666666666666667, 0.48806431663574523, 0.4666666666666667, 0.4666666666666667, 0.4666666666666667], "f1": [0.0, 0.0, 0.0, 0.0, 0.0, 0.0, 0.22222222222222224, 0.0, 0.0, 0.0], "auprc": [0.6403774796631939, 0.7333333333333334, 0.7333333333333334, 0.7333333333333334, 0.7333333333333334, 0.7333333333333334, 0.4580693116407402, 0.7333333333333334, 0.7333333333333334, 0.7333333333333334]}]}