{"auroc": [0.4464285714285714, 0.33928571428571425, 0.42857142857142855, 0.3571428571428571, 0.4464285714285714, 0.5, 0.4642857142857143, 0.5357142857142857, 0.4642857142857143, 0.4107142857142857], "acc": [0.5333333333333333, 0.5333333333333333, 0.5333333333333333, 0.5333333333333333, 0.5333333333333333, 0.5333333333333333, 0.5333333333333333, 0.5333333333333333, 0.5333333333333333, 0.5333333333333333], "aps": [0.49212454212454215, 0.45902668759811616, 0.5542647828362115, 0.44474097331240187, 0.4976190476190475, 0.5035714285714286, 0.4928262213976499, 0.5357452071737786, 0.48344671201814055, 0.5463282748997034], "f1": [0.0, 0.0, 0.0, 0.0, 0.0, 0.0, 0.0, 0.0, 0.0, 0.0], "auprc": [0.4225465011179297, 0.3904119689833976, 0.5205913134484563, 0.38759811616954476, 0.4281064173921317, 0.4459249084249084, 0.4354502640216926, 0.4659451659451659, 0.4256584685156114, 0.5127965288679575]}