{"auroc": [0.7142857142857143, 0.6071428571428571, 0.5535714285714286, 0.7321428571428571, 0.7857142857142858, 0.625, 0.6785714285714286, 0.6964285714285714, 0.4464285714285714, 0.5], "acc": [0.6, 0.5333333333333333, 0.5333333333333333, 0.5333333333333333, 0.5333333333333333, 0.5333333333333333, 0.5333333333333333, 0.6, 0.5333333333333333, 0.5333333333333333], "aps": [0.7328231292517007, 0.6484126984126983, 0.623015873015873, 0.7972789115646257, 0.7626373626373626, 0.676984126984127, 0.6782312925170066, 0.7537724180581322, 0.5066457352171637, 0.5561438561438561], "f1": [0.25, 0.0, 0.0, 0.0, 0.0, 0.0, 0.0, 0.25, 0.0, 0.0], "auprc": [0.7120619459905173, 0.6155895691609976, 0.5902361527361527, 0.7844104308390023, 0.7335295656724228, 0.6456194599051741, 0.6450985522414094, 0.7348794063079775, 0.43759811616954475, 0.5232945625802768]}