{"auroc": [0.6428571428571428, 0.625, 0.5892857142857143, 0.5357142857142857, 0.75, 0.6785714285714285, 0.75, 0.6607142857142857, 0.5892857142857143, 0.5178571428571428], "acc": [0.5333333333333333, 0.5333333333333333, 0.5333333333333333, 0.5333333333333333, 0.5333333333333333, 0.5333333333333333, 0.5333333333333333, 0.5333333333333333, 0.4666666666666667, 0.5333333333333333], "aps": [0.7007936507936507, 0.6764128728414442, 0.6155071119356834, 0.5746031746031746, 0.7412087912087912, 0.6824786324786325, 0.7273809523809522, 0.657365253793825, 0.6697889412175126, 0.586765615337044], "f1": [0.0, 0.0, 0.0, 0.0, 0.0, 0.0, 0.0, 0.0, 0.6363636363636364, 0.0], "auprc": [0.6798491191348335, 0.6543474382760097, 0.5815630797773654, 0.5417800453514738, 0.7114774114774114, 0.6499694749694749, 0.6964440321583178, 0.6234672073957788, 0.6476234083376939, 0.5530199958771387]}