{"enet": [{"auroc": [0.4821428571428571, 0.5, 0.5, 0.5, 0.5, 0.5, 0.5, 0.5, 0.5, 0.5], "acc": [0.5333333333333333, 0.5333333333333333, 0.5333333333333333, 0.5333333333333333, 0.5333333333333333, 0.5333333333333333, 0.5333333333333333, 0.5333333333333333, 0.5333333333333333, 0.5333333333333333], "aps": [0.6115689865689866, 0.4666666666666667, 0.4666666666666667, 0.4666666666666667, 0.4666666666666667, 0.4666666666666667, 0.4666666666666667, 0.4666666666666667, 0.4666666666666667, 0.4666666666666667], "f1": [0.0, 0.0, 0.0, 0.0, 0.0, 0.0, 0.0, 0.0, 0.0, 0.0], "auprc": [0.590310483167626, 0.7333333333333334, 0.7333333333333334, 0.7333333333333334, 0.7333333333333334, 0.7333333333333334, 0.7333333333333334, 0.7333333333333334, 0.7333333333333334, 0.7333333333333334]}]}