{"enet": [{"auroc": [0.5714285714285714, 0.4642857142857143, 0.4642857142857143, 0.5, 0.5, 0.5, 0.3392857142857143, 0.5, 0.5, 0.3214285714285714], "acc": [0.5333333333333333, 0.5333333333333333, 0.5333333333333333, 0.5333333333333333, 0.5333333333333333, 0.5333333333333333, 0.5333333333333333, 0.5333333333333333, 0.5333333333333333, 0.5333333333333333], "aps": [0.6285103785103785, 0.563949938949939, 0.563949938949939, 0.4666666666666667, 0.4666666666666667, 0.4666666666666667, 0.4023853130995988, 0.4666666666666667, 0.4666666666666667, 0.3942434549577407], "f1": [0.0, 0.0, 0.0, 0.0, 0.0, 0.0, 0.0, 0.0, 0.0, 0.0], "auprc": [0.5957306582306582, 0.5307866736438165, 0.5307866736438165, 0.7333333333333334, 0.7333333333333334, 0.7333333333333334, 0.3547662654805512, 0.7333333333333334, 0.7333333333333334, 0.35022636094064663]}]}