{"enet": [{"auroc": [0.6428571428571428, 0.6785714285714286, 0.5357142857142857, 0.6428571428571428, 0.5357142857142857, 0.6428571428571428, 0.4910714285714286, 0.6428571428571428, 0.5714285714285714, 0.4910714285714286], "acc": [0.5333333333333333, 0.5333333333333333, 0.6, 0.5333333333333333, 0.6, 0.5333333333333333, 0.5333333333333333, 0.5333333333333333, 0.5333333333333333, 0.5333333333333333], "aps": [0.6233353947639662, 0.5804421768707482, 0.5460317460317461, 0.6233353947639662, 0.5460317460317461, 0.6233353947639662, 0.4975357975357975, 0.6233353947639662, 0.5389198103483818, 0.4975357975357975], "f1": [0.0, 0.0, 0.4, 0.0, 0.4, 0.0, 0.36363636363636365, 0.0, 0.0, 0.36363636363636365], "auprc": [0.5894454751597609, 0.5113945578231293, 0.5757060399917543, 0.5894454751597609, 0.5757060399917543, 0.5894454751597609, 0.5492519385376529, 0.5894454751597609, 0.4690936048078905, 0.5492519385376529]}]}