{"auroc": [0.4107142857142857, 0.42857142857142855, 0.49999999999999994, 0.4821428571428571, 0.4821428571428571, 0.39285714285714285, 0.46428571428571425, 0.4821428571428571, 0.375, 0.5535714285714285], "acc": [0.5333333333333333, 0.5333333333333333, 0.5333333333333333, 0.5333333333333333, 0.5333333333333333, 0.5333333333333333, 0.5333333333333333, 0.5333333333333333, 0.5333333333333333, 0.5333333333333333], "aps": [0.4500876108018965, 0.4649350649350649, 0.494186765615337, 0.5744588744588746, 0.4842712842712843, 0.42874585731728587, 0.4740672026386312, 0.47474747474747475, 0.43205960705960705, 0.6126984126984127], "f1": [0.0, 0.0, 0.0, 0.0, 0.0, 0.0, 0.0, 0.0, 0.0, 0.0], "auprc": [0.384569795284081, 0.4074520717377861, 0.43633747205175777, 0.5407592407592408, 0.41577727827727823, 0.3737288505145647, 0.40591333269904695, 0.41696775446775447, 0.3753573807145236, 0.5786126571840857]}