{"auroc": [0.5714285714285714, 0.49999999999999994, 0.6071428571428571, 0.5714285714285714, 0.6071428571428571, 0.5178571428571428, 0.6785714285714286, 0.6428571428571428, 0.5892857142857143, 0.625], "acc": [0.5333333333333333, 0.5333333333333333, 0.5333333333333333, 0.5333333333333333, 0.5333333333333333, 0.5333333333333333, 0.5333333333333333, 0.5333333333333333, 0.5333333333333333, 0.5333333333333333], "aps": [0.6056998556998556, 0.56295609152752, 0.6055555555555556, 0.5872714587000301, 0.6114778079063794, 0.5006802721088435, 0.6759335902193044, 0.7154761904761904, 0.6611943611943611, 0.6131313131313132], "f1": [0.0, 0.0, 0.0, 0.0, 0.0, 0.0, 0.0, 0.0, 0.0, 0.0], "auprc": [0.5717712842712843, 0.529210472067615, 0.5715574108431252, 0.5543500150643007, 0.5775076114361828, 0.4427588284731142, 0.6427286998715569, 0.6949675324675324, 0.6391289266289266, 0.5792413935271079]}