{"auroc": [0.5357142857142857, 0.4464285714285714, 0.4107142857142857, 0.5, 0.5357142857142857, 0.4464285714285714, 0.48214285714285715, 0.48214285714285715, 0.4107142857142857, 0.5178571428571428], "acc": [0.5333333333333333, 0.5333333333333333, 0.5333333333333333, 0.5333333333333333, 0.5333333333333333, 0.5333333333333333, 0.5333333333333333, 0.5333333333333333, 0.5333333333333333, 0.5333333333333333], "aps": [0.603122274550846, 0.4722832722832723, 0.48283621140764, 0.5809523809523809, 0.6024943310657596, 0.4731903017617304, 0.48815628815628814, 0.5611721611721612, 0.4778388278388278, 0.5795093795093795], "f1": [0.0, 0.0, 0.0, 0.0, 0.0, 0.0, 0.0, 0.0, 0.0, 0.0], "auprc": [0.569078144078144, 0.41457134135705564, 0.4134484563055992, 0.5469736612593755, 0.568855747427176, 0.40496249781964067, 0.4303026338740624, 0.5271280306994592, 0.4086009228866372, 0.5455653473510615]}