{"auroc": [0.4107142857142857, 0.46428571428571425, 0.3392857142857143, 0.39285714285714285, 0.33928571428571425, 0.33928571428571425, 0.42857142857142855, 0.46428571428571425, 0.39285714285714285, 0.4107142857142857], "acc": [0.5333333333333333, 0.5333333333333333, 0.5333333333333333, 0.5333333333333333, 0.5333333333333333, 0.5333333333333333, 0.5333333333333333, 0.5333333333333333, 0.5333333333333333, 0.5333333333333333], "aps": [0.5268398268398269, 0.4756545042259328, 0.49331501831501834, 0.5127285412999698, 0.41530612244897963, 0.4914656771799629, 0.5265873015873017, 0.5642547928262214, 0.5125541125541127, 0.5206650492364778], "f1": [0.0, 0.0, 0.0, 0.0, 0.0, 0.0, 0.0, 0.0, 0.0, 0.0], "auprc": [0.4943306693306693, 0.40857555143269425, 0.4629376575805147, 0.4816193726908012, 0.36041934256219965, 0.4623840445269016, 0.4945990517419089, 0.530348223205366, 0.4812354312354312, 0.4894141572713001]}