{"auroc": [0.5, 0.6428571428571428, 0.5357142857142857, 0.4821428571428571, 0.5535714285714286, 0.5892857142857142, 0.5357142857142858, 0.5, 0.4464285714285714, 0.4821428571428571], "acc": [0.5333333333333333, 0.5333333333333333, 0.5333333333333333, 0.5333333333333333, 0.5333333333333333, 0.5333333333333333, 0.5333333333333333, 0.5333333333333333, 0.5333333333333333, 0.5333333333333333], "aps": [0.5696446410732126, 0.703205524634096, 0.5166975881261595, 0.5470830756545042, 0.5858585858585859, 0.6038548752834467, 0.5340136054421768, 0.5785190999476713, 0.5574564324564324, 0.6254578754578755], "f1": [0.0, 0.0, 0.0, 0.0, 0.0, 0.0, 0.0, 0.0, 0.0, 0.0], "auprc": [0.5356464963607821, 0.6821888429031284, 0.4468713825856683, 0.5157184085755514, 0.5517466660323803, 0.5698151055293912, 0.46418739990168556, 0.544629180343466, 0.52436531722246, 0.6038128538128538]}