{"auroc": [0.625, 0.5357142857142857, 0.6428571428571428, 0.5357142857142857, 0.75, 0.5357142857142857, 0.5357142857142857, 0.8214285714285714, 0.7857142857142858, 0.5892857142857143], "acc": [0.5333333333333333, 0.5333333333333333, 0.5333333333333333, 0.5333333333333333, 0.5333333333333333, 0.5333333333333333, 0.5333333333333333, 0.5333333333333333, 0.6, 0.5333333333333333], "aps": [0.6930014430014431, 0.6326530612244898, 0.6518707482993196, 0.5691609977324263, 0.7997431140288283, 0.5833642547928262, 0.5890855176569463, 0.8166666666666667, 0.7626373626373626, 0.6160173160173159], "f1": [0.0, 0.0, 0.0, 0.0, 0.0, 0.0, 0.0, 0.0, 0.25, 0.0], "auprc": [0.6719847612704755, 0.6107860393574679, 0.6179727019012733, 0.5366518402232687, 0.7867763189191759, 0.5492784992784993, 0.5554554572411715, 0.7995052566481138, 0.7335295656724228, 0.5822455322455322]}