{"auroc": [0.4464285714285714, 0.5535714285714285, 0.4464285714285714, 0.4642857142857143, 0.4464285714285714, 0.4821428571428571, 0.5714285714285714, 0.6071428571428571, 0.375, 0.5714285714285714], "acc": [0.5333333333333333, 0.5333333333333333, 0.5333333333333333, 0.5333333333333333, 0.5333333333333333, 0.5333333333333333, 0.5333333333333333, 0.5333333333333333, 0.5333333333333333, 0.5333333333333333], "aps": [0.47854050711193574, 0.5405071119356833, 0.47128427128427125, 0.5477934763649048, 0.48007548007548007, 0.5601731601731601, 0.5511904761904761, 0.627922077922078, 0.4695054945054945, 0.6024118738404451], "f1": [0.0, 0.0, 0.0, 0.0, 0.0, 0.0, 0.0, 0.0, 0.0, 0.0], "auprc": [0.40915275200989487, 0.47068090639519206, 0.4136028653885796, 0.5142050409907553, 0.410504773004773, 0.5261595547309833, 0.48187229437229434, 0.5938517831374974, 0.4010328956757528, 0.5682999540142397]}