{"enet": [{"auroc": [0.39285714285714285, 0.5, 0.48214285714285715, 0.5, 0.5, 0.5, 0.48214285714285715, 0.5, 0.5, 0.14285714285714285], "acc": [0.5333333333333333, 0.5333333333333333, 0.5333333333333333, 0.5333333333333333, 0.5333333333333333, 0.5333333333333333, 0.5333333333333333, 0.5333333333333333, 0.5333333333333333, 0.3333333333333333], "aps": [0.5139499389499389, 0.4666666666666667, 0.6127285412999699, 0.4666666666666667, 0.4666666666666667, 0.4666666666666667, 0.6127285412999699, 0.4666666666666667, 0.4666666666666667, 0.34248529248529247], "f1": [0.0, 0.0, 0.0, 0.0, 0.0, 0.0, 0.0, 0.0, 0.0, 0.0], "auprc": [0.48215752501466785, 0.7333333333333334, 0.5911170179027322, 0.7333333333333334, 0.7333333333333334, 0.7333333333333334, 0.5911170179027322, 0.7333333333333334, 0.7333333333333334, 0.3038209806066949]}]}