{"auroc": [0.6071428571428572, 0.4642857142857143, 0.44642857142857145, 0.23214285714285712, 0.6071428571428571, 0.4642857142857143, 0.5357142857142857, 0.6071428571428572, 0.625, 0.5714285714285714], "acc": [0.5333333333333333, 0.5333333333333333, 0.5333333333333333, 0.5333333333333333, 0.5333333333333333, 0.5333333333333333, 0.5333333333333333, 0.5333333333333333, 0.5333333333333333, 0.5333333333333333], "aps": [0.6664922379208094, 0.5278388278388279, 0.5397435897435898, 0.38240331097473956, 0.642940392940393, 0.5485260770975058, 0.6339216339216339, 0.6650492364778078, 0.679334950763522, 0.5857452071737785], "f1": [0.0, 0.0, 0.0, 0.0, 0.0, 0.0, 0.0, 0.0, 0.0, 0.0], "auprc": [0.6442850799993656, 0.45976523476523473, 0.5070441463298606, 0.3282546818261104, 0.6100189493046635, 0.5149221809936095, 0.6119283494283494, 0.6428420785563642, 0.6571277928420785, 0.5528653885796743]}