{"auroc": [0.4464285714285714, 0.5714285714285714, 0.5714285714285715, 0.2857142857142857, 0.4642857142857142, 0.42857142857142855, 0.4821428571428571, 0.4107142857142857, 0.39285714285714285, 0.4821428571428571], "acc": [0.5333333333333333, 0.5333333333333333, 0.5333333333333333, 0.5333333333333333, 0.5333333333333333, 0.5333333333333333, 0.5333333333333333, 0.5333333333333333, 0.5333333333333333, 0.5333333333333333], "aps": [0.5404452690166976, 0.6038548752834467, 0.558451072736787, 0.39073307644736216, 0.5407338693052979, 0.5327922077922078, 0.5569985569985569, 0.5182230467944754, 0.508982683982684, 0.5665223665223664], "f1": [0.0, 0.0, 0.0, 0.0, 0.0, 0.0, 0.0, 0.0, 0.0, 0.0], "auprc": [0.5070857713714856, 0.5697429554572412, 0.48959968602825743, 0.33788354502640217, 0.5083204493918779, 0.49985788021502303, 0.5231005106005107, 0.48707225314368163, 0.47842930878645157, 0.5326504844361987]}