{"enet": [{"auroc": [0.49999999999999994, 0.375, 0.4642857142857143, 0.5089285714285714, 0.5, 0.5, 0.5803571428571428, 0.5, 0.4642857142857143, 0.4642857142857143], "acc": [0.5333333333333333, 0.5333333333333333, 0.5333333333333333, 0.6, 0.5333333333333333, 0.5333333333333333, 0.6, 0.5333333333333333, 0.5333333333333333, 0.5333333333333333], "aps": [0.46839826839826837, 0.4380995988138845, 0.566841095412524, 0.5611721611721612, 0.4666666666666667, 0.4666666666666667, 0.5921245421245421, 0.4666666666666667, 0.566841095412524, 0.47142857142857136], "f1": [0.0, 0.0, 0.0, 0.4, 0.0, 0.0, 0.4, 0.0, 0.0, 0.0], "auprc": [0.41766130694702125, 0.37262340833769403, 0.5332788243502529, 0.5903774796631939, 0.7333333333333334, 0.7333333333333334, 0.5965157858015, 0.7333333333333334, 0.5332788243502529, 0.4135332921047207]}]}