{"auroc": [0.46428571428571425, 0.5535714285714286, 0.46428571428571425, 0.5892857142857142, 0.5357142857142857, 0.4107142857142857, 0.5, 0.49999999999999994, 0.4107142857142857, 0.5], "acc": [0.5333333333333333, 0.5333333333333333, 0.5333333333333333, 0.5333333333333333, 0.5333333333333333, 0.5333333333333333, 0.5333333333333333, 0.5333333333333333, 0.5333333333333333, 0.5333333333333333], "aps": [0.4740672026386312, 0.523953823953824, 0.46598639455782315, 0.5576839826839827, 0.5142857142857142, 0.43424036281179135, 0.48412698412698413, 0.488126159554731, 0.5150226757369614, 0.4936507936507936], "f1": [0.0, 0.0, 0.0, 0.0, 0.0, 0.0, 0.0, 0.0, 0.0, 0.0], "auprc": [0.40591333269904695, 0.46639868068439494, 0.40840508697651556, 0.4883658008658009, 0.4567044067044067, 0.37918173096744523, 0.4262055404912548, 0.4302308802308802, 0.48521914593343163, 0.4357555143269429]}