{"enet": [{"auroc": [0.547911547911548, 0.516953316953317, 0.547911547911548, 0.5, 0.5, 0.5, 0.5334152334152336, 0.547911547911548, 0.5410319410319411, 0.547911547911548], "acc": [0.5978260869565217, 0.5978260869565217, 0.5978260869565217, 0.5978260869565217, 0.5978260869565217, 0.5978260869565217, 0.4673913043478261, 0.5978260869565217, 0.5978260869565217, 0.5978260869565217], "aps": [0.4769369268117877, 0.4128114862144459, 0.4769369268117877, 0.40217391304347827, 0.40217391304347827, 0.40217391304347827, 0.43412455762420166, 0.4769369268117877, 0.4612356125151811, 0.4769369268117877], "f1": [0.0, 0.0, 0.0, 0.0, 0.0, 0.0, 0.5950413223140496, 0.0, 0.0, 0.0], "auprc": [0.46504512117619645, 0.4022525145622487, 0.46504512117619645, 0.7010869565217391, 0.7010869565217391, 0.7010869565217391, 0.5111258856084411, 0.46504512117619645, 0.4430508143359043, 0.46504512117619645]}]}