{"enet": [{"auroc": [0.5085995085995088, 0.5085995085995088, 0.5085995085995088, 0.5, 0.548894348894349, 0.5, 0.5105651105651106, 0.5641277641277642, 0.5277641277641278, 0.5085995085995088], "acc": [0.5978260869565217, 0.5978260869565217, 0.5978260869565217, 0.5978260869565217, 0.5978260869565217, 0.5978260869565217, 0.5978260869565217, 0.5978260869565217, 0.5978260869565217, 0.5978260869565217], "aps": [0.4604363503174606, 0.4604363503174606, 0.4604363503174606, 0.40217391304347827, 0.47958361277138895, 0.40217391304347827, 0.4211118167136968, 0.4698686879662446, 0.4410979840137535, 0.4604363503174606], "f1": [0.0, 0.0, 0.0, 0.0, 0.0, 0.0, 0.0, 0.0, 0.0, 0.0], "auprc": [0.4509937578349373, 0.4509937578349373, 0.4509937578349373, 0.7010869565217391, 0.470264889146794, 0.7010869565217391, 0.40276806368246393, 0.4511825967644763, 0.4297419774885911, 0.4509937578349373]}]}