{"auroc": [0.538083538083538, 0.5361179361179361, 0.5434889434889435, 0.5243243243243243, 0.5818181818181818, 0.5346437346437346, 0.5326781326781327, 0.5213759213759214, 0.5385749385749387, 0.4972972972972973], "acc": [0.40217391304347827, 0.40217391304347827, 0.40217391304347827, 0.40217391304347827, 0.5760869565217391, 0.40217391304347827, 0.40217391304347827, 0.40217391304347827, 0.40217391304347827, 0.40217391304347827], "aps": [0.41614370652486404, 0.41430029367089516, 0.4067526125105752, 0.4012238241662722, 0.4544162576628839, 0.4129271749211856, 0.4104612376346165, 0.403704530645392, 0.4100145887560982, 0.38848086771974233], "f1": [0.5736434108527132, 0.5736434108527132, 0.5736434108527132, 0.5736434108527132, 0.4507042253521127, 0.5736434108527132, 0.5736434108527132, 0.5736434108527132, 0.5736434108527132, 0.5736434108527132], "auprc": [0.40317205461642086, 0.40163021893136003, 0.393803398736312, 0.388731448311377, 0.4385005068786605, 0.399760068278994, 0.3972518712297488, 0.39029349199085134, 0.39740362936851525, 0.3739541385045821]}