{"auroc": [0.5926289926289927, 0.5130221130221131, 0.4697788697788698, 0.635872235872236, 0.5356265356265356, 0.5361179361179361, 0.5321867321867322, 0.5120393120393121, 0.49140049140049147, 0.4226044226044226], "acc": [0.5978260869565217, 0.5978260869565217, 0.5978260869565217, 0.5978260869565217, 0.5978260869565217, 0.40217391304347827, 0.40217391304347827, 0.5978260869565217, 0.5978260869565217, 0.5978260869565217], "aps": [0.5191893355998348, 0.4098423322294886, 0.3903865574433255, 0.4929446565917366, 0.4257698771475117, 0.42006136876357436, 0.41702299069236204, 0.41630919046860193, 0.40965363937395693, 0.406296365269964], "f1": [0.0, 0.0, 0.0, 0.0975609756097561, 0.0, 0.5736434108527132, 0.5736434108527132, 0.0, 0.0, 0.0], "auprc": [0.5095039428508519, 0.3939289529634222, 0.3731104352031855, 0.47423813644345925, 0.41179502928744505, 0.4046689660887158, 0.4022764812343671, 0.402407463553645, 0.39391317595518893, 0.3973606485424389]}