{"auroc": [0.47960687960687964, 0.520884520884521, 0.5312039312039313, 0.5213759213759214, 0.5051597051597052, 0.5012285012285013, 0.5267813267813268, 0.5144963144963145, 0.4840294840294841, 0.515970515970516], "acc": [0.40217391304347827, 0.40217391304347827, 0.40217391304347827, 0.40217391304347827, 0.40217391304347827, 0.40217391304347827, 0.532608695652174, 0.40217391304347827, 0.5978260869565217, 0.40217391304347827], "aps": [0.40325731316184, 0.40410733738684856, 0.4315287442062388, 0.3950199903278371, 0.4108717135089556, 0.4144454666754279, 0.4085145092496507, 0.4189292080916905, 0.39796215987424266, 0.42208795827939366], "f1": [0.5736434108527132, 0.5736434108527132, 0.5736434108527132, 0.5736434108527132, 0.5736434108527132, 0.5736434108527132, 0.3384615384615385, 0.5736434108527132, 0.0, 0.5736434108527132], "auprc": [0.39325752830542754, 0.38927308652673, 0.42023992081215283, 0.38233155558258003, 0.40058619446860816, 0.40401360218781307, 0.3914913773715547, 0.4082162589566701, 0.3801019321158651, 0.4116518541907808]}