{"enet": [{"auroc": [0.5818181818181819, 0.544963144963145, 0.5066339066339067, 0.6461916461916462, 0.5238329238329238, 0.6353808353808355, 0.6353808353808355, 0.5238329238329238, 0.6461916461916462, 0.518918918918919], "acc": [0.5978260869565217, 0.5978260869565217, 0.5978260869565217, 0.5978260869565217, 0.5978260869565217, 0.5978260869565217, 0.5978260869565217, 0.5978260869565217, 0.5978260869565217, 0.5978260869565217], "aps": [0.4820594383809344, 0.4159125343036556, 0.42297545809504333, 0.5402712196361428, 0.4224353479713828, 0.5282269837661091, 0.5282269837661091, 0.4224353479713828, 0.5402712196361428, 0.40687189176596933], "f1": [0.0, 0.0, 0.0, 0.0, 0.0, 0.0, 0.0, 0.0, 0.0, 0.0], "auprc": [0.4704066055181117, 0.40204698799539346, 0.4045066779609697, 0.5306291075654528, 0.40471622696788073, 0.5185367259490721, 0.5185367259490721, 0.40471622696788073, 0.5306291075654528, 0.3932775449268046]}]}