{"enet": [{"auroc": [0.5616707616707617, 0.5, 0.5, 0.48108108108108116, 0.48402948402948404, 0.48402948402948404, 0.5, 0.49877149877149884, 0.5341523341523342, 0.4653562653562654], "acc": [0.5978260869565217, 0.5978260869565217, 0.5978260869565217, 0.5978260869565217, 0.5978260869565217, 0.5978260869565217, 0.5978260869565217, 0.5978260869565217, 0.5978260869565217, 0.5978260869565217], "aps": [0.4579895453517598, 0.40217391304347827, 0.40217391304347827, 0.43604860950712043, 0.4574928052463562, 0.4574928052463562, 0.40217391304347827, 0.43300171822545563, 0.42922156995676347, 0.430620882347296], "f1": [0.0, 0.0, 0.0, 0.0, 0.0, 0.0, 0.0, 0.0, 0.0, 0.0], "auprc": [0.44632711992594265, 0.7010869565217391, 0.7010869565217391, 0.4266355783238175, 0.44794051751233527, 0.44794051751233527, 0.7010869565217391, 0.41480925074959135, 0.4182176255366129, 0.41883078851699845]}]}