{"enet": [{"auroc": [0.5547911547911547, 0.5547911547911547, 0.5547911547911547, 0.5547911547911547, 0.5547911547911547, 0.5547911547911547, 0.5547911547911547, 0.5636363636363637, 0.5400491400491401, 0.5], "acc": [0.5978260869565217, 0.5978260869565217, 0.5978260869565217, 0.5978260869565217, 0.5978260869565217, 0.5978260869565217, 0.5978260869565217, 0.5978260869565217, 0.5978260869565217, 0.5978260869565217], "aps": [0.49661397024855797, 0.49661397024855797, 0.49661397024855797, 0.49661397024855797, 0.49661397024855797, 0.49661397024855797, 0.49661397024855797, 0.4594860433400037, 0.430441593544281, 0.40217391304347827], "f1": [0.0, 0.0, 0.0, 0.0, 0.0, 0.0, 0.0, 0.0, 0.0, 0.0], "auprc": [0.4848790708592595, 0.4848790708592595, 0.4848790708592595, 0.4848790708592595, 0.4848790708592595, 0.4848790708592595, 0.4848790708592595, 0.448668772021504, 0.41303233553667845, 0.7010869565217391]}]}