{"enet": [{"auroc": [0.5415233415233415, 0.5464373464373465, 0.5257985257985259, 0.5410319410319411, 0.5253071253071253, 0.5415233415233416, 0.5243243243243243, 0.5415233415233416, 0.5253071253071253, 0.5], "acc": [0.5978260869565217, 0.5978260869565217, 0.5978260869565217, 0.5978260869565217, 0.5978260869565217, 0.5978260869565217, 0.5978260869565217, 0.5978260869565217, 0.5978260869565217, 0.5978260869565217], "aps": [0.41251055062323405, 0.4158297810723012, 0.4320459018010623, 0.42039861344611706, 0.4124447219409559, 0.4200865463698432, 0.42625578013064047, 0.4200865463698432, 0.4124447219409559, 0.40217391304347827], "f1": [0.0, 0.0, 0.0, 0.0, 0.0, 0.0, 0.0, 0.0, 0.0, 0.0], "auprc": [0.40000598983889357, 0.40369797740689223, 0.4138963314514597, 0.407969300428339, 0.39948309326392945, 0.40784634546783927, 0.4082809140898858, 0.40784634546783927, 0.39948309326392945, 0.7010869565217391]}]}