{"auroc": [0.5243243243243243, 0.524078624078624, 0.5906633906633907, 0.5066339066339066, 0.5705159705159706, 0.5439803439803439, 0.5105651105651106, 0.5518427518427518, 0.5395577395577396, 0.537100737100737], "acc": [0.40217391304347827, 0.5978260869565217, 0.40217391304347827, 0.5, 0.5978260869565217, 0.40217391304347827, 0.40217391304347827, 0.40217391304347827, 0.5978260869565217, 0.5978260869565217], "aps": [0.40882783822804913, 0.42289019272085215, 0.4721086696911828, 0.41428523424268204, 0.4858859014408089, 0.4584042891294958, 0.424837221517963, 0.41420464460107237, 0.48827266696726157, 0.4371037769530228], "f1": [0.5736434108527132, 0.0, 0.5736434108527132, 0.5106382978723405, 0.0, 0.5736434108527132, 0.5736434108527132, 0.5736434108527132, 0.0, 0.0], "auprc": [0.3956304649413959, 0.4082599132105773, 0.4555858808241086, 0.3959108282626604, 0.46718217099630377, 0.4403883604753771, 0.40867158354900684, 0.40012681123860905, 0.4799343602157011, 0.4186895959760584]}