{"auroc": [0.5208845208845209, 0.4776412776412776, 0.5002457002457003, 0.4948402948402949, 0.4987714987714988, 0.5115479115479116, 0.5076167076167076, 0.458968058968059, 0.5076167076167077, 0.5115479115479116], "acc": [0.5978260869565217, 0.5978260869565217, 0.5978260869565217, 0.5978260869565217, 0.5978260869565217, 0.5978260869565217, 0.5978260869565217, 0.5978260869565217, 0.5978260869565217, 0.5978260869565217], "aps": [0.40524870733981755, 0.397988117627799, 0.43030290689108275, 0.4425120609596673, 0.4047008905557231, 0.42826208277055444, 0.42091002857384974, 0.3808650461800483, 0.4164854136147986, 0.4269875277577071], "f1": [0.0, 0.0, 0.0, 0.0, 0.0, 0.0, 0.0, 0.0, 0.0, 0.0], "auprc": [0.3909274644811418, 0.3831862430597729, 0.41399540377888144, 0.4309121999511658, 0.38686875459285086, 0.4170436882041653, 0.4075587317624627, 0.36657519388967136, 0.4017976082670347, 0.40856166469339156]}