{"enet": [{"auroc": [0.4992628992628993, 0.5941031941031941, 0.5484029484029485, 0.5484029484029485, 0.5941031941031941, 0.5484029484029485, 0.5484029484029485, 0.5941031941031941, 0.5334152334152334, 0.6164619164619166], "acc": [0.5978260869565217, 0.5978260869565217, 0.5978260869565217, 0.5978260869565217, 0.5978260869565217, 0.5978260869565217, 0.5978260869565217, 0.5978260869565217, 0.40217391304347827, 0.42391304347826086], "aps": [0.4298547982571728, 0.5241754779453498, 0.4724020658920554, 0.4724020658920554, 0.5241754779453498, 0.4724020658920554, 0.4724020658920554, 0.5241754779453498, 0.4214638227930678, 0.4928476330555339], "f1": [0.0, 0.0, 0.0, 0.0, 0.0, 0.0, 0.0, 0.0, 0.5736434108527132, 0.5760000000000001], "auprc": [0.42085267367871254, 0.512451491612679, 0.4604198468408462, 0.4604198468408462, 0.512451491612679, 0.4604198468408462, 0.4604198468408462, 0.512451491612679, 0.6549082158344781, 0.5482425372086255]}]}