{"auroc": [0.49926289926289924, 0.4948402948402949, 0.5341523341523342, 0.5312039312039313, 0.5203931203931205, 0.5257985257985258, 0.5071253071253072, 0.5105651105651106, 0.5513513513513514, 0.5651105651105651], "acc": [0.4891304347826087, 0.5978260869565217, 0.5978260869565217, 0.5543478260869565, 0.5978260869565217, 0.5978260869565217, 0.40217391304347827, 0.40217391304347827, 0.40217391304347827, 0.5978260869565217], "aps": [0.41147413710342556, 0.4039474121424952, 0.4363977222941966, 0.43279929758486857, 0.4648405271985866, 0.4351062334085948, 0.3934372443010513, 0.40332143659655395, 0.4399164118793384, 0.47726595319778203], "f1": [0.27692307692307694, 0.0975609756097561, 0.0, 0.08888888888888889, 0.0, 0.0, 0.5736434108527132, 0.5736434108527132, 0.5736434108527132, 0.0], "auprc": [0.4006592782896084, 0.3863624329764179, 0.42512612776308734, 0.42163547693365516, 0.4532197885027085, 0.42380925126945546, 0.37851033158810343, 0.3897779941691775, 0.4218542037856216, 0.4679245902778971]}