{"auroc": [0.5012285012285013, 0.5253071253071253, 0.5125307125307126, 0.5267813267813268, 0.5223587223587224, 0.51007371007371, 0.43783783783783786, 0.5144963144963146, 0.518918918918919, 0.48746928746928747], "acc": [0.5978260869565217, 0.40217391304347827, 0.5760869565217391, 0.40217391304347827, 0.5978260869565217, 0.40217391304347827, 0.5978260869565217, 0.42391304347826086, 0.40217391304347827, 0.40217391304347827], "aps": [0.4030428418290578, 0.40479315972098207, 0.4093160692882451, 0.40207973423465126, 0.43830544383263653, 0.39403414190852815, 0.3695936816042744, 0.41714834422126007, 0.3990835689787287, 0.37703740077840187], "f1": [0.0, 0.5736434108527132, 0.09302325581395349, 0.5736434108527132, 0.0, 0.5736434108527132, 0.0, 0.5691056910569107, 0.5736434108527132, 0.5736434108527132], "auprc": [0.38569939868893316, 0.39152589923284814, 0.393829474638821, 0.38945598005738813, 0.4235634245330673, 0.38119436352345126, 0.3524071137133103, 0.40679860868431833, 0.38586686372594736, 0.36442958328033137]}