{"auroc": [0.5646191646191646, 0.5606879606879608, 0.5675675675675675, 0.5611793611793612, 0.5326781326781327, 0.5921375921375922, 0.5656019656019656, 0.4343980343980344, 0.5312039312039312, 0.5783783783783784], "acc": [0.5978260869565217, 0.5978260869565217, 0.5978260869565217, 0.5978260869565217, 0.5978260869565217, 0.5978260869565217, 0.5978260869565217, 0.5978260869565217, 0.5978260869565217, 0.5978260869565217], "aps": [0.4798653182484375, 0.45587228622483805, 0.4452861874352062, 0.48206220119804644, 0.4622631155160961, 0.5155589798485396, 0.4786291038184255, 0.3991496004325978, 0.4785589279197929, 0.44521169798817317], "f1": [0.0, 0.0, 0.0, 0.0, 0.0, 0.0, 0.0, 0.0, 0.0, 0.0], "auprc": [0.4614140741031951, 0.44445014368680047, 0.42779815831715673, 0.47028449603066913, 0.44383315025331893, 0.4978159925647976, 0.459906344539179, 0.3879108571635855, 0.46885047131628454, 0.42742614273258733]}