{"enet": [{"auroc": [0.5341523341523342, 0.4972972972972974, 0.49975429975429975, 0.4972972972972974, 0.5577395577395577, 0.4972972972972974, 0.5341523341523342, 0.5577395577395577, 0.5341523341523342, 0.545945945945946], "acc": [0.5978260869565217, 0.5978260869565217, 0.5978260869565217, 0.5978260869565217, 0.5978260869565217, 0.5978260869565217, 0.5978260869565217, 0.5978260869565217, 0.5978260869565217, 0.6304347826086957], "aps": [0.46599757730146996, 0.4163259811265453, 0.43465756575265735, 0.4163259811265453, 0.5061945317943891, 0.4163259811265453, 0.46599757730146996, 0.5061945317943891, 0.46599757730146996, 0.4834164722537705], "f1": [0.0, 0.0, 0.0, 0.0, 0.0, 0.0, 0.0, 0.0, 0.0, 0.19047619047619047], "auprc": [0.4543779794839934, 0.39795493061182774, 0.4162889053631751, 0.39795493061182774, 0.4967060927884307, 0.39795493061182774, 0.4543779794839934, 0.4967060927884307, 0.4543779794839934, 0.4720015937112647]}]}