{"enet": [{"auroc": [0.5611793611793612, 0.5572481572481572, 0.5257985257985258, 0.5390663390663392, 0.5061425061425061, 0.5611793611793612, 0.5174447174447174, 0.5572481572481572, 0.5572481572481572, 0.5326781326781327], "acc": [0.5978260869565217, 0.5978260869565217, 0.5978260869565217, 0.40217391304347827, 0.5760869565217391, 0.5978260869565217, 0.5978260869565217, 0.5978260869565217, 0.5978260869565217, 0.40217391304347827], "aps": [0.4940458694116928, 0.46599553010787814, 0.4402098341129259, 0.42359440276518423, 0.40259987645649975, 0.4940458694116928, 0.40642517051978816, 0.46599553010787814, 0.46599553010787814, 0.4437570593682818], "f1": [0.0, 0.0, 0.0, 0.5736434108527132, 0.09302325581395349, 0.0, 0.0, 0.0, 0.0, 0.5736434108527132], "auprc": [0.47823737642618086, 0.44954537887405777, 0.42407253194381667, 0.40942253329062933, 0.38799146054304656, 0.47823737642618086, 0.3925425983365736, 0.44954537887405777, 0.44954537887405777, 0.4322371539987674]}]}