{"enet": [{"auroc": [0.5017199017199017, 0.5017199017199017, 0.5017199017199017, 0.5, 0.5, 0.4948402948402949, 0.5110565110565111, 0.4948402948402949, 0.5085995085995085, 0.5085995085995086], "acc": [0.5978260869565217, 0.5978260869565217, 0.5978260869565217, 0.5978260869565217, 0.5978260869565217, 0.5978260869565217, 0.5978260869565217, 0.5978260869565217, 0.5978260869565217, 0.5978260869565217], "aps": [0.4229221273424356, 0.4229221273424356, 0.4229221273424356, 0.40217391304347827, 0.40217391304347827, 0.41487117855046696, 0.4225446120911778, 0.41487117855046696, 0.3930797738379201, 0.4425390563208056], "f1": [0.0, 0.0, 0.0, 0.0, 0.0, 0.0, 0.0, 0.0, 0.0, 0.0], "auprc": [0.41157818115950584, 0.41157818115950584, 0.41157818115950584, 0.7010869565217391, 0.7010869565217391, 0.39712131837095654, 0.41178228000669287, 0.39712131837095654, 0.3786226700378083, 0.42411693448595744]}]}