{"enet": [{"auroc": [0.5095823095823095, 0.5705159705159705, 0.5980343980343981, 0.5, 0.5705159705159705, 0.5886977886977888, 0.5980343980343981, 0.5980343980343981, 0.5552825552825553, 0.5886977886977888], "acc": [0.5978260869565217, 0.5978260869565217, 0.5978260869565217, 0.40217391304347827, 0.5978260869565217, 0.5978260869565217, 0.5978260869565217, 0.5978260869565217, 0.5978260869565217, 0.5978260869565217], "aps": [0.43785429106974594, 0.46242044367644985, 0.5078666848781689, 0.40217391304347827, 0.46242044367644985, 0.5158571137235755, 0.5078666848781689, 0.5078666848781689, 0.4647343157402203, 0.5158571137235755], "f1": [0.0, 0.0, 0.0, 0.5736434108527132, 0.0, 0.0, 0.0, 0.0, 0.0975609756097561, 0.0], "auprc": [0.4286910952858082, 0.44404069588298845, 0.4891887714872507, 0.7010869565217391, 0.44404069588298845, 0.49776723057184546, 0.4891887714872507, 0.4891887714872507, 0.4462161302943482, 0.49776723057184546]}]}