{"auroc": [0.5626535626535627, 0.6098280098280099, 0.4830466830466831, 0.5990171990171991, 0.5110565110565111, 0.6113022113022113, 0.518918918918919, 0.6093366093366094, 0.5636363636363637, 0.5660933660933661], "acc": [0.5978260869565217, 0.5978260869565217, 0.5978260869565217, 0.5978260869565217, 0.5978260869565217, 0.5978260869565217, 0.5978260869565217, 0.5978260869565217, 0.5978260869565217, 0.5978260869565217], "aps": [0.449556559130712, 0.5479370808718156, 0.4121374620615245, 0.5037077737130611, 0.43202610796077384, 0.5531802696187249, 0.46699284398593716, 0.5392110301608455, 0.49287597568766284, 0.4644808656574615], "f1": [0.0, 0.0, 0.0, 0.0, 0.0, 0.0, 0.0, 0.0, 0.0, 0.0], "auprc": [0.431129293781729, 0.5364889573987199, 0.4008825891484373, 0.4852618046834069, 0.42055638347478214, 0.5421647595942787, 0.45529973890528125, 0.5295484538129431, 0.4814348732123311, 0.44593366667040885]}