{"enet": [{"auroc": [0.5194103194103195, 0.5941031941031941, 0.5, 0.5194103194103195, 0.5941031941031941, 0.5, 0.5906633906633908, 0.576904176904177, 0.5194103194103195, 0.5], "acc": [0.5978260869565217, 0.5978260869565217, 0.40217391304347827, 0.5978260869565217, 0.5978260869565217, 0.40217391304347827, 0.5978260869565217, 0.5978260869565217, 0.5978260869565217, 0.5978260869565217], "aps": [0.44904194962385546, 0.4976762587762138, 0.40217391304347827, 0.44904194962385546, 0.4976762587762138, 0.40217391304347827, 0.4908466917687079, 0.5073541386052209, 0.44904194962385546, 0.40217391304347827], "f1": [0.0, 0.0, 0.5736434108527132, 0.0, 0.0, 0.5736434108527132, 0.0, 0.0, 0.0, 0.0], "auprc": [0.4397095215162339, 0.4791041218270331, 0.7010869565217391, 0.4397095215162339, 0.4791041218270331, 0.7010869565217391, 0.47207305210993994, 0.4957182024452217, 0.4397095215162339, 0.7010869565217391]}]}