{"auroc": [0.5493857493857494, 0.4992628992628993, 0.5621621621621622, 0.5081081081081081, 0.5218673218673219, 0.5248157248157249, 0.5533169533169534, 0.4511056511056511, 0.5695331695331696, 0.49287469287469293], "acc": [0.40217391304347827, 0.40217391304347827, 0.40217391304347827, 0.40217391304347827, 0.5978260869565217, 0.40217391304347827, 0.40217391304347827, 0.40217391304347827, 0.40217391304347827, 0.40217391304347827], "aps": [0.42982831440251246, 0.4241367290271417, 0.4346247942110248, 0.4212483534282783, 0.44708312113703697, 0.4031041388949922, 0.4292593431378744, 0.4004884965604615, 0.4282441677998402, 0.3872546693889626], "f1": [0.5736434108527132, 0.5736434108527132, 0.5736434108527132, 0.5736434108527132, 0.0, 0.5736434108527132, 0.5736434108527132, 0.5736434108527132, 0.5736434108527132, 0.5736434108527132], "auprc": [0.4121027851993007, 0.4057054092201357, 0.4197425381386245, 0.4099711185195468, 0.42912414104723706, 0.3882166498107629, 0.4109852410924294, 0.38929407508023556, 0.41397385159831446, 0.3748778913047412]}