{"auroc": [0.5154791154791155, 0.545945945945946, 0.5179361179361179, 0.5872235872235873, 0.43292383292383296, 0.5754299754299754, 0.5547911547911548, 0.5552825552825553, 0.5916461916461917, 0.5862407862407862], "acc": [0.5978260869565217, 0.5978260869565217, 0.5978260869565217, 0.5978260869565217, 0.5978260869565217, 0.5978260869565217, 0.5978260869565217, 0.5978260869565217, 0.5978260869565217, 0.5978260869565217], "aps": [0.43066445377907214, 0.47488299054873634, 0.4575793005158998, 0.4873756834531806, 0.3501211798739379, 0.4498013603879679, 0.4656891191583498, 0.48123360023395545, 0.4938742403581818, 0.46856141719012245], "f1": [0.0, 0.0, 0.0, 0.0, 0.0, 0.0, 0.0, 0.0, 0.0, 0.0], "auprc": [0.41221941936053863, 0.46295388473925314, 0.43930207906420815, 0.4690751012007143, 0.338987739381575, 0.43171194798800405, 0.4537985981907064, 0.4693182624119307, 0.48211270958933794, 0.4500125418963809]}