{"enet": [{"auroc": [0.5700245700245701, 0.49041769041769046, 0.5243243243243243, 0.47444717444717444, 0.4815724815724816, 0.49778869778869783, 0.49041769041769046, 0.5243243243243243, 0.5700245700245701, 0.49778869778869783], "acc": [0.5978260869565217, 0.5978260869565217, 0.5978260869565217, 0.5978260869565217, 0.5978260869565217, 0.5978260869565217, 0.5978260869565217, 0.5978260869565217, 0.5978260869565217, 0.5978260869565217], "aps": [0.47096932662541185, 0.42816741980967254, 0.4408096214814116, 0.4286645619516038, 0.41214310979230756, 0.4433748734245716, 0.42816741980967254, 0.4408096214814116, 0.47096932662541185, 0.4433748734245716], "f1": [0.0, 0.0, 0.0, 0.0, 0.0, 0.0, 0.0, 0.0, 0.0, 0.0], "auprc": [0.4590869027279793, 0.41657880070200204, 0.42987550879022557, 0.41574158364752584, 0.39369565845619003, 0.43180699685322305, 0.41657880070200204, 0.42987550879022557, 0.4590869027279793, 0.43180699685322305]}]}