{"auroc": [0.5169533169533169, 0.5400491400491401, 0.5420147420147421, 0.488943488943489, 0.5081081081081081, 0.5707616707616708, 0.49434889434889434, 0.4864864864864865, 0.5326781326781327, 0.4756756756756757], "acc": [0.5978260869565217, 0.5978260869565217, 0.5978260869565217, 0.5978260869565217, 0.5978260869565217, 0.5978260869565217, 0.5978260869565217, 0.5978260869565217, 0.5978260869565217, 0.5978260869565217], "aps": [0.41905531041132793, 0.42625183876763045, 0.42750052928627646, 0.3874916608291075, 0.39672274724454726, 0.4727275590675967, 0.3874050389533983, 0.42246439163274574, 0.4135825278529202, 0.36930116714458433], "f1": [0.0, 0.0, 0.0, 0.0, 0.0, 0.0, 0.0, 0.0, 0.0, 0.0], "auprc": [0.4029418779834405, 0.4115250564071057, 0.4095504253664641, 0.37368756626699134, 0.38431086440329754, 0.4543237663232271, 0.37495739376830317, 0.4110010749702408, 0.4001069071511203, 0.3590147879234059]}