{"enet": [{"auroc": [0.458968058968059, 0.46879606879606883, 0.4560196560196561, 0.4560196560196561, 0.4407862407862408, 0.46584766584766585, 0.46584766584766585, 0.4560196560196561, 0.4560196560196561, 0.46879606879606883], "acc": [0.5978260869565217, 0.5978260869565217, 0.5978260869565217, 0.5978260869565217, 0.5978260869565217, 0.5978260869565217, 0.5978260869565217, 0.5978260869565217, 0.5978260869565217, 0.5978260869565217], "aps": [0.40127027525963543, 0.39770570291183305, 0.37472613514166914, 0.37472613514166914, 0.37726997686675134, 0.41748707552584813, 0.41748707552584813, 0.37472613514166914, 0.37472613514166914, 0.39770570291183305], "f1": [0.0, 0.0, 0.0, 0.0, 0.0, 0.0, 0.0, 0.0, 0.0, 0.0], "auprc": [0.38304887305537194, 0.3797532292037764, 0.3599301059957813, 0.3599301059957813, 0.3598301575627621, 0.40596935638571136, 0.40596935638571136, 0.3599301059957813, 0.3599301059957813, 0.3797532292037764]}]}