{"enet": [{"auroc": [0.5842751842751843, 0.5528255528255528, 0.54987714987715, 0.5066339066339067, 0.5842751842751843, 0.5842751842751843, 0.544963144963145, 0.5528255528255528, 0.5528255528255528, 0.5066339066339067], "acc": [0.5978260869565217, 0.5978260869565217, 0.41304347826086957, 0.5978260869565217, 0.5978260869565217, 0.5978260869565217, 0.5978260869565217, 0.5978260869565217, 0.5978260869565217, 0.5978260869565217], "aps": [0.4915003503238533, 0.46736215687292393, 0.432768042069757, 0.3934843746072452, 0.4915003503238533, 0.4915003503238533, 0.41340279022066434, 0.46736215687292393, 0.46736215687292393, 0.3934843746072452], "f1": [0.0, 0.0, 0.578125, 0.0, 0.0, 0.0, 0.0, 0.0, 0.0, 0.0], "auprc": [0.4797741040239229, 0.44868859553293466, 0.44140215399761795, 0.37869248469685224, 0.4797741040239229, 0.4797741040239229, 0.39958380288547335, 0.44868859553293466, 0.44868859553293466, 0.37869248469685224]}]}