{"enet": [{"auroc": [0.5341523341523342, 0.5341523341523342, 0.5341523341523342, 0.5341523341523342, 0.5, 0.5, 0.48501228501228505, 0.5434889434889435, 0.5, 0.5341523341523342], "acc": [0.5978260869565217, 0.5978260869565217, 0.5978260869565217, 0.5978260869565217, 0.5978260869565217, 0.5978260869565217, 0.5978260869565217, 0.5978260869565217, 0.5978260869565217, 0.5978260869565217], "aps": [0.45613718961450367, 0.45613718961450367, 0.45613718961450367, 0.45613718961450367, 0.40217391304347827, 0.40217391304347827, 0.3837058729607916, 0.41919992932003725, 0.40217391304347827, 0.45613718961450367], "f1": [0.0, 0.0, 0.0, 0.0, 0.0, 0.0, 0.0, 0.0, 0.0, 0.0], "auprc": [0.4468043112754692, 0.4468043112754692, 0.4468043112754692, 0.4468043112754692, 0.7010869565217391, 0.7010869565217391, 0.36877773057777635, 0.4034383985270608, 0.7010869565217391, 0.4468043112754692]}]}