{"auroc": [0.5606879606879607, 0.5041769041769042, 0.5641277641277641, 0.5454545454545455, 0.45945945945945943, 0.5744471744471744, 0.45945945945945943, 0.6083538083538084, 0.48648648648648646, 0.542997542997543], "acc": [0.5978260869565217, 0.42391304347826086, 0.5869565217391305, 0.5869565217391305, 0.5978260869565217, 0.40217391304347827, 0.40217391304347827, 0.5978260869565217, 0.5978260869565217, 0.40217391304347827], "aps": [0.5166408286151919, 0.4110355377501707, 0.5020623151617241, 0.46319365465109696, 0.4243444972128144, 0.44309879637918903, 0.3674628716802174, 0.4624551732981603, 0.43903617766611847, 0.4389293054478439], "f1": [0.0, 0.5691056910569107, 0.13636363636363638, 0.0, 0.0, 0.5736434108527132, 0.5736434108527132, 0.0, 0.0, 0.5736434108527132], "auprc": [0.5095569964303223, 0.39615485354488994, 0.4936740518639716, 0.44478028143701115, 0.4154659988909627, 0.42556793396326636, 0.35429263048508153, 0.4482045105281803, 0.42798431051317437, 0.42049069118008686]}