{"enet": [{"auroc": [0.47076167076167075, 0.48501228501228505, 0.47076167076167075, 0.48452088452088454, 0.43980343980343983, 0.48501228501228505, 0.45503685503685504, 0.43980343980343983, 0.457002457002457, 0.4471744471744472], "acc": [0.5978260869565217, 0.5978260869565217, 0.5978260869565217, 0.5978260869565217, 0.5978260869565217, 0.5978260869565217, 0.5978260869565217, 0.5978260869565217, 0.5978260869565217, 0.5978260869565217], "aps": [0.41209324933384656, 0.4363510511385711, 0.41209324933384656, 0.42202558536892537, 0.39460522651396146, 0.4363510511385711, 0.41433449840986775, 0.39460522651396146, 0.4000817099494059, 0.39464364014358455], "f1": [0.0, 0.0, 0.0, 0.0, 0.0, 0.0, 0.0, 0.0, 0.0, 0.0], "auprc": [0.4014816543808372, 0.4272046153104594, 0.4014816543808372, 0.41046239858925854, 0.3839308893788793, 0.4272046153104594, 0.4027543052637957, 0.3839308893788793, 0.38914122370667076, 0.3839396834196811]}]}