{"auroc": [0.4855036855036855, 0.5105651105651106, 0.5341523341523342, 0.5292383292383293, 0.5041769041769042, 0.4972972972972973, 0.5007371007371009, 0.5056511056511057, 0.5135135135135136, 0.5361179361179361], "acc": [0.40217391304347827, 0.40217391304347827, 0.40217391304347827, 0.40217391304347827, 0.5978260869565217, 0.40217391304347827, 0.40217391304347827, 0.40217391304347827, 0.40217391304347827, 0.5978260869565217], "aps": [0.38368924368455876, 0.4038400947892229, 0.4679696608110764, 0.40840500001924473, 0.41689358488472716, 0.4000800265900897, 0.41739299347989783, 0.40630405475944126, 0.43052290109508157, 0.4505290748070549], "f1": [0.5736434108527132, 0.5736434108527132, 0.5736434108527132, 0.5736434108527132, 0.0, 0.5736434108527132, 0.5736434108527132, 0.5736434108527132, 0.5736434108527132, 0.0], "auprc": [0.3700700846700217, 0.3863509326475506, 0.4599485125618573, 0.3949008425771235, 0.40595488892882553, 0.3828452120804465, 0.4065273087776699, 0.3907072884952707, 0.41917454068315385, 0.4354235579766206]}