{"auroc": [0.4643734643734644, 0.5592137592137592, 0.48992628992628995, 0.542014742014742, 0.601965601965602, 0.5056511056511057, 0.4776412776412776, 0.5027027027027027, 0.538083538083538, 0.5071253071253071], "acc": [0.5869565217391305, 0.40217391304347827, 0.40217391304347827, 0.40217391304347827, 0.5978260869565217, 0.40217391304347827, 0.5978260869565217, 0.5978260869565217, 0.5978260869565217, 0.40217391304347827], "aps": [0.357955787100818, 0.4812294100473686, 0.3978210230363284, 0.43650117401045324, 0.5089859196342092, 0.3998463100566575, 0.40176043664998323, 0.43034919574824937, 0.43971968789863913, 0.393894858046383], "f1": [0.0, 0.5736434108527132, 0.5736434108527132, 0.5736434108527132, 0.0, 0.5736434108527132, 0.0, 0.0, 0.0, 0.5736434108527132], "auprc": [0.34749580690468973, 0.47171130596045485, 0.38021935569338455, 0.4254098278260088, 0.49705475643903135, 0.38253078956889863, 0.3909321741790591, 0.42143977178216097, 0.42854250257698956, 0.37994184575196416]}