{"auroc": [0.5218673218673219, 0.5135135135135136, 0.4555282555282556, 0.5331695331695332, 0.4486486486486486, 0.5144963144963146, 0.49631449631449637, 0.5051597051597052, 0.43341523341523347, 0.46289926289926286], "acc": [0.5978260869565217, 0.5978260869565217, 0.5978260869565217, 0.5978260869565217, 0.5978260869565217, 0.5978260869565217, 0.5978260869565217, 0.5978260869565217, 0.5978260869565217, 0.5978260869565217], "aps": [0.4096745089951191, 0.4010069632233517, 0.4232098537666883, 0.4235097760677161, 0.4176105509554704, 0.4355327267913388, 0.4032966223445773, 0.4386266428998734, 0.4155779455836205, 0.3946278424173114], "f1": [0.0, 0.0, 0.0, 0.0, 0.0, 0.0, 0.0, 0.0, 0.0, 0.0], "auprc": [0.3952282288489149, 0.3883008357944936, 0.41153165991772644, 0.40999388009309934, 0.40632599165275274, 0.4204354265770866, 0.3879949088675004, 0.4222409389972169, 0.40678367842884466, 0.3786420417718667]}