{"auroc": [0.5685503685503686, 0.5557739557739558, 0.5257985257985258, 0.5734643734643735, 0.5429975429975431, 0.4638820638820639, 0.5646191646191647, 0.5282555282555282, 0.576904176904177, 0.6339066339066339], "acc": [0.5978260869565217, 0.5434782608695652, 0.40217391304347827, 0.40217391304347827, 0.5978260869565217, 0.40217391304347827, 0.40217391304347827, 0.40217391304347827, 0.5978260869565217, 0.40217391304347827], "aps": [0.48995127530979404, 0.45362606223655133, 0.44617311002726945, 0.5329420605794066, 0.4445043857277139, 0.38930251902449675, 0.44608077608597363, 0.4356286980351948, 0.48237296087202175, 0.49275752965639863], "f1": [0.0, 0.1923076923076923, 0.5736434108527132, 0.5736434108527132, 0.0, 0.5736434108527132, 0.5736434108527132, 0.5736434108527132, 0.0, 0.5736434108527132], "auprc": [0.48021744049678494, 0.43538225638220385, 0.43206833141484347, 0.5256513332839421, 0.4259615439641774, 0.37916365965919846, 0.42984253958793023, 0.41715879923990423, 0.4728213906339028, 0.47675140609020494]}