{"auroc": [0.49582309582309586, 0.48550368550368556, 0.4864864864864865, 0.5140049140049141, 0.4776412776412777, 0.5454545454545454, 0.48402948402948404, 0.43980343980343983, 0.46732186732186737, 0.4948402948402949], "acc": [0.5978260869565217, 0.5978260869565217, 0.5978260869565217, 0.5978260869565217, 0.5978260869565217, 0.5978260869565217, 0.5978260869565217, 0.5978260869565217, 0.5978260869565217, 0.5978260869565217], "aps": [0.40512177474156186, 0.37990891275918376, 0.42410133699479885, 0.4307653830527565, 0.37824922191671434, 0.4450987184700135, 0.3967421117994424, 0.35826373779094556, 0.39664533744037633, 0.39587603592522214], "f1": [0.0, 0.0, 0.0, 0.0, 0.0, 0.0, 0.0, 0.0, 0.0, 0.0], "auprc": [0.3893150471341965, 0.3654764002293375, 0.4127088076638785, 0.4194057241586508, 0.3634330051647741, 0.4342056858943631, 0.3787507295563736, 0.3456607666739242, 0.37857909533664325, 0.3785037644056203]}