{"enet": [{"auroc": [0.47911547911547914, 0.5130221130221131, 0.5852579852579852, 0.48009828009828015, 0.4751842751842752, 0.5852579852579852, 0.5130221130221131, 0.4683046683046683, 0.4373464373464374, 0.43095823095823094], "acc": [0.5978260869565217, 0.5978260869565217, 0.5978260869565217, 0.5978260869565217, 0.5978260869565217, 0.5978260869565217, 0.5978260869565217, 0.5978260869565217, 0.5978260869565217, 0.5978260869565217], "aps": [0.4208922317278095, 0.44797966653356724, 0.5421183139219468, 0.40319511643909334, 0.4191784565905503, 0.5421183139219468, 0.44797966653356724, 0.4066556313818834, 0.38067729083961593, 0.34946813176746877], "f1": [0.0, 0.0, 0.0, 0.0, 0.0, 0.0, 0.0, 0.0, 0.0, 0.0], "auprc": [0.40942296059762945, 0.4361335957188512, 0.5354290442003253, 0.38510824810692856, 0.4078149699811538, 0.5354290442003253, 0.4361335957188512, 0.3958940911782235, 0.37121199031540275, 0.3370209364384479]}]}