{"auroc": [0.5754299754299754, 0.5542997542997543, 0.5228501228501229, 0.4761670761670762, 0.5985257985257986, 0.5243243243243243, 0.5852579852579852, 0.574938574938575, 0.5636363636363636, 0.548894348894349], "acc": [0.40217391304347827, 0.40217391304347827, 0.40217391304347827, 0.40217391304347827, 0.5978260869565217, 0.40217391304347827, 0.40217391304347827, 0.5978260869565217, 0.40217391304347827, 0.40217391304347827], "aps": [0.4722084070220519, 0.43130600445295264, 0.40273538545415055, 0.39710347902960885, 0.5319748833719304, 0.42824182015593576, 0.46244065598647677, 0.4804337648299608, 0.4368757718613886, 0.43430287260125183], "f1": [0.5736434108527132, 0.5736434108527132, 0.5736434108527132, 0.5736434108527132, 0.0, 0.5736434108527132, 0.5736434108527132, 0.0, 0.5736434108527132, 0.5736434108527132], "auprc": [0.45379419194747306, 0.41352980369127584, 0.38873371544679464, 0.38126296462171594, 0.5236133956330022, 0.41711612523284863, 0.44399341275782556, 0.4684650482090859, 0.4212762125582257, 0.4183573203906478]}