{"enet": [{"auroc": [0.5484029484029485, 0.5955773955773956, 0.4545454545454546, 0.46240786240786247, 0.5484029484029485, 0.5955773955773956, 0.5955773955773956, 0.4461916461916463, 0.44176904176904175, 0.4545454545454546], "acc": [0.5978260869565217, 0.5978260869565217, 0.5978260869565217, 0.5978260869565217, 0.5978260869565217, 0.5978260869565217, 0.5978260869565217, 0.5978260869565217, 0.5978260869565217, 0.5978260869565217], "aps": [0.4641305440056596, 0.508904990746746, 0.37936911675802054, 0.41200927421165834, 0.4641305440056596, 0.508904990746746, 0.508904990746746, 0.3952963115083886, 0.37312589630759396, 0.37936911675802054], "f1": [0.0, 0.0, 0.0, 0.0, 0.0, 0.0, 0.0, 0.0, 0.0, 0.0], "auprc": [0.4525212903830973, 0.4971338940193155, 0.36170308536024476, 0.4032904979230283, 0.4525212903830973, 0.4971338940193155, 0.4971338940193155, 0.38753030364286783, 0.3557195981571553, 0.36170308536024476]}]}