{"auroc": [0.4884520884520885, 0.544963144963145, 0.5326781326781327, 0.5125307125307126, 0.516953316953317, 0.49484029484029485, 0.5041769041769043, 0.4722358722358722, 0.509090909090909, 0.48796068796068803], "acc": [0.5978260869565217, 0.5652173913043478, 0.5978260869565217, 0.40217391304347827, 0.5978260869565217, 0.5978260869565217, 0.5978260869565217, 0.40217391304347827, 0.5978260869565217, 0.5978260869565217], "aps": [0.4272589007641532, 0.44374161571522225, 0.4503185374220042, 0.40953809102179883, 0.4748837019567945, 0.4058922682922608, 0.40038955503669027, 0.391224713677897, 0.4387817916798291, 0.42879191654926996], "f1": [0.0, 0.09090909090909091, 0.0, 0.5736434108527132, 0.0, 0.0, 0.0, 0.5736434108527132, 0.0, 0.0], "auprc": [0.4183070710293276, 0.43235182272516115, 0.4387767620384471, 0.39189574556427265, 0.4652932039357279, 0.39568293198913246, 0.3831530395669295, 0.373810777462698, 0.42957391654466165, 0.4199269074216275]}