{"auroc": [0.49926289926289935, 0.5415233415233416, 0.4678132678132678, 0.4943488943488944, 0.5130221130221131, 0.4673218673218673, 0.48746928746928747, 0.5061425061425062, 0.4702702702702703, 0.5179361179361179], "acc": [0.5978260869565217, 0.5978260869565217, 0.5978260869565217, 0.5978260869565217, 0.5978260869565217, 0.5978260869565217, 0.5978260869565217, 0.5978260869565217, 0.5978260869565217, 0.5978260869565217], "aps": [0.40743652732333324, 0.4609838059849017, 0.38401805310958237, 0.3843792239261308, 0.39526682039891536, 0.3865494652093808, 0.40542920925083237, 0.41290358400412847, 0.3907594943852727, 0.4085007034693666], "f1": [0.0, 0.0, 0.0, 0.0, 0.0, 0.0, 0.0, 0.0, 0.0, 0.0], "auprc": [0.3915697638333115, 0.44936698686962595, 0.3714541781371536, 0.37307508347556884, 0.38244192831420676, 0.3729032393841788, 0.38937090812151376, 0.3968792126468997, 0.37333662154380126, 0.39101840552643796]}