{"enet": [{"auroc": [0.5828009828009829, 0.5545454545454546, 0.5611793611793612, 0.5538083538083538, 0.5385749385749385, 0.5545454545454546, 0.5538083538083538, 0.5538083538083538, 0.5538083538083538, 0.4800982800982801], "acc": [0.5978260869565217, 0.40217391304347827, 0.5978260869565217, 0.5978260869565217, 0.5978260869565217, 0.40217391304347827, 0.5978260869565217, 0.5978260869565217, 0.5978260869565217, 0.5978260869565217], "aps": [0.5198634121367345, 0.43784420241746896, 0.5133556864912685, 0.4494279476442653, 0.4384370796138298, 0.43784420241746896, 0.4494279476442653, 0.4494279476442653, 0.4494279476442653, 0.39889459231136537], "f1": [0.0, 0.5736434108527132, 0.0, 0.0, 0.0, 0.5736434108527132, 0.0, 0.0, 0.0, 0.0], "auprc": [0.5080065924369617, 0.4245280380169885, 0.49570260919639064, 0.43803698032014327, 0.4221038013468419, 0.4245280380169885, 0.43803698032014327, 0.43803698032014327, 0.43803698032014327, 0.38069735459328724]}]}