{"auroc": [0.5955773955773956, 0.5906633906633907, 0.5036855036855037, 0.5906633906633907, 0.5641277641277642, 0.543980343980344, 0.6004914004914005, 0.5710073710073711, 0.5941031941031941, 0.5361179361179361], "acc": [0.5978260869565217, 0.5978260869565217, 0.40217391304347827, 0.5978260869565217, 0.5978260869565217, 0.5978260869565217, 0.5978260869565217, 0.5978260869565217, 0.5978260869565217, 0.5978260869565217], "aps": [0.4775010662391873, 0.5025751647546206, 0.41969131256009573, 0.4931379304245675, 0.5032280487379523, 0.46351828188820177, 0.5065200790019279, 0.4410038342042893, 0.4732607259789847, 0.45432702672392045], "f1": [0.0, 0.0, 0.5736434108527132, 0.0, 0.0, 0.0, 0.0, 0.0, 0.0, 0.0], "auprc": [0.46114267452080177, 0.49298825794259676, 0.4037105415674343, 0.4811093282051182, 0.495187674737765, 0.4515791846292717, 0.4968859020171059, 0.42698107780162764, 0.45696524098526786, 0.43563720762256675]}