{"auroc": [0.548894348894349, 0.4810810810810811, 0.5223587223587224, 0.48255528255528257, 0.49778869778869783, 0.5572481572481573, 0.48009828009828015, 0.5120393120393121, 0.5144963144963145, 0.5007371007371008], "acc": [0.40217391304347827, 0.5978260869565217, 0.5978260869565217, 0.5978260869565217, 0.5978260869565217, 0.5978260869565217, 0.5978260869565217, 0.5978260869565217, 0.5978260869565217, 0.5978260869565217], "aps": [0.415857786755632, 0.3897191230299959, 0.49557785147740574, 0.40068582437072, 0.41773943921226353, 0.5067361324993672, 0.39230055723797785, 0.4531045997026364, 0.43644972645633334, 0.4257683839987359], "f1": [0.5736434108527132, 0.0, 0.0, 0.0, 0.0, 0.0, 0.0, 0.0, 0.0, 0.0], "auprc": [0.4034354282909227, 0.3719332329938896, 0.48831795664236943, 0.38463733921663623, 0.39945830372155194, 0.4975747229113545, 0.37769900553408203, 0.4438692000686596, 0.42471260962166707, 0.41415002597449385]}