{"enet": [{"auroc": [0.5233415233415233, 0.5233415233415233, 0.5233415233415233, 0.5233415233415233, 0.5218673218673219, 0.5361179361179361, 0.5233415233415233, 0.5233415233415233, 0.4496314496314497, 0.5542997542997543], "acc": [0.5978260869565217, 0.5978260869565217, 0.5978260869565217, 0.5978260869565217, 0.5978260869565217, 0.5978260869565217, 0.5978260869565217, 0.5978260869565217, 0.6086956521739131, 0.5978260869565217], "aps": [0.46424368106264463, 0.46424368106264463, 0.46424368106264463, 0.46424368106264463, 0.5050590699288267, 0.4489281563639808, 0.46424368106264463, 0.46424368106264463, 0.4221765176453763, 0.4729785193577445], "f1": [0.0, 0.0, 0.0, 0.0, 0.0, 0.0, 0.0, 0.0, 0.052631578947368425, 0.0], "auprc": [0.45257752713634186, 0.45257752713634186, 0.45257752713634186, 0.45257752713634186, 0.4969899858295212, 0.43731786857050686, 0.45257752713634186, 0.45257752713634186, 0.410593999023964, 0.45432665132459515]}]}