{"enet": [{"auroc": [0.5302211302211303, 0.47371007371007373, 0.5400491400491401, 0.5253071253071253, 0.5302211302211303, 0.47371007371007373, 0.5223587223587225, 0.5302211302211304, 0.5420147420147421, 0.48599508599508606], "acc": [0.5978260869565217, 0.5978260869565217, 0.5978260869565217, 0.5978260869565217, 0.5978260869565217, 0.5978260869565217, 0.5652173913043478, 0.5978260869565217, 0.5978260869565217, 0.5978260869565217], "aps": [0.4682675972501518, 0.4243110986288554, 0.44830732019081987, 0.43048037193084504, 0.4682675972501518, 0.4243110986288554, 0.4105239261397633, 0.4407846558638734, 0.4534654312848859, 0.41607860135924896], "f1": [0.0, 0.0, 0.0, 0.0, 0.0, 0.0, 0.09090909090909091, 0.0, 0.0, 0.0], "auprc": [0.45860609073051645, 0.4152838089947804, 0.4321265625455643, 0.41963320564483025, 0.45860609073051645, 0.4152838089947804, 0.39673018793272663, 0.4294822166088866, 0.4347503249184152, 0.4046758871514561]}]}