{"enet": [{"auroc": [0.5022113022113022, 0.5, 0.5, 0.5051597051597052, 0.51990171990172, 0.4894348894348895, 0.5051597051597052, 0.5051597051597052, 0.5316953316953318, 0.51990171990172], "acc": [0.5978260869565217, 0.40217391304347827, 0.40217391304347827, 0.5978260869565217, 0.5978260869565217, 0.5978260869565217, 0.5978260869565217, 0.5978260869565217, 0.6195652173913043, 0.5978260869565217], "aps": [0.45572128760268404, 0.40217391304347827, 0.40217391304347827, 0.46821268757727846, 0.45624997310148624, 0.4195132032122427, 0.46821268757727846, 0.46821268757727846, 0.4927501074208718, 0.45624997310148624], "f1": [0.0, 0.5736434108527132, 0.5736434108527132, 0.0, 0.0, 0.0, 0.0, 0.0, 0.18604651162790697, 0.0], "auprc": [0.4464324237409258, 0.7010869565217391, 0.7010869565217391, 0.45693478338589755, 0.44436625035022087, 0.4010601623757374, 0.45693478338589755, 0.45693478338589755, 0.4835872761973323, 0.44436625035022087]}]}