{"enet": [{"auroc": [0.5316953316953317, 0.5218673218673219, 0.5, 0.5, 0.514004914004914, 0.514004914004914, 0.49926289926289924, 0.5464373464373464, 0.514004914004914, 0.5316953316953317], "acc": [0.5978260869565217, 0.5978260869565217, 0.5978260869565217, 0.5978260869565217, 0.5978260869565217, 0.5978260869565217, 0.5978260869565217, 0.5978260869565217, 0.5978260869565217, 0.5978260869565217], "aps": [0.4441861168023492, 0.4198066856742032, 0.40217391304347827, 0.40217391304347827, 0.431001507666779, 0.431001507666779, 0.42618006777049877, 0.4231284046615227, 0.431001507666779, 0.4441861168023492], "f1": [0.0, 0.0, 0.0, 0.0, 0.0, 0.0, 0.0, 0.0, 0.0, 0.0], "auprc": [0.4277648850004863, 0.4017032691518693, 0.7010869565217391, 0.7010869565217391, 0.4126081149002395, 0.4126081149002395, 0.40763190997844156, 0.4097285896733954, 0.4126081149002395, 0.4277648850004863]}]}