{"enet": [{"auroc": [0.5036855036855037, 0.5233415233415234, 0.5233415233415234, 0.5233415233415234, 0.522850122850123, 0.5233415233415234, 0.522850122850123, 0.5036855036855037, 0.568058968058968, 0.4614250614250615], "acc": [0.5978260869565217, 0.5978260869565217, 0.5978260869565217, 0.5978260869565217, 0.5978260869565217, 0.5978260869565217, 0.5978260869565217, 0.5978260869565217, 0.5978260869565217, 0.5978260869565217], "aps": [0.430271981244758, 0.44495892383082747, 0.44495892383082747, 0.44495892383082747, 0.45248008098923553, 0.44495892383082747, 0.45248008098923553, 0.430271981244758, 0.482242950677714, 0.3888354394346568], "f1": [0.0, 0.0, 0.0, 0.0, 0.0, 0.0, 0.0, 0.0, 0.0, 0.0], "auprc": [0.41876999530451947, 0.43319907766667254, 0.43319907766667254, 0.43319907766667254, 0.43429955217101623, 0.43319907766667254, 0.43429955217101623, 0.41876999530451947, 0.4702495584605693, 0.3709689624363464]}]}