{"enet": [{"auroc": [0.5090909090909091, 0.4201474201474201, 0.5090909090909091, 0.4196560196560197, 0.4196560196560197, 0.4083538083538084, 0.40049140049140053, 0.4083538083538084, 0.4083538083538084, 0.41326781326781326], "acc": [0.5978260869565217, 0.5978260869565217, 0.5978260869565217, 0.5978260869565217, 0.5978260869565217, 0.5978260869565217, 0.5978260869565217, 0.5978260869565217, 0.5978260869565217, 0.5978260869565217], "aps": [0.4455110832870934, 0.38885275749112697, 0.4455110832870934, 0.39541415754879716, 0.39541415754879716, 0.39001603377604455, 0.39847543100187627, 0.39001603377604455, 0.39001603377604455, 0.40220741815190686], "f1": [0.0, 0.0, 0.0, 0.0, 0.0, 0.0, 0.0, 0.0, 0.0, 0.0], "auprc": [0.43372823130518984, 0.38075876388257457, 0.43372823130518984, 0.387050794671886, 0.387050794671886, 0.3817840936558118, 0.391544832990949, 0.3817840936558118, 0.3817840936558118, 0.3953192258856619]}]}