{"auroc": [0.6113022113022113, 0.5572481572481572, 0.5292383292383293, 0.574938574938575, 0.5533169533169534, 0.5429975429975429, 0.5361179361179361, 0.5518427518427519, 0.4638820638820639, 0.486977886977887], "acc": [0.5978260869565217, 0.5978260869565217, 0.5978260869565217, 0.5978260869565217, 0.5978260869565217, 0.5978260869565217, 0.5978260869565217, 0.5978260869565217, 0.5978260869565217, 0.5978260869565217], "aps": [0.500942975854731, 0.429973396262389, 0.5008518167253535, 0.45255740910722175, 0.4559720465246392, 0.4646327773830689, 0.4502618824964887, 0.4429089314014337, 0.402570108626163, 0.45538665578510884], "f1": [0.0, 0.0, 0.0, 0.0, 0.0, 0.0, 0.0, 0.0, 0.0, 0.0], "auprc": [0.48246013706141, 0.41678186745209866, 0.49377113907533104, 0.4362638612956369, 0.4374314543904489, 0.45282866407221095, 0.43189657699853423, 0.4243051538249109, 0.39173389644578965, 0.44727919027792845]}