{"auroc": [0.5670761670761671, 0.51007371007371, 0.5425061425061425, 0.521867321867322, 0.5906633906633907, 0.49434889434889434, 0.4766584766584767, 0.4702702702702703, 0.4904176904176904, 0.5729729729729729], "acc": [0.5869565217391305, 0.6086956521739131, 0.5978260869565217, 0.40217391304347827, 0.5978260869565217, 0.40217391304347827, 0.40217391304347827, 0.5978260869565217, 0.5869565217391305, 0.5978260869565217], "aps": [0.47634633618646594, 0.42872442776764685, 0.45146067347448954, 0.42203975513996006, 0.5045810102540413, 0.38185175279844835, 0.3883604202723146, 0.3918431699694117, 0.38759407409475866, 0.4728081360391698], "f1": [0.29629629629629634, 0.1, 0.0, 0.5736434108527132, 0.0, 0.5736434108527132, 0.5736434108527132, 0.0, 0.0, 0.0], "auprc": [0.4649510146269236, 0.4176339078367769, 0.439921817143696, 0.40389170567467597, 0.4926810389648691, 0.3685880218683326, 0.3727773402940669, 0.37412956077941795, 0.37078410351572805, 0.46125395789214646]}