{"auroc": [0.514987714987715, 0.5557739557739558, 0.5184275184275184, 0.4835380835380835, 0.4579852579852581, 0.5066339066339067, 0.4879606879606879, 0.5454545454545454, 0.49828009828009834, 0.6255528255528255], "acc": [0.5978260869565217, 0.5978260869565217, 0.5978260869565217, 0.5978260869565217, 0.43478260869565216, 0.5978260869565217, 0.40217391304347827, 0.5978260869565217, 0.40217391304347827, 0.5978260869565217], "aps": [0.4760084577862466, 0.44992447848646777, 0.4154984399727013, 0.41792981783110505, 0.40568362779010664, 0.40116749118494477, 0.40617397936131755, 0.4336441054002595, 0.4277006294745579, 0.5473209432982458], "f1": [0.0, 0.0, 0.0, 0.0, 0.4347826086956522, 0.0, 0.5736434108527132, 0.0, 0.5736434108527132, 0.0], "auprc": [0.4667498982469323, 0.4313801604233498, 0.39990094218127553, 0.406549093844749, 0.3945192903511871, 0.38343038504192395, 0.3913876474647544, 0.4186351485475659, 0.41644034373490585, 0.5391841129829298]}