{"auroc": [0.5425061425061425, 0.542014742014742, 0.5656019656019656, 0.5184275184275184, 0.5371007371007371, 0.5125307125307126, 0.5410319410319411, 0.5316953316953318, 0.5474201474201474, 0.45307125307125307], "acc": [0.5869565217391305, 0.40217391304347827, 0.40217391304347827, 0.40217391304347827, 0.40217391304347827, 0.40217391304347827, 0.40217391304347827, 0.40217391304347827, 0.5978260869565217, 0.40217391304347827], "aps": [0.4280055154007646, 0.44615572042397056, 0.48648545842669016, 0.41031925016579224, 0.444746151278692, 0.4166166444164439, 0.45016586422612465, 0.4077587139716021, 0.4363008564061046, 0.3994635976232109], "f1": [0.13636363636363638, 0.5736434108527132, 0.5736434108527132, 0.5736434108527132, 0.5736434108527132, 0.5736434108527132, 0.5736434108527132, 0.5736434108527132, 0.0, 0.5736434108527132], "auprc": [0.40982683343123255, 0.42774477192212246, 0.47456267540970254, 0.39515529221685014, 0.42624014700298984, 0.40606372529925466, 0.4383971273955778, 0.3943862504571558, 0.41806822480801153, 0.388306214578776]}