{"auroc": [0.539066339066339, 0.5896805896805897, 0.5837837837837838, 0.548894348894349, 0.514987714987715, 0.5061425061425061, 0.5882063882063882, 0.5400491400491401, 0.5233415233415233, 0.6019656019656019], "acc": [0.5978260869565217, 0.5978260869565217, 0.5978260869565217, 0.5978260869565217, 0.5978260869565217, 0.5978260869565217, 0.5978260869565217, 0.5978260869565217, 0.5978260869565217, 0.5978260869565217], "aps": [0.45479799076936367, 0.5277854362297094, 0.49897428683860334, 0.4705030992547684, 0.4380071452501964, 0.46844102631250395, 0.5301239674346536, 0.4763473197758622, 0.4558359364194871, 0.5068417426636602], "f1": [0.0, 0.0, 0.0, 0.0, 0.0, 0.0, 0.0, 0.0, 0.0, 0.0], "auprc": [0.44290674781736344, 0.5163634535269428, 0.48722451748796397, 0.4585845392415136, 0.4262596031330282, 0.4602800737747127, 0.518463840732164, 0.46464076232196544, 0.44417169059618744, 0.48849775361509573]}