{"enet": [{"auroc": [0.5508599508599509, 0.48255528255528257, 0.5135135135135135, 0.4894348894348895, 0.49041769041769046, 0.4894348894348895, 0.4818181818181818, 0.48255528255528257, 0.5508599508599509, 0.4894348894348895], "acc": [0.5978260869565217, 0.5978260869565217, 0.5978260869565217, 0.5978260869565217, 0.5978260869565217, 0.5978260869565217, 0.5978260869565217, 0.5978260869565217, 0.5978260869565217, 0.5978260869565217], "aps": [0.452586579774827, 0.42116235253487144, 0.43458295522451584, 0.4031306132156798, 0.4185236184670497, 0.4031306132156798, 0.40217391304347827, 0.42116235253487144, 0.452586579774827, 0.4031306132156798], "f1": [0.0, 0.0, 0.0, 0.0, 0.0, 0.0, 0.0, 0.0, 0.0, 0.0], "auprc": [0.4410178745879654, 0.40525605460926384, 0.41837134939783316, 0.38757472355641526, 0.4024358563667453, 0.38757472355641526, 0.20108695652173914, 0.40525605460926384, 0.4410178745879654, 0.38757472355641526]}]}