{"enet": [{"auroc": [0.5316953316953317, 0.5, 0.5071253071253071, 0.5, 0.5, 0.5, 0.5, 0.5316953316953317, 0.5, 0.5], "acc": [0.5978260869565217, 0.5978260869565217, 0.5978260869565217, 0.5978260869565217, 0.5978260869565217, 0.5978260869565217, 0.5978260869565217, 0.5978260869565217, 0.5978260869565217, 0.5978260869565217], "aps": [0.42452157530056345, 0.40217391304347827, 0.4211661179515087, 0.40217391304347827, 0.40217391304347827, 0.40217391304347827, 0.40217391304347827, 0.42452157530056345, 0.40217391304347827, 0.40217391304347827], "f1": [0.0, 0.0, 0.0, 0.0, 0.0, 0.0, 0.0, 0.0, 0.0, 0.0], "auprc": [0.4061668372701508, 0.7010869565217391, 0.40489216623541735, 0.7010869565217391, 0.7010869565217391, 0.7010869565217391, 0.7010869565217391, 0.4061668372701508, 0.7010869565217391, 0.7010869565217391]}]}