{"auroc": [0.5926289926289926, 0.5852579852579853, 0.5695331695331696, 0.5493857493857494, 0.571990171990172, 0.5395577395577396, 0.6171990171990172, 0.5380835380835381, 0.5582309582309583, 0.5960687960687961], "acc": [0.5978260869565217, 0.5978260869565217, 0.5978260869565217, 0.5978260869565217, 0.5978260869565217, 0.5978260869565217, 0.5978260869565217, 0.5978260869565217, 0.5978260869565217, 0.5978260869565217], "aps": [0.4680834718267872, 0.46042625951150284, 0.46229196996888955, 0.48473177881514523, 0.4587262250414595, 0.46160780648076394, 0.5058533604866567, 0.4511462036119046, 0.4576613259403407, 0.5328723362015373], "f1": [0.0, 0.0, 0.0, 0.0, 0.0, 0.0, 0.0, 0.0, 0.0, 0.0], "auprc": [0.45292215944610736, 0.44984495547827646, 0.45119284963867284, 0.473089787466144, 0.44081302475606443, 0.4430332480766287, 0.4894608015371322, 0.4399919844163938, 0.4391339473059184, 0.5245258936443538]}