{"enet": [{"auroc": [0.51990171990172, 0.45208845208845216, 0.42997542997543003, 0.5184275184275184, 0.44520884520884524, 0.45208845208845216, 0.44373464373464383, 0.5184275184275184, 0.428009828009828, 0.44520884520884524], "acc": [0.5978260869565217, 0.5978260869565217, 0.5978260869565217, 0.5978260869565217, 0.5978260869565217, 0.5978260869565217, 0.5978260869565217, 0.5978260869565217, 0.5978260869565217, 0.5978260869565217], "aps": [0.44600259844552326, 0.4014127173718545, 0.39103982034343115, 0.43448883666274973, 0.40055814357125874, 0.4014127173718545, 0.39826125438089066, 0.43448883666274973, 0.37763438769090596, 0.40055814357125874], "f1": [0.0, 0.0, 0.0, 0.0, 0.0, 0.0, 0.0, 0.0, 0.0, 0.0], "auprc": [0.4344553180937994, 0.3933042169146813, 0.3831229566086337, 0.5595867606737173, 0.39239413158822023, 0.3933042169146813, 0.3900827360979765, 0.5595867606737173, 0.3600358857185574, 0.39239413158822023]}]}