{"auroc": [0.4884520884520885, 0.5061425061425062, 0.46339066339066337, 0.5007371007371006, 0.4938574938574939, 0.47149877149877156, 0.5179361179361179, 0.4874692874692876, 0.49877149877149884, 0.5012285012285013], "acc": [0.5978260869565217, 0.40217391304347827, 0.5978260869565217, 0.40217391304347827, 0.5978260869565217, 0.5978260869565217, 0.40217391304347827, 0.40217391304347827, 0.40217391304347827, 0.5978260869565217], "aps": [0.3872187832856232, 0.404781916994162, 0.37692516998283937, 0.39452010652848285, 0.4024145070740034, 0.38026358569265206, 0.4034858725187008, 0.38477842206736523, 0.3864016179567509, 0.40354402305017534], "f1": [0.0, 0.5736434108527132, 0.0, 0.5736434108527132, 0.0, 0.0, 0.5736434108527132, 0.5736434108527132, 0.5736434108527132, 0.0], "auprc": [0.3740226506398203, 0.38734048089101014, 0.36299607397086736, 0.37925316667449577, 0.3866258334749915, 0.3665016014386761, 0.3862380998911085, 0.3719352090999474, 0.37157535740104236, 0.38650229352411036]}