{"enet": [{"auroc": [0.5415233415233416, 0.5375921375921375, 0.537100737100737, 0.5277641277641278, 0.5326781326781327, 0.5464373464373464, 0.5513513513513514, 0.5277641277641278, 0.5277641277641278, 0.5464373464373464], "acc": [0.5978260869565217, 0.5978260869565217, 0.5978260869565217, 0.5978260869565217, 0.5978260869565217, 0.5978260869565217, 0.5978260869565217, 0.5978260869565217, 0.5978260869565217, 0.5978260869565217], "aps": [0.46543221715269323, 0.48076274169638233, 0.47096850050307754, 0.4371266378449377, 0.4468754588457651, 0.45640634396687585, 0.4493155303197284, 0.4371266378449377, 0.4371266378449377, 0.45640634396687585], "f1": [0.0, 0.0, 0.0, 0.0, 0.0, 0.0, 0.0, 0.0, 0.0, 0.0], "auprc": [0.4536306563521743, 0.4711762307402477, 0.4590141014955125, 0.42621248166699716, 0.42817733631568106, 0.4377081679662112, 0.4341681551770188, 0.42621248166699716, 0.42621248166699716, 0.4377081679662112]}]}