{"auroc": [0.46928746928746934, 0.5395577395577396, 0.576904176904177, 0.520884520884521, 0.4918918918918919, 0.543980343980344, 0.6014742014742015, 0.5179361179361179, 0.4776412776412777, 0.47714987714987717], "acc": [0.5978260869565217, 0.5978260869565217, 0.5978260869565217, 0.5978260869565217, 0.5978260869565217, 0.40217391304347827, 0.5978260869565217, 0.40217391304347827, 0.5978260869565217, 0.5978260869565217], "aps": [0.3951249712878651, 0.42173764915974143, 0.4951681451507927, 0.42253997150591194, 0.43295779602156204, 0.47234661900778013, 0.5453959163107649, 0.4134404573490997, 0.39590440964930895, 0.42787343820311174], "f1": [0.0, 0.0, 0.0, 0.0, 0.0, 0.5736434108527132, 0.0, 0.5736434108527132, 0.0, 0.0], "auprc": [0.37935493451144214, 0.4059951509468422, 0.48699420451043124, 0.4042503167549529, 0.42117277772760714, 0.45610041349005104, 0.536448125503145, 0.4031482121889642, 0.3814377352484458, 0.40996970347068495]}