{"auroc": [0.5076167076167076, 0.5203931203931205, 0.5823095823095823, 0.5434889434889435, 0.5135135135135136, 0.5027027027027027, 0.49877149877149873, 0.49828009828009834, 0.46191646191646196, 0.4992628992628993], "acc": [0.5978260869565217, 0.5978260869565217, 0.5978260869565217, 0.5978260869565217, 0.5978260869565217, 0.5978260869565217, 0.5978260869565217, 0.5978260869565217, 0.5978260869565217, 0.5978260869565217], "aps": [0.4064610889897956, 0.43439031864711125, 0.46014549565094554, 0.4378971639349917, 0.41151468468379027, 0.4047273033516845, 0.4187552023849297, 0.4055911793231137, 0.47368070925119493, 0.4041747388924435], "f1": [0.0, 0.0, 0.0, 0.0, 0.0, 0.0, 0.0, 0.0, 0.0, 0.0], "auprc": [0.39094630553695764, 0.42296149118410825, 0.4439797602461383, 0.4197487657671513, 0.39568738736005055, 0.3901937129959519, 0.4004929472885647, 0.3897673908384667, 0.466119902177582, 0.3867535097660477]}