{"enet": [{"auroc": [0.5007371007371008, 0.5095823095823097, 0.5007371007371008, 0.46486486486486484, 0.4997542997542998, 0.46486486486486484, 0.49533169533169535, 0.5503685503685504, 0.5228501228501229, 0.5454545454545455], "acc": [0.5978260869565217, 0.5978260869565217, 0.5978260869565217, 0.5978260869565217, 0.5978260869565217, 0.5978260869565217, 0.5978260869565217, 0.5978260869565217, 0.5978260869565217, 0.5978260869565217], "aps": [0.45674647156667886, 0.47162868092936794, 0.45674647156667886, 0.3867553414321815, 0.4593590183052237, 0.3867553414321815, 0.45217962335361495, 0.49072206391697537, 0.43814179807033493, 0.4985218568568892], "f1": [0.0, 0.0, 0.0, 0.0, 0.0, 0.0, 0.0, 0.0, 0.0, 0.0], "auprc": [0.4450972982799144, 0.4624265971119853, 0.4450972982799144, 0.369371668997477, 0.44766734344458603, 0.369371668997477, 0.442604373528792, 0.4792081046968343, 0.42181780376099676, 0.48676475059234764]}]}