{"enet": [{"auroc": [0.5366093366093366, 0.47616707616707626, 0.4963144963144963, 0.5061425061425062, 0.4727272727272728, 0.4727272727272728, 0.4874692874692875, 0.47665847665847677, 0.5366093366093366, 0.5366093366093366], "acc": [0.5978260869565217, 0.5978260869565217, 0.5978260869565217, 0.5978260869565217, 0.5978260869565217, 0.5978260869565217, 0.5978260869565217, 0.5978260869565217, 0.5978260869565217, 0.5978260869565217], "aps": [0.4201956686918298, 0.4108729657994129, 0.40780453039337144, 0.4180673690928546, 0.4025619999471172, 0.4025619999471172, 0.38821860962029714, 0.40658014582843915, 0.4201956686918298, 0.4201956686918298], "f1": [0.0, 0.0, 0.0, 0.0, 0.0, 0.0, 0.0, 0.0, 0.0, 0.0], "auprc": [0.4026009115938423, 0.3948625741064481, 0.3905284393070815, 0.40212423303058736, 0.38788231901338704, 0.38788231901338704, 0.373334115283431, 0.39191182795131413, 0.4026009115938423, 0.4026009115938423]}]}