{"enet": [{"auroc": [0.5022113022113022, 0.49533169533169535, 0.4864864864864865, 0.4864864864864865, 0.5739557739557739, 0.5931203931203931, 0.5931203931203931, 0.5842751842751843, 0.5842751842751843, 0.5739557739557739], "acc": [0.5978260869565217, 0.40217391304347827, 0.5978260869565217, 0.5978260869565217, 0.5978260869565217, 0.5978260869565217, 0.5978260869565217, 0.5978260869565217, 0.5978260869565217, 0.5978260869565217], "aps": [0.4571245419472967, 0.4000587544065805, 0.42798488463076156, 0.42798488463076156, 0.45222558381360645, 0.5089835574758502, 0.5089835574758502, 0.5005198632292016, 0.49588177392553684, 0.45222558381360645], "f1": [0.0, 0.5736434108527132, 0.0, 0.0, 0.0, 0.0, 0.0, 0.0, 0.0, 0.0], "auprc": [0.4478381260666505, 0.6918618690357821, 0.4189225850713294, 0.4189225850713294, 0.4361310709646688, 0.4994855148050952, 0.4994855148050952, 0.481950563615668, 0.4862800719539675, 0.4361310709646688]}]}