{"enet": [{"auroc": [0.5292383292383293, 0.47174447174447176, 0.49582309582309586, 0.5292383292383293, 0.4864864864864865, 0.5601965601965603, 0.49582309582309586, 0.5085995085995086, 0.5859950859950861, 0.5085995085995086], "acc": [0.5978260869565217, 0.5978260869565217, 0.40217391304347827, 0.5978260869565217, 0.5978260869565217, 0.40217391304347827, 0.40217391304347827, 0.5652173913043478, 0.391304347826087, 0.5652173913043478], "aps": [0.4697888293442249, 0.4314078327958084, 0.40017820017820016, 0.4697888293442249, 0.4511174998606333, 0.478953921515418, 0.40017820017820016, 0.4187685094253245, 0.4919008801719671, 0.4187685094253245], "f1": [0.0, 0.0, 0.5736434108527132, 0.0, 0.0, 0.5736434108527132, 0.5736434108527132, 0.2, 0.5625, 0.2], "auprc": [0.461661408299541, 0.4222179019251283, 0.6919809919809919, 0.461661408299541, 0.4422626073424565, 0.5321840343887466, 0.6919809919809919, 0.40044624714385724, 0.4871484243260084, 0.40044624714385724]}]}