{"auroc": [0.5371007371007371, 0.5142506142506144, 0.47862407862407863, 0.5041769041769043, 0.4810810810810811, 0.48009828009828015, 0.44864864864864873, 0.4835380835380836, 0.4358722358722359, 0.49090909090909096], "acc": [0.5978260869565217, 0.40217391304347827, 0.5543478260869565, 0.40217391304347827, 0.5978260869565217, 0.40217391304347827, 0.5978260869565217, 0.40217391304347827, 0.5978260869565217, 0.5978260869565217], "aps": [0.46820545903490646, 0.4169785352604146, 0.38293167521384086, 0.4152306131695362, 0.41711558780014163, 0.4079133200871784, 0.389151520690357, 0.38857542965790537, 0.3744172338734676, 0.42568448350714827], "f1": [0.0, 0.5736434108527132, 0.08888888888888889, 0.5736434108527132, 0.0, 0.5736434108527132, 0.0, 0.5736434108527132, 0.0, 0.0], "auprc": [0.4565006354840169, 0.4068156999937003, 0.36795731363821044, 0.4043489223674909, 0.40604592446657933, 0.3972537261627964, 0.37863818643787567, 0.371563588428437, 0.3588812359989801, 0.4141868983113406]}