{"enet": [{"auroc": [0.5194103194103195, 0.5714987714987715, 0.5194103194103195, 0.5292383292383293, 0.5287469287469287, 0.5292383292383293, 0.5287469287469287, 0.4918918918918919, 0.5031941031941032, 0.544963144963145], "acc": [0.5978260869565217, 0.5978260869565217, 0.5978260869565217, 0.5978260869565217, 0.5978260869565217, 0.5978260869565217, 0.5978260869565217, 0.5978260869565217, 0.5978260869565217, 0.5978260869565217], "aps": [0.43636518183914047, 0.45925672862614814, 0.43636518183914047, 0.45070655759868544, 0.43088268756332604, 0.45070655759868544, 0.43088268756332604, 0.4406905864056878, 0.43246277880743295, 0.45152466346345344], "f1": [0.0, 0.0, 0.0, 0.0, 0.0, 0.0, 0.0, 0.0, 0.0, 0.0], "auprc": [0.4247571176945935, 0.4476985608559208, 0.4247571176945935, 0.438921360438684, 0.4147037833794788, 0.438921360438684, 0.4147037833794788, 0.42915501456044636, 0.4208424403634868, 0.43295174613086007]}]}