{"auroc": [0.5459459459459459, 0.4633906633906634, 0.5626535626535627, 0.5238329238329238, 0.548894348894349, 0.4943488943488944, 0.5567567567567567, 0.49533169533169535, 0.5012285012285013, 0.5945945945945946], "acc": [0.5978260869565217, 0.5978260869565217, 0.5978260869565217, 0.5978260869565217, 0.5978260869565217, 0.5978260869565217, 0.5978260869565217, 0.5978260869565217, 0.5978260869565217, 0.5978260869565217], "aps": [0.46146365449256155, 0.3744922598334601, 0.5006181221212067, 0.469368436611494, 0.4633963833524593, 0.4116295919057982, 0.5045664538759498, 0.42518070665475066, 0.4165784431022682, 0.4829432113710161], "f1": [0.0, 0.0, 0.0, 0.0, 0.0, 0.0, 0.0, 0.0, 0.0, 0.0], "auprc": [0.44306148904389764, 0.36176757383448355, 0.48878734616821934, 0.4575893152791847, 0.4520526840043492, 0.3954176023320161, 0.4955267357154914, 0.41399906194810265, 0.40028698503942334, 0.4710681311854073]}