{"enet": [{"auroc": [0.568058968058968, 0.4299754299754299, 0.4712530712530713, 0.4211302211302212, 0.4712530712530713, 0.4712530712530713, 0.4211302211302212, 0.4176904176904177, 0.568058968058968, 0.4176904176904177], "acc": [0.5978260869565217, 0.5978260869565217, 0.5978260869565217, 0.5978260869565217, 0.5978260869565217, 0.5978260869565217, 0.5978260869565217, 0.5978260869565217, 0.5978260869565217, 0.5978260869565217], "aps": [0.47559104719336587, 0.4077366647831416, 0.3833241556386837, 0.3751248844030397, 0.3833241556386837, 0.3833241556386837, 0.3751248844030397, 0.36205286918523377, 0.47559104719336587, 0.36205286918523377], "f1": [0.0, 0.0, 0.0, 0.0, 0.0, 0.0, 0.0, 0.0, 0.0, 0.0], "auprc": [0.4641472068652345, 0.3647057880566126, 0.36606104600934664, 0.35729702782301204, 0.36606104600934664, 0.36606104600934664, 0.35729702782301204, 0.34685611824511325, 0.4641472068652345, 0.34685611824511325]}]}