{"auroc": [0.49778869778869783, 0.5552825552825553, 0.5366093366093366, 0.5135135135135135, 0.6058968058968058, 0.5351351351351351, 0.5316953316953318, 0.51007371007371, 0.5523341523341524, 0.5046683046683047], "acc": [0.40217391304347827, 0.40217391304347827, 0.40217391304347827, 0.40217391304347827, 0.5978260869565217, 0.40217391304347827, 0.40217391304347827, 0.40217391304347827, 0.5760869565217391, 0.40217391304347827], "aps": [0.39958867826784783, 0.46193444267541656, 0.42961339916300456, 0.42147127228616743, 0.48442630652961827, 0.4114582669348914, 0.44698593465268255, 0.39917699984523025, 0.4311299327338224, 0.3951597283657329], "f1": [0.5736434108527132, 0.5736434108527132, 0.5736434108527132, 0.5736434108527132, 0.0, 0.5736434108527132, 0.5736434108527132, 0.5736434108527132, 0.23529411764705885, 0.5736434108527132], "auprc": [0.3840476297017236, 0.45039316666924845, 0.4133201538846526, 0.41065646891903235, 0.4657786102755066, 0.396208770477871, 0.42868643434926723, 0.3857848933448985, 0.4163951508951329, 0.37820461768313074]}