{"auroc": [0.33928571428571425, 0.05357142857142857, 0.39285714285714285, 0.42857142857142855, 0.5178571428571428, 0.3571428571428571, 0.26785714285714285, 0.35714285714285715, 0.3214285714285714, 0.3392857142857143], "acc": [0.4666666666666667, 0.06666666666666667, 0.3333333333333333, 0.4, 0.4666666666666667, 0.26666666666666666, 0.2, 0.4666666666666667, 0.3333333333333333, 0.4666666666666667], "aps": [0.43021978021978025, 0.321797250368679, 0.44359410430838997, 0.5356833642547929, 0.5929181929181928, 0.4363636363636364, 0.384981684981685, 0.41633089133089135, 0.4213453213453213, 0.4023853130995988], "f1": [0.2, 0.125, 0.2857142857142857, 0.39999999999999997, 0.42857142857142855, 0.26666666666666666, 0.14285714285714285, 0.5, 0.375, 0.5], "auprc": [0.3633366633366633, 0.2844956630670917, 0.3780762887905745, 0.5023500309214595, 0.558874062445491, 0.3693568336425479, 0.3330645544931259, 0.361765218908076, 0.3555706198563341, 0.3547662654805512]}