{"auroc": [0.5535714285714286, 0.4464285714285714, 0.33928571428571425, 0.5, 0.3214285714285714, 0.3214285714285714, 0.42857142857142855, 0.4821428571428571, 0.5178571428571429, 0.5892857142857143], "acc": [0.6, 0.4666666666666667, 0.3333333333333333, 0.6, 0.5333333333333333, 0.4, 0.4666666666666667, 0.4666666666666667, 0.4, 0.6], "aps": [0.6738095238095239, 0.49282622139765, 0.43435374149659867, 0.5904761904761904, 0.5059654631083204, 0.42025117739403456, 0.5846011131725417, 0.5231292517006803, 0.561873840445269, 0.6838435374149658], "f1": [0.5, 0.42857142857142855, 0.4444444444444444, 0.5714285714285714, 0.0, 0.39999999999999997, 0.6363636363636364, 0.42857142857142855, 0.47058823529411764, 0.5714285714285714], "auprc": [0.6529260422117564, 0.4232053660625089, 0.36671185956900243, 0.556497470783185, 0.4734051662623091, 0.3634484563055992, 0.5525498311212597, 0.45343624629338913, 0.49378359735502586, 0.6622514390371532]}