{"auroc": [0.5535714285714286, 0.3928571428571428, 0.6607142857142857, 0.48214285714285715, 0.5714285714285714, 0.46428571428571425, 0.5357142857142857, 0.375, 0.5535714285714286, 0.6428571428571428], "acc": [0.5333333333333333, 0.5333333333333333, 0.5333333333333333, 0.5333333333333333, 0.5333333333333333, 0.5333333333333333, 0.5333333333333333, 0.5333333333333333, 0.5333333333333333, 0.5333333333333333], "aps": [0.5262737262737263, 0.45660173160173156, 0.6399659863945579, 0.5453514739229025, 0.5437340437340437, 0.49974747474747483, 0.5357753357753358, 0.43205960705960705, 0.5151102865388579, 0.7262737262737262], "f1": [0.0, 0.0, 0.0, 0.0, 0.0, 0.0, 0.0, 0.0, 0.0, 0.0], "auprc": [0.456447520733235, 0.38797928262213977, 0.6061095650381365, 0.5139606425320711, 0.4739078381935525, 0.4308544629973201, 0.4663570556427699, 0.3753573807145236, 0.45718884290312856, 0.7112094254951398]}