{"auroc": [0.39285714285714285, 0.23214285714285715, 0.4285714285714285, 0.4107142857142857, 0.30357142857142855, 0.5714285714285714, 0.6071428571428571, 0.375, 0.4107142857142857, 0.3392857142857143], "acc": [0.4666666666666667, 0.3333333333333333, 0.5333333333333333, 0.4, 0.4666666666666667, 0.6, 0.6, 0.4, 0.4666666666666667, 0.3333333333333333], "aps": [0.45586913086913083, 0.36658341658341664, 0.44390847247990106, 0.5213976499690786, 0.39373325087610805, 0.5190785405071119, 0.5893166357452071, 0.43840881340881344, 0.45473098330241185, 0.4927738927738928], "f1": [0.2, 0.375, 0.5333333333333333, 0.47058823529411764, 0.42857142857142855, 0.5, 0.5, 0.30769230769230765, 0.5, 0.2857142857142857], "auprc": [0.3872621426192855, 0.32410803482232053, 0.3887342815914244, 0.48925479282622136, 0.3484037787609216, 0.4611987219130076, 0.5208487940630797, 0.37198436484150765, 0.3970148898720328, 0.46271347699919124]}