{"enet": [{"auroc": [0.5892857142857143, 0.5357142857142857, 0.5714285714285714, 0.5178571428571429, 0.5714285714285714, 0.5357142857142857, 0.5357142857142856, 0.5357142857142857, 0.5714285714285714, 0.5267857142857143], "acc": [0.5333333333333333, 0.5333333333333333, 0.5333333333333333, 0.5333333333333333, 0.5333333333333333, 0.5333333333333333, 0.6, 0.5333333333333333, 0.5333333333333333, 0.6666666666666666], "aps": [0.6298796441653585, 0.6083333333333334, 0.6445054945054944, 0.5845238095238094, 0.6702380952380951, 0.5988095238095237, 0.5720779220779222, 0.5988095238095237, 0.6702380952380951, 0.5713762428048142], "f1": [0.0, 0.0, 0.0, 0.0, 0.0, 0.0, 0.4, 0.0, 0.0, 0.5454545454545454], "auprc": [0.5967425431711146, 0.574496336996337, 0.6119919762776905, 0.5506868131868132, 0.6483058608058607, 0.5649725274725275, 0.5987786023500309, 0.5649725274725275, 0.6483058608058607, 0.6005815612958469]}]}