{"auroc": [0.5535714285714286, 0.5178571428571428, 0.625, 0.5714285714285714, 0.5, 0.5892857142857142, 0.5357142857142857, 0.4464285714285714, 0.5892857142857142, 0.5714285714285714], "acc": [0.5333333333333333, 0.5333333333333333, 0.5333333333333333, 0.5333333333333333, 0.5333333333333333, 0.5333333333333333, 0.5333333333333333, 0.5333333333333333, 0.5333333333333333, 0.5333333333333333], "aps": [0.5126682840968555, 0.5982683982683983, 0.5568859711716854, 0.5477633477633477, 0.575937950937951, 0.6690785405071118, 0.6418058132343847, 0.5303502053502054, 0.5328231292517007, 0.522253143681715], "f1": [0.0, 0.0, 0.0, 0.0, 0.0, 0.0, 0.0, 0.0, 0.0, 0.0], "auprc": [0.4547468404611261, 0.5642547928262214, 0.4998715570144141, 0.47830344258915686, 0.5427330605902034, 0.6468975468975469, 0.6196969696969696, 0.49840794126508414, 0.4751155590441305, 0.4536590393733251]}