{"enet": [{"auroc": [0.4464285714285714, 0.5535714285714286, 0.5178571428571429, 0.5535714285714286, 0.5, 0.5535714285714286, 0.4642857142857143, 0.5535714285714286, 0.4464285714285714, 0.5535714285714286], "acc": [0.5333333333333333, 0.5333333333333333, 0.4666666666666667, 0.6, 0.5333333333333333, 0.6, 0.4666666666666667, 0.5333333333333333, 0.5333333333333333, 0.6], "aps": [0.5391414141414141, 0.5365079365079365, 0.49399529042386187, 0.5320905285191, 0.4984126984126984, 0.5320905285191, 0.45646258503401355, 0.5365079365079365, 0.5391414141414141, 0.5320905285191], "f1": [0.0, 0.36363636363636365, 0.3333333333333333, 0.5, 0.36363636363636365, 0.5, 0.2, 0.36363636363636365, 0.0, 0.5], "auprc": [0.5060086738658167, 0.584920634920635, 0.5077119309262166, 0.5815214547357405, 0.546485260770975, 0.5815214547357405, 0.4745722531436817, 0.584920634920635, 0.5060086738658167, 0.5815214547357405]}]}