{"auroc": [0.48214285714285715, 0.375, 0.44642857142857145, 0.4107142857142857, 0.3571428571428571, 0.39285714285714285, 0.35714285714285715, 0.375, 0.4821428571428571, 0.4464285714285714], "acc": [0.5333333333333333, 0.5333333333333333, 0.4, 0.4, 0.4, 0.5333333333333333, 0.4, 0.5333333333333333, 0.4, 0.4], "aps": [0.504029304029304, 0.43086913086913087, 0.5462585034013605, 0.46833642547928267, 0.4486394557823129, 0.4327664399092971, 0.4153061224489796, 0.4302411873840446, 0.5737571951857665, 0.5071428571428571], "f1": [0.588235294117647, 0.0, 0.5263157894736842, 0.5263157894736842, 0.39999999999999997, 0.588235294117647, 0.5263157894736842, 0.5333333333333333, 0.47058823529411764, 0.5263157894736842], "auprc": [0.43427088784231643, 0.3746182389039532, 0.512619919762777, 0.39905570619856334, 0.37980709766424053, 0.3824611896040468, 0.36619134833420547, 0.3740557061985633, 0.5398934398934399, 0.43763022691594117]}