{"enet": [{"auroc": [0.3214285714285714, 0.36607142857142855, 0.4107142857142857, 0.33035714285714285, 0.42857142857142855, 0.36607142857142855, 0.33035714285714285, 0.33035714285714285, 0.33035714285714285, 0.375], "acc": [0.4666666666666667, 0.4666666666666667, 0.5333333333333333, 0.4, 0.4, 0.4666666666666667, 0.4, 0.4, 0.4, 0.3333333333333333], "aps": [0.40512780869923726, 0.44407259407259414, 0.5224489795918368, 0.3952630702630703, 0.44588744588744583, 0.44407259407259414, 0.3952630702630703, 0.3952630702630703, 0.3952630702630703, 0.4046786546786547], "f1": [0.5, 0.2, 0.588235294117647, 0.18181818181818182, 0.39999999999999997, 0.2, 0.18181818181818182, 0.18181818181818182, 0.18181818181818182, 0.4444444444444444], "auprc": [0.35069969712826854, 0.4476701869559012, 0.49119134833420547, 0.4174569478140906, 0.5098330241187383, 0.4476701869559012, 0.4174569478140906, 0.4174569478140906, 0.4174569478140906, 0.5767565767565768]}]}