{"enet": [{"auroc": [0.4107142857142857, 0.39285714285714285, 0.375, 0.375, 0.3839285714285714, 0.4107142857142857, 0.38392857142857145, 0.39285714285714285, 0.39285714285714285, 0.3214285714285714], "acc": [0.3333333333333333, 0.4, 0.4, 0.5333333333333333, 0.3333333333333333, 0.3333333333333333, 0.4, 0.4, 0.4, 0.4666666666666667], "aps": [0.46904761904761905, 0.43874458874458877, 0.4248299319727891, 0.42324263038548754, 0.44308390022675737, 0.46904761904761905, 0.4153929403929404, 0.43874458874458877, 0.43874458874458877, 0.40022675736961455], "f1": [0.4444444444444444, 0.47058823529411764, 0.5263157894736842, 0.588235294117647, 0.16666666666666666, 0.4444444444444444, 0.47058823529411764, 0.47058823529411764, 0.47058823529411764, 0.5], "auprc": [0.4007254650111793, 0.38817135245706674, 0.37452468166753883, 0.37412785627071343, 0.4476822780394209, 0.4007254650111793, 0.5347372865230009, 0.38817135245706674, 0.38817135245706674, 0.35482513518227804]}]}