{"auroc": [0.375, 0.625, 0.48214285714285715, 0.35714285714285715, 0.5892857142857143, 0.4107142857142857, 0.3928571428571428, 0.5, 0.5, 0.375], "acc": [0.3333333333333333, 0.6, 0.4, 0.3333333333333333, 0.5333333333333333, 0.4666666666666667, 0.4, 0.4666666666666667, 0.5333333333333333, 0.5333333333333333], "aps": [0.43914141414141417, 0.6894557823129253, 0.5402236652236652, 0.41090576090576086, 0.7063492063492063, 0.46352219209362067, 0.5102607709750567, 0.4888365602651317, 0.5603174603174603, 0.5166916416916416], "f1": [0.16666666666666666, 0.4, 0.39999999999999997, 0.2857142857142857, 0.4615384615384615, 0.3333333333333333, 0.39999999999999997, 0.3333333333333333, 0.5333333333333333, 0.22222222222222224], "auprc": [0.37270150484436193, 0.65876504447933, 0.5094413522984951, 0.3617299367299367, 0.6914266289266289, 0.39449003377574804, 0.48048340548340546, 0.4309567416710274, 0.5274221809936095, 0.4841236144807573]}