{"auroc": [0.5, 0.4642857142857143, 0.5, 0.6785714285714286, 0.17857142857142855, 0.46428571428571425, 0.4464285714285714, 0.5178571428571428, 0.5535714285714286, 0.5892857142857142], "acc": [0.5333333333333333, 0.5333333333333333, 0.5333333333333333, 0.5333333333333333, 0.3333333333333333, 0.5333333333333333, 0.4666666666666667, 0.4, 0.6, 0.4666666666666667], "aps": [0.49836036978894127, 0.5065759637188209, 0.5945578231292517, 0.777498691784406, 0.36140763997906855, 0.49523809523809514, 0.540873015873016, 0.6841880341880342, 0.5726190476190476, 0.7080808080808081], "f1": [0.4615384615384615, 0.588235294117647, 0.5333333333333333, 0.0, 0.16666666666666666, 0.4615384615384615, 0.5555555555555556, 0.5263157894736842, 0.5714285714285714, 0.5], "auprc": [0.42976626548055114, 0.4372230943659515, 0.5605791034362463, 0.7645996860282573, 0.31013986013986017, 0.4255450898308041, 0.507694289837147, 0.6695136212993356, 0.5042582417582417, 0.6931843949701091]}