{"auroc": [0.375, 0.4642857142857143, 0.39285714285714285, 0.3571428571428571, 0.5714285714285715, 0.46428571428571425, 0.6071428571428571, 0.375, 0.3214285714285714, 0.5714285714285714], "acc": [0.4666666666666667, 0.5333333333333333, 0.4, 0.4, 0.4666666666666667, 0.4, 0.4, 0.26666666666666666, 0.4666666666666667, 0.6666666666666666], "aps": [0.4504578754578754, 0.5437118437118438, 0.4466200466200466, 0.41533189033189033, 0.6362244897959184, 0.4566068851783137, 0.6180272108843538, 0.4228105228105228, 0.40405071119356833, 0.5019068233353947], "f1": [0.2, 0.4615384615384615, 0.47058823529411764, 0.30769230769230765, 0.5555555555555556, 0.18181818181818182, 0.5714285714285714, 0.26666666666666666, 0.42857142857142855, 0.7058823529411764], "auprc": [0.3819591123162551, 0.5109737484737484, 0.37958707958707955, 0.36079674293960007, 0.6027276295133437, 0.40140652997795856, 0.551622187336473, 0.3676823176823176, 0.3541577470148899, 0.45135023706452276]}