{"auroc": [0.375, 0.5714285714285714, 0.4464285714285714, 0.625, 0.4821428571428571, 0.3392857142857143, 0.4464285714285714, 0.39285714285714285, 0.4642857142857143, 0.25], "acc": [0.5333333333333333, 0.6, 0.4666666666666667, 0.5333333333333333, 0.4666666666666667, 0.4666666666666667, 0.4666666666666667, 0.5333333333333333, 0.3333333333333333, 0.4], "aps": [0.42080934938077796, 0.644047619047619, 0.46366649223792084, 0.5586167800453514, 0.5095238095238095, 0.43304988662131516, 0.5112244897959184, 0.43514739229024946, 0.6159863945578231, 0.37241805813234385], "f1": [0.5333333333333333, 0.6250000000000001, 0.5555555555555556, 0.0, 0.5555555555555556, 0.5, 0.5, 0.5333333333333333, 0.4444444444444444, 0.47058823529411764], "auprc": [0.3752005930577359, 0.6114010989010988, 0.40615297401011685, 0.4889043496186353, 0.43983080411651837, 0.3656347620633335, 0.4417118595690024, 0.38008023722309436, 0.5940928119499548, 0.3314316635745207]}