{"enet": [{"auroc": [0.4464285714285714, 0.3839285714285714, 0.3839285714285714, 0.42857142857142855, 0.5, 0.5, 0.42857142857142855, 0.375, 0.5, 0.3839285714285714], "acc": [0.5333333333333333, 0.4666666666666667, 0.4666666666666667, 0.4666666666666667, 0.4666666666666667, 0.4666666666666667, 0.4666666666666667, 0.4666666666666667, 0.6, 0.4], "aps": [0.5382867132867133, 0.4123015873015873, 0.4123015873015873, 0.5235569985569986, 0.5006802721088435, 0.5006802721088435, 0.4444444444444445, 0.4102607709750567, 0.5587824873539158, 0.44014041514041513], "f1": [0.0, 0.2, 0.2, 0.2, 0.3333333333333333, 0.3333333333333333, 0.2, 0.2, 0.25, 0.18181818181818182], "auprc": [0.5053523857095286, 0.434297052154195, 0.434297052154195, 0.492759224902082, 0.5487528344671202, 0.5487528344671202, 0.4581349206349206, 0.4323386930529788, 0.5251524269381411, 0.4450985522414094]}]}