{"auroc": [0.5535714285714286, 0.6428571428571428, 0.4107142857142857, 0.375, 0.5357142857142857, 0.5714285714285714, 0.5, 0.46428571428571425, 0.6071428571428571, 0.625], "acc": [0.5333333333333333, 0.6666666666666666, 0.5333333333333333, 0.5333333333333333, 0.5333333333333333, 0.5333333333333333, 0.5333333333333333, 0.5333333333333333, 0.5333333333333333, 0.5333333333333333], "aps": [0.5959183673469388, 0.6300453514739228, 0.539979068550497, 0.5171245421245421, 0.5039072039072039, 0.599145299145299, 0.5053502053502053, 0.5390022675736961, 0.6291125541125542, 0.6294483294483295], "f1": [0.0, 0.7368421052631579, 0.0, 0.0, 0.0, 0.0, 0.0, 0.0, 0.0, 0.0], "auprc": [0.5618064475207332, 0.5960472067614925, 0.5063055991627421, 0.48436622900908616, 0.4459857602714745, 0.5650333793190936, 0.4357378732378732, 0.5065626833483976, 0.595508658008658, 0.5956765456765457]}