{"auroc": [0.3571428571428571, 0.2857142857142857, 0.4464285714285714, 0.39285714285714285, 0.5, 0.33928571428571425, 0.3214285714285714, 0.5357142857142857, 0.4642857142857143, 0.25], "acc": [0.4, 0.3333333333333333, 0.4666666666666667, 0.4, 0.4, 0.4, 0.4, 0.5333333333333333, 0.4666666666666667, 0.4], "aps": [0.4982683982683983, 0.38478069549498123, 0.5349507635221922, 0.4401404151404152, 0.6170634920634921, 0.40138631210059783, 0.39503710575139145, 0.5857142857142856, 0.45920508063365206, 0.3734170591313449], "f1": [0.30769230769230765, 0.375, 0.42857142857142855, 0.39999999999999997, 0.30769230769230765, 0.39999999999999997, 0.39999999999999997, 0.631578947368421, 0.5, 0.18181818181818182], "auprc": [0.4681663574520717, 0.33745837495837494, 0.5024832310546596, 0.38319379033664747, 0.5957633636205064, 0.3537977895120752, 0.34764699586128156, 0.5516023658880802, 0.4084986442129299, 0.32662813377099087]}