{"auroc": [0.5178571428571429, 0.5535714285714286, 0.5, 0.48214285714285715, 0.5178571428571428, 0.5357142857142857, 0.5535714285714285, 0.5535714285714285, 0.6607142857142857, 0.5535714285714286], "acc": [0.5333333333333333, 0.5333333333333333, 0.5333333333333333, 0.5333333333333333, 0.5333333333333333, 0.5333333333333333, 0.5333333333333333, 0.5333333333333333, 0.5333333333333333, 0.5333333333333333], "aps": [0.5171768707482993, 0.523953823953824, 0.4959183673469388, 0.48815628815628814, 0.522169893598465, 0.5218864468864468, 0.5273809523809523, 0.5412698412698412, 0.7886054421768707, 0.5346415489272631], "f1": [0.0, 0.0, 0.0, 0.0, 0.0, 0.0, 0.0, 0.0, 0.0, 0.0], "auprc": [0.4598704866562009, 0.46639868068439494, 0.438023088023088, 0.4303026338740624, 0.45241147741147736, 0.46451465201465203, 0.4699675324675324, 0.4718099360956503, 0.7789181057038199, 0.47769492412349557]}