{"auroc": [0.5357142857142857, 0.4107142857142857, 0.5357142857142857, 0.39285714285714285, 0.48214285714285715, 0.4464285714285714, 0.6785714285714285, 0.5892857142857143, 0.42857142857142855, 0.4821428571428571], "acc": [0.6, 0.4666666666666667, 0.5333333333333333, 0.5333333333333333, 0.4, 0.4666666666666667, 0.6, 0.6, 0.4666666666666667, 0.4666666666666667], "aps": [0.5370962370962371, 0.5254792826221398, 0.6024943310657596, 0.4533490319204606, 0.6261904761904762, 0.4696446410732125, 0.6916666666666667, 0.6838435374149658, 0.5701377987092273, 0.6015563801278088], "f1": [0.5, 0.5, 0.588235294117647, 0.5333333333333333, 0.47058823529411764, 0.5, 0.4, 0.6250000000000001, 0.5, 0.5555555555555556], "auprc": [0.46734218162789587, 0.4931033252461824, 0.568855747427176, 0.385301603158746, 0.6042968935826079, 0.4118631368631368, 0.6595238095238094, 0.6622514390371532, 0.5366060526774812, 0.5689820100534386]}