{"enet": [{"auroc": [0.5357142857142857, 0.4375, 0.48214285714285715, 0.625, 0.4375, 0.5267857142857142, 0.48214285714285715, 0.48214285714285715, 0.4107142857142857, 0.5267857142857142], "acc": [0.5333333333333333, 0.5333333333333333, 0.6, 0.5333333333333333, 0.5333333333333333, 0.6, 0.6, 0.6, 0.4666666666666667, 0.6], "aps": [0.5459794174079888, 0.4928571428571429, 0.6421245421245421, 0.6115646258503402, 0.4928571428571429, 0.588949938949939, 0.6421245421245421, 0.6421245421245421, 0.42298495155638016, 0.588949938949939], "f1": [0.588235294117647, 0.22222222222222224, 0.4, 0.36363636363636365, 0.22222222222222224, 0.5, 0.4, 0.4, 0.42857142857142855, 0.5], "auprc": [0.47622100122100114, 0.48891227819799254, 0.6216961609818752, 0.6379097093382807, 0.48891227819799254, 0.6276665794522938, 0.6216961609818752, 0.6216961609818752, 0.4965960626674912, 0.6276665794522938]}]}