{"auroc": [0.44642857142857145, 0.26785714285714285, 0.39285714285714285, 0.4285714285714286, 0.3571428571428571, 0.3571428571428571, 0.375, 0.4464285714285714, 0.4464285714285714, 0.4107142857142857], "acc": [0.5333333333333333, 0.5333333333333333, 0.5333333333333333, 0.5333333333333333, 0.5333333333333333, 0.5333333333333333, 0.5333333333333333, 0.5333333333333333, 0.5333333333333333, 0.5333333333333333], "aps": [0.4659340659340659, 0.386929736929737, 0.4596982382696668, 0.5319727891156463, 0.42230467944753664, 0.4192743764172336, 0.4230460016174302, 0.47851909994767133, 0.46842839699982564, 0.4636054421768708], "f1": [0.0, 0.0, 0.0, 0.0, 0.0, 0.0, 0.0, 0.0, 0.0, 0.0], "auprc": [0.4080804116518403, 0.3333844726701869, 0.3906020566734852, 0.49952468166753883, 0.36626092161806445, 0.3643489447060876, 0.37274749060463347, 0.4208458208458208, 0.4013649049363335, 0.4059975738547167]}