{"enet": [{"auroc": [0.42857142857142855, 0.30357142857142855, 0.42857142857142855, 0.41964285714285715, 0.625, 0.30357142857142855, 0.5357142857142857, 0.625, 0.3392857142857143, 0.5803571428571429], "acc": [0.4666666666666667, 0.4666666666666667, 0.4666666666666667, 0.4, 0.7333333333333333, 0.4666666666666667, 0.5333333333333333, 0.7333333333333333, 0.4666666666666667, 0.6666666666666666], "aps": [0.5271585557299843, 0.4808691308691309, 0.5271585557299843, 0.43021978021978025, 0.6155939298796442, 0.4808691308691309, 0.5247165532879818, 0.6155939298796442, 0.4919235526378384, 0.5743197278911565], "f1": [0.5555555555555556, 0.5555555555555556, 0.5555555555555556, 0.5263157894736842, 0.7142857142857143, 0.5555555555555556, 0.588235294117647, 0.7142857142857143, 0.5555555555555556, 0.6666666666666666], "auprc": [0.49583551369265655, 0.4526794633937491, 0.49583551369265655, 0.6326268969126112, 0.7015044479330192, 0.4526794633937491, 0.6775859061573347, 0.7015044479330192, 0.46245837495837494, 0.702387493458922]}]}