{"enet": [{"auroc": [0.5714285714285714, 0.5357142857142857, 0.375, 0.5714285714285714, 0.5357142857142857, 0.375, 0.5535714285714285, 0.5178571428571428, 0.5714285714285714, 0.5], "acc": [0.4666666666666667, 0.6, 0.4, 0.4666666666666667, 0.6, 0.4, 0.5333333333333333, 0.4666666666666667, 0.4666666666666667, 0.5333333333333333], "aps": [0.5785714285714285, 0.5856833642547928, 0.4127808699237271, 0.5785714285714285, 0.5856833642547928, 0.4127808699237271, 0.5412698412698412, 0.5846629560915275, 0.5785714285714285, 0.4666666666666667], "f1": [0.5555555555555556, 0.4, 0.30769230769230765, 0.5555555555555556, 0.4, 0.30769230769230765, 0.22222222222222224, 0.5, 0.5555555555555556, 0.0], "auprc": [0.5103019995877138, 0.6128312164026449, 0.4864990168561597, 0.5103019995877138, 0.6128312164026449, 0.4864990168561597, 0.4715419501133786, 0.5506493506493506, 0.5103019995877138, 0.7333333333333334]}]}