{"enet": [{"auroc": [0.3928571428571428, 0.4375, 0.3839285714285714, 0.4017857142857143, 0.3839285714285714, 0.3839285714285714, 0.4017857142857143, 0.4285714285714286, 0.3928571428571428, 0.4285714285714286], "acc": [0.5333333333333333, 0.3333333333333333, 0.3333333333333333, 0.4, 0.3333333333333333, 0.3333333333333333, 0.4, 0.4, 0.5333333333333333, 0.4], "aps": [0.5220779220779221, 0.4286848072562358, 0.40992063492063496, 0.41425479282622135, 0.40992063492063496, 0.40992063492063496, 0.41425479282622135, 0.4342403628117914, 0.5220779220779221, 0.4342403628117914], "f1": [0.0, 0.16666666666666666, 0.2857142857142857, 0.18181818181818182, 0.2857142857142857, 0.2857142857142857, 0.18181818181818182, 0.18181818181818182, 0.0, 0.18181818181818182], "auprc": [0.48959492888064315, 0.4551278086992373, 0.432694289837147, 0.44076994434137295, 0.432694289837147, 0.432694289837147, 0.44076994434137295, 0.45368223046794476, 0.48959492888064315, 0.45368223046794476]}]}