{"enet": [{"auroc": [0.4464285714285714, 0.4017857142857143, 0.4464285714285714, 0.375, 0.4732142857142857, 0.4107142857142857, 0.4017857142857143, 0.4464285714285714, 0.4464285714285714, 0.4107142857142857], "acc": [0.5333333333333333, 0.3333333333333333, 0.4, 0.3333333333333333, 0.4666666666666667, 0.5333333333333333, 0.3333333333333333, 0.4, 0.5333333333333333, 0.5333333333333333], "aps": [0.5382867132867133, 0.41043083900226757, 0.4240672026386312, 0.39121315192743766, 0.45913134484563056, 0.5170634920634921, 0.41043083900226757, 0.4240672026386312, 0.5382867132867133, 0.5170634920634921], "f1": [0.0, 0.16666666666666666, 0.18181818181818182, 0.16666666666666666, 0.42857142857142855, 0.22222222222222224, 0.16666666666666666, 0.18181818181818182, 0.0, 0.22222222222222224], "auprc": [0.5053523857095286, 0.4387055404912547, 0.4547644815501958, 0.4293083900226757, 0.5689386010814583, 0.4862657184085755, 0.4387055404912547, 0.4547644815501958, 0.5053523857095286, 0.4862657184085755]}]}