{"auroc": [0.39285714285714285, 0.3214285714285714, 0.4464285714285714, 0.4107142857142857, 0.30357142857142855, 0.6071428571428571, 0.5892857142857143, 0.5, 0.5357142857142857, 0.5714285714285714], "acc": [0.4666666666666667, 0.4, 0.3333333333333333, 0.3333333333333333, 0.4, 0.6, 0.6, 0.6, 0.5333333333333333, 0.3333333333333333], "aps": [0.5130119880119881, 0.40405071119356833, 0.5596982382696669, 0.5445578231292516, 0.42150587507730364, 0.634157905586477, 0.6229024943310657, 0.5482683982683982, 0.5511904761904761, 0.6702380952380951], "f1": [0.2, 0.39999999999999997, 0.4444444444444444, 0.4444444444444444, 0.39999999999999997, 0.5, 0.5714285714285714, 0.5714285714285714, 0.4615384615384615, 0.5], "auprc": [0.48130976166690453, 0.3541577470148899, 0.5262901780758923, 0.5110996146710433, 0.35450561343418485, 0.6000459857602713, 0.5888888888888888, 0.47983801912373336, 0.4816391941391941, 0.6483058608058607]}