{"enet": [{"auroc": [0.30357142857142855, 0.30357142857142855, 0.30357142857142855, 0.30357142857142855, 0.5, 0.5, 0.5, 0.33035714285714285, 0.5, 0.30357142857142855], "acc": [0.4666666666666667, 0.4666666666666667, 0.4666666666666667, 0.4666666666666667, 0.5333333333333333, 0.5333333333333333, 0.5333333333333333, 0.3333333333333333, 0.5333333333333333, 0.4666666666666667], "aps": [0.3962275819418677, 0.3962275819418677, 0.3962275819418677, 0.3962275819418677, 0.4666666666666667, 0.4666666666666667, 0.48976578976578977, 0.3903929403929404, 0.4666666666666667, 0.3962275819418677], "f1": [0.0, 0.0, 0.0, 0.0, 0.0, 0.0, 0.0, 0.2857142857142857, 0.0, 0.0], "auprc": [0.34333642547928256, 0.34333642547928256, 0.34333642547928256, 0.34333642547928256, 0.7333333333333334, 0.7333333333333334, 0.4212717837717837, 0.4138777888777888, 0.7333333333333334, 0.34333642547928256]}]}