{"auroc": [0.375, 0.375, 0.3571428571428571, 0.30357142857142855, 0.42857142857142855, 0.5892857142857143, 0.375, 0.39285714285714285, 0.39285714285714285, 0.4285714285714286], "acc": [0.4666666666666667, 0.4666666666666667, 0.3333333333333333, 0.26666666666666666, 0.5333333333333333, 0.6666666666666666, 0.4, 0.4, 0.4, 0.4], "aps": [0.44112554112554114, 0.44112554112554114, 0.5022977022977023, 0.4835731728588871, 0.5397649969078542, 0.6487571951857667, 0.42709750566893423, 0.44304861804861795, 0.5438775510204081, 0.5499690785405071], "f1": [0.2, 0.3333333333333333, 0.2857142857142857, 0.15384615384615383, 0.5333333333333333, 0.5454545454545454, 0.39999999999999997, 0.30769230769230765, 0.39999999999999997, 0.5263157894736842], "auprc": [0.37409257409257407, 0.37409257409257407, 0.4710468103325246, 0.45420809349380775, 0.5061985633414205, 0.61604526425955, 0.37659384266527124, 0.3767809571381, 0.5107594786166214, 0.5164026449740735]}