{"enet": [{"auroc": [0.4107142857142857, 0.3214285714285714, 0.46428571428571425, 0.5357142857142857, 0.4107142857142857, 0.3214285714285714, 0.3214285714285714, 0.5357142857142857, 0.5535714285714285, 0.46428571428571425], "acc": [0.5333333333333333, 0.4, 0.4666666666666667, 0.5333333333333333, 0.5333333333333333, 0.4, 0.4, 0.4666666666666667, 0.6, 0.4666666666666667], "aps": [0.5150226757369614, 0.39555167055167056, 0.45799755799755804, 0.49523809523809526, 0.5150226757369614, 0.39555167055167056, 0.39555167055167056, 0.48996598639455785, 0.5294261294261294, 0.45799755799755804], "f1": [0.588235294117647, 0.47058823529411764, 0.5, 0.631578947368421, 0.588235294117647, 0.47058823529411764, 0.47058823529411764, 0.3333333333333333, 0.6250000000000001, 0.5], "auprc": [0.48521914593343163, 0.35055579341293625, 0.6068332461189604, 0.7068027210884353, 0.48521914593343163, 0.35055579341293625, 0.35055579341293625, 0.5048053137338852, 0.6822300715157859, 0.6068332461189604]}]}