{"auroc": [0.4821428571428571, 0.39285714285714285, 0.5714285714285714, 0.2857142857142857, 0.6785714285714286, 0.6071428571428571, 0.4821428571428571, 0.6071428571428571, 0.5714285714285714, 0.42857142857142855], "acc": [0.5333333333333333, 0.4, 0.5333333333333333, 0.3333333333333333, 0.6, 0.4666666666666667, 0.4666666666666667, 0.6, 0.4666666666666667, 0.4666666666666667], "aps": [0.5103785103785103, 0.4319204604918891, 0.5773286237571952, 0.38738404452690167, 0.6392857142857142, 0.6048229548229549, 0.47565450422593286, 0.5814935064935065, 0.6874149659863946, 0.43820861678004536], "f1": [0.36363636363636365, 0.30769230769230765, 0.4615384615384615, 0.5, 0.5714285714285714, 0.6, 0.42857142857142855, 0.6250000000000001, 0.5, 0.0], "auprc": [0.44073565323565317, 0.3767878946450375, 0.5089024071166928, 0.34225298511012797, 0.5726190476190475, 0.5377594627594627, 0.4180993609565038, 0.5121753246753247, 0.6668716204430489, 0.3889606425320711]}