{"enet": [{"auroc": [0.4642857142857143, 0.4910714285714286, 0.5, 0.5089285714285714, 0.5535714285714285, 0.5535714285714285, 0.17857142857142855, 0.5178571428571429, 0.4642857142857143, 0.4642857142857143], "acc": [0.5333333333333333, 0.4666666666666667, 0.5333333333333333, 0.5333333333333333, 0.5333333333333333, 0.5333333333333333, 0.5333333333333333, 0.5333333333333333, 0.5333333333333333, 0.5333333333333333], "aps": [0.5477934763649048, 0.5031746031746032, 0.4999476713762428, 0.513095238095238, 0.5595547309833024, 0.5595547309833024, 0.3615852401566687, 0.5047095761381475, 0.5477934763649048, 0.5477934763649048], "f1": [0.0, 0.3333333333333333, 0.36363636363636365, 0.36363636363636365, 0.36363636363636365, 0.36363636363636365, 0.0, 0.36363636363636365, 0.0, 0.0], "auprc": [0.5142050409907553, 0.5049101691958835, 0.5492368742368742, 0.5149725274725274, 0.584992784992785, 0.584992784992785, 0.3110815771530058, 0.5539726146869004, 0.5142050409907553, 0.5142050409907553]}]}