{"auroc": [0.4464285714285714, 0.3392857142857143, 0.39285714285714285, 0.375, 0.4821428571428571, 0.44642857142857145, 0.24999999999999997, 0.5535714285714286, 0.5178571428571428, 0.48214285714285715], "acc": [0.5333333333333333, 0.4666666666666667, 0.4666666666666667, 0.4666666666666667, 0.5333333333333333, 0.4666666666666667, 0.5333333333333333, 0.4666666666666667, 0.5333333333333333, 0.5333333333333333], "aps": [0.48503401360544207, 0.40924036281179144, 0.46039991754277465, 0.44495464852607713, 0.5095238095238095, 0.47551020408163264, 0.39984301412872847, 0.6226190476190476, 0.5469387755102041, 0.4936507936507936], "f1": [0.36363636363636365, 0.5, 0.5555555555555556, 0.5555555555555556, 0.36363636363636365, 0.5, 0.0, 0.5555555555555556, 0.588235294117647, 0.588235294117647], "auprc": [0.41534100819815106, 0.35950200593057735, 0.39126092161806447, 0.3773591487877202, 0.43983080411651837, 0.4177219605791035, 0.3353872318158032, 0.5887820512820512, 0.47758590615733465, 0.43586255014826447]}