{"enet": [{"auroc": [0.46428571428571425, 0.46428571428571425, 0.46428571428571425, 0.46428571428571425, 0.5, 0.5267857142857143, 0.46428571428571425, 0.46428571428571425, 0.6071428571428571, 0.2857142857142857], "acc": [0.4666666666666667, 0.4666666666666667, 0.4666666666666667, 0.4666666666666667, 0.5333333333333333, 0.5333333333333333, 0.4666666666666667, 0.4666666666666667, 0.6, 0.4], "aps": [0.46598639455782315, 0.46598639455782315, 0.46598639455782315, 0.46598639455782315, 0.5186551543694401, 0.5078841793127508, 0.46598639455782315, 0.46598639455782315, 0.5582766439909297, 0.38313234384662953], "f1": [0.5555555555555556, 0.5555555555555556, 0.5555555555555556, 0.5555555555555556, 0.5333333333333333, 0.4615384615384615, 0.5555555555555556, 0.5555555555555556, 0.5714285714285714, 0.47058823529411764], "auprc": [0.40840508697651556, 0.40840508697651556, 0.40840508697651556, 0.40840508697651556, 0.6313900385328957, 0.6000305250305249, 0.40840508697651556, 0.40840508697651556, 0.6708616780045351, 0.34169461490890063]}]}