{"auroc": [0.5535714285714286, 0.5535714285714286, 0.49999999999999994, 0.5357142857142857, 0.4464285714285714, 0.5357142857142857, 0.5535714285714286, 0.5, 0.3571428571428571, 0.6428571428571429], "acc": [0.5333333333333333, 0.5333333333333333, 0.5333333333333333, 0.5333333333333333, 0.5333333333333333, 0.5333333333333333, 0.5333333333333333, 0.5333333333333333, 0.5333333333333333, 0.5333333333333333], "aps": [0.6124149659863944, 0.5346415489272631, 0.5886922601208315, 0.5218864468864468, 0.538949938949939, 0.5299319727891156, 0.5346415489272631, 0.5880643166357451, 0.43024118738404454, 0.5877551020408163], "f1": [0.0, 0.0, 0.0, 0.0, 0.0, 0.0, 0.0, 0.0, 0.0, 0.0], "auprc": [0.57891810570382, 0.47769492412349557, 0.5547202797202797, 0.46451465201465203, 0.5062380080237223, 0.47305075876504443, 0.47769492412349557, 0.5544978830693117, 0.373205366062509, 0.5191326530612246]}