{"enet": [{"auroc": [0.4464285714285714, 0.48214285714285715, 0.4821428571428571, 0.4821428571428571, 0.44642857142857145, 0.3839285714285714, 0.3839285714285714, 0.4821428571428571, 0.4821428571428571, 0.48214285714285715], "acc": [0.6, 0.5333333333333333, 0.4666666666666667, 0.4666666666666667, 0.5333333333333333, 0.5333333333333333, 0.5333333333333333, 0.4666666666666667, 0.4666666666666667, 0.5333333333333333], "aps": [0.4841880341880342, 0.6173160173160173, 0.475139146567718, 0.475139146567718, 0.5444745730460017, 0.4533490319204605, 0.4533490319204605, 0.475139146567718, 0.475139146567718, 0.6173160173160173], "f1": [0.5, 0.36363636363636365, 0.2, 0.2, 0.22222222222222224, 0.36363636363636365, 0.36363636363636365, 0.2, 0.2, 0.36363636363636365], "auprc": [0.5337993355850499, 0.5955473098330241, 0.4887445887445887, 0.4887445887445887, 0.5108427286998716, 0.455879834451263, 0.455879834451263, 0.4887445887445887, 0.4887445887445887, 0.5955473098330241]}]}