{"auroc": [0.5, 0.46428571428571425, 0.49999999999999994, 0.5178571428571428, 0.375, 0.49999999999999994, 0.6428571428571429, 0.5892857142857143, 0.5178571428571428, 0.5892857142857143], "acc": [0.5333333333333333, 0.5333333333333333, 0.5333333333333333, 0.5333333333333333, 0.5333333333333333, 0.5333333333333333, 0.5333333333333333, 0.5333333333333333, 0.5333333333333333, 0.5333333333333333], "aps": [0.4894771894771895, 0.5646825396825397, 0.5564625850340136, 0.586765615337044, 0.443825222396651, 0.5808080808080809, 0.6375850340136053, 0.5515262515262515, 0.5238095238095237, 0.595063666492238], "f1": [0.0, 0.0, 0.0, 0.0, 0.0, 0.0, 0.0, 0.0, 0.0, 0.0], "auprc": [0.43162789591361017, 0.5315038136466708, 0.48848056705199555, 0.5530199958771387, 0.3760917653774796, 0.5469100344100344, 0.6038854003139718, 0.4817721960579103, 0.45398331826903254, 0.5622143729286586]}