{"enet": [{"auroc": [0.4642857142857143, 0.4464285714285714, 0.4642857142857143, 0.41964285714285715, 0.5178571428571428, 0.41964285714285715, 0.3839285714285714, 0.5714285714285714, 0.4642857142857143, 0.5535714285714286], "acc": [0.5333333333333333, 0.4666666666666667, 0.5333333333333333, 0.4, 0.5333333333333333, 0.4, 0.4666666666666667, 0.5333333333333333, 0.4666666666666667, 0.6666666666666666], "aps": [0.5125541125541125, 0.45263783835212407, 0.5125541125541125, 0.46355311355311357, 0.5284271284271285, 0.46355311355311357, 0.41295093795093796, 0.5090136054421769, 0.6223356009070294, 0.5726190476190476], "f1": [0.4615384615384615, 0.42857142857142855, 0.4615384615384615, 0.39999999999999997, 0.4615384615384615, 0.39999999999999997, 0.3333333333333333, 0.4615384615384615, 0.5, 0.5454545454545454], "auprc": [0.4429332572189715, 0.560162456591028, 0.4429332572189715, 0.5562199705056847, 0.5992909867909868, 0.5562199705056847, 0.43460626674912384, 0.5727607709750566, 0.6005837416551703, 0.5042582417582417]}]}