{"enet": [{"auroc": [0.3928571428571428, 0.42857142857142855, 0.3928571428571428, 0.5, 0.5, 0.5, 0.30357142857142855, 0.3928571428571428, 0.25, 0.3928571428571428], "acc": [0.5333333333333333, 0.3333333333333333, 0.5333333333333333, 0.5333333333333333, 0.5333333333333333, 0.5333333333333333, 0.3333333333333333, 0.5333333333333333, 0.3333333333333333, 0.5333333333333333], "aps": [0.4313492063492064, 0.4460927960927961, 0.4313492063492064, 0.4666666666666667, 0.4666666666666667, 0.4666666666666667, 0.39209362066504927, 0.4313492063492064, 0.36107939679368256, 0.4313492063492064], "f1": [0.0, 0.4444444444444444, 0.0, 0.0, 0.0, 0.0, 0.16666666666666666, 0.0, 0.2857142857142857, 0.0], "auprc": [0.3755514326942898, 0.5951088593945737, 0.3755514326942898, 0.7333333333333334, 0.7333333333333334, 0.7333333333333334, 0.346897150468579, 0.3755514326942898, 0.38987758273472556, 0.3755514326942898]}]}