{"auroc": [0.4464285714285714, 0.42857142857142855, 0.5, 0.42857142857142855, 0.5535714285714286, 0.5357142857142857, 0.4107142857142857, 0.42857142857142855, 0.4107142857142857, 0.6071428571428571], "acc": [0.5333333333333333, 0.5333333333333333, 0.5333333333333333, 0.5333333333333333, 0.5333333333333333, 0.5333333333333333, 0.5333333333333333, 0.5333333333333333, 0.5333333333333333, 0.5333333333333333], "aps": [0.4913832199546485, 0.4642333856619571, 0.48956916099773246, 0.47074829931972784, 0.5456959706959706, 0.6024943310657596, 0.45150405150405143, 0.457997557997558, 0.5440725940725941, 0.5511904761904762], "f1": [0.0, 0.0, 0.0, 0.0, 0.0, 0.0, 0.0, 0.0, 0.0, 0.0], "auprc": [0.4218319379033665, 0.40656010656010655, 0.43167388167388165, 0.40224577010291296, 0.4764194139194139, 0.568855747427176, 0.39386427064998497, 0.4002856270713414, 0.5107654250511393, 0.49404761904761896]}