{"auroc": [0.33928571428571425, 0.2857142857142857, 0.5714285714285714, 0.5357142857142857, 0.4642857142857143, 0.4464285714285714, 0.5, 0.17857142857142855, 0.4107142857142857, 0.5892857142857143], "acc": [0.3333333333333333, 0.3333333333333333, 0.6, 0.5333333333333333, 0.5333333333333333, 0.4, 0.4666666666666667, 0.26666666666666666, 0.4666666666666667, 0.4666666666666667], "aps": [0.40852916924345495, 0.3844405594405595, 0.5697278911564626, 0.5905285190999476, 0.5456349206349207, 0.4415275200989487, 0.5047095761381475, 0.35298154226725653, 0.4563182848897135, 0.53217377860235], "f1": [0.16666666666666666, 0.16666666666666666, 0.5714285714285714, 0.36363636363636365, 0.631578947368421, 0.30769230769230765, 0.5555555555555556, 0.15384615384615383, 0.42857142857142855, 0.2], "auprc": [0.35501443001443, 0.33966925931211644, 0.5010921618064474, 0.5567567353281638, 0.5124300302871732, 0.39589259946402805, 0.43492499563928133, 0.31212656391227817, 0.38826272933415784, 0.4637213976499691]}