{"auroc": [0.375, 0.2857142857142857, 0.4107142857142857, 0.4464285714285714, 0.5178571428571429, 0.5, 0.4821428571428571, 0.4642857142857143, 0.48214285714285715, 0.3571428571428571], "acc": [0.5333333333333333, 0.5333333333333333, 0.5333333333333333, 0.5333333333333333, 0.5333333333333333, 0.5333333333333333, 0.5333333333333333, 0.5333333333333333, 0.5333333333333333, 0.5333333333333333], "aps": [0.4272108843537415, 0.405977355977356, 0.5440725940725941, 0.47851909994767133, 0.5845238095238094, 0.513234384662956, 0.48942486085343223, 0.48021978021978023, 0.6181707181707181, 0.44569597069597067], "f1": [0.0, 0.0, 0.0, 0.0, 0.0, 0.0, 0.0, 0.0, 0.0, 0.0], "auprc": [0.37214372928658646, 0.350447964733679, 0.5107654250511393, 0.4208458208458208, 0.5506868131868132, 0.44350649350649346, 0.43160173160173154, 0.4223661259375545, 0.5962452230309373, 0.377223371866229]}