{"enet": [{"auroc": [0.26785714285714285, 0.26785714285714285, 0.26785714285714285, 0.26785714285714285, 0.26785714285714285, 0.26785714285714285, 0.26785714285714285, 0.3571428571428571, 0.4107142857142857, 0.42857142857142855], "acc": [0.5333333333333333, 0.5333333333333333, 0.5333333333333333, 0.5333333333333333, 0.5333333333333333, 0.5333333333333333, 0.5333333333333333, 0.5333333333333333, 0.5333333333333333, 0.5333333333333333], "aps": [0.3810090702947846, 0.3810090702947846, 0.3810090702947846, 0.3810090702947846, 0.3810090702947846, 0.3810090702947846, 0.3810090702947846, 0.43543083900226764, 0.45572998430141287, 0.4446188731903018], "f1": [0.0, 0.0, 0.0, 0.0, 0.0, 0.0, 0.0, 0.0, 0.0, 0.0], "auprc": [0.339433978719693, 0.339433978719693, 0.339433978719693, 0.339433978719693, 0.339433978719693, 0.339433978719693, 0.339433978719693, 0.36902581545438684, 0.3886926565497994, 0.3894601430315716]}]}