{"enet": [{"auroc": [0.5357142857142858, 0.4821428571428571, 0.5357142857142857, 0.5357142857142857, 0.375, 0.375, 0.375, 0.4642857142857143, 0.5, 0.375], "acc": [0.4666666666666667, 0.5333333333333333, 0.4666666666666667, 0.4666666666666667, 0.4666666666666667, 0.4, 0.4, 0.6, 0.4, 0.4666666666666667], "aps": [0.5317460317460317, 0.5181707181707181, 0.5572039072039072, 0.5572039072039072, 0.4111412397126683, 0.42347374847374847, 0.42347374847374847, 0.5459397745112031, 0.4897959183673469, 0.4111412397126683], "f1": [0.5555555555555556, 0.4615384615384615, 0.5555555555555556, 0.5555555555555556, 0.42857142857142855, 0.30769230769230765, 0.30769230769230765, 0.25, 0.30769230769230765, 0.42857142857142855], "auprc": [0.46191982620554045, 0.5891023658880802, 0.4886359672073957, 0.4886359672073957, 0.4849923885638171, 0.48813607027892736, 0.48813607027892736, 0.5125802768659912, 0.5393574679288965, 0.4849923885638171]}]}