{"auroc": [0.6071428571428572, 0.30357142857142855, 0.3214285714285714, 0.30357142857142855, 0.5535714285714285, 0.6785714285714285, 0.6071428571428571, 0.5357142857142857, 0.5892857142857142, 0.42857142857142855], "acc": [0.5333333333333333, 0.5333333333333333, 0.5333333333333333, 0.5333333333333333, 0.5333333333333333, 0.5333333333333333, 0.5333333333333333, 0.5333333333333333, 0.5333333333333333, 0.5333333333333333], "aps": [0.622954822954823, 0.49668902526045383, 0.5012677798392084, 0.49650587507730365, 0.6373626373626373, 0.7347247990105132, 0.618140589569161, 0.5533189033189033, 0.6388888888888888, 0.5549363335077622], "f1": [0.0, 0.0, 0.0, 0.0, 0.0, 0.0, 0.0, 0.0, 0.0, 0.0], "auprc": [0.5891830391830392, 0.4647626183340469, 0.46921649778792635, 0.464851418422847, 0.60500333000333, 0.7146413110698824, 0.5841008198151055, 0.4848510616367758, 0.6059674452531595, 0.5215544376258661]}