{"enet": [{"auroc": [0.39285714285714285, 0.5803571428571429, 0.6071428571428571, 0.33928571428571425, 0.6696428571428571, 0.30357142857142855, 0.30357142857142855, 0.6696428571428571, 0.33928571428571425, 0.4821428571428571], "acc": [0.4, 0.6666666666666666, 0.6666666666666666, 0.4, 0.6666666666666666, 0.4, 0.4, 0.6666666666666666, 0.4, 0.4666666666666667], "aps": [0.508529169243455, 0.5743197278911565, 0.5423469387755102, 0.40104617604617604, 0.6035714285714286, 0.38908472479901046, 0.38908472479901046, 0.6035714285714286, 0.40104617604617604, 0.46366649223792084], "f1": [0.47058823529411764, 0.6666666666666666, 0.6666666666666666, 0.47058823529411764, 0.6666666666666666, 0.47058823529411764, 0.47058823529411764, 0.6666666666666666, 0.47058823529411764, 0.3333333333333333], "auprc": [0.4787977895120752, 0.702387493458922, 0.5917822257107971, 0.3560086738658167, 0.7315781440781441, 0.3421197849769278, 0.3421197849769278, 0.7315781440781441, 0.3560086738658167, 0.5275553811268097]}]}