{"auroc": [0.42857142857142855, 0.4464285714285714, 0.26785714285714285, 0.4821428571428571, 0.48214285714285715, 0.4464285714285714, 0.4464285714285714, 0.46428571428571425, 0.5357142857142857, 0.375], "acc": [0.5333333333333333, 0.5333333333333333, 0.5333333333333333, 0.5333333333333333, 0.5333333333333333, 0.5333333333333333, 0.5333333333333333, 0.5333333333333333, 0.5333333333333333, 0.5333333333333333], "aps": [0.4612244897959183, 0.5023500309214595, 0.3776378383521241, 0.5231292517006803, 0.5603174603174603, 0.45958485958485956, 0.4880429094714809, 0.48393035535892676, 0.516017316017316, 0.4232683982683983], "f1": [0.0, 0.0, 0.0, 0.0, 0.0, 0.0, 0.0, 0.0, 0.0, 0.0], "auprc": [0.40343624629338914, 0.43272917558631846, 0.3338869463869464, 0.45343624629338913, 0.527529216814931, 0.40292168149311003, 0.4184648684648684, 0.42614885114885115, 0.45846217274788703, 0.36771502307216586]}