{"enet": [{"auroc": [0.4642857142857143, 0.5178571428571428, 0.33928571428571425, 0.4642857142857143, 0.4821428571428571, 0.38392857142857145, 0.33928571428571425, 0.5, 0.6339285714285714, 0.5], "acc": [0.4666666666666667, 0.6, 0.4, 0.4666666666666667, 0.5333333333333333, 0.4666666666666667, 0.4, 0.6, 0.6666666666666666, 0.6], "aps": [0.5088435374149659, 0.635827664399093, 0.3907897657897658, 0.5088435374149659, 0.5167800453514739, 0.40787981859410427, 0.3907897657897658, 0.5261072261072262, 0.6374458874458875, 0.5261072261072262], "f1": [0.42857142857142855, 0.6250000000000001, 0.39999999999999997, 0.42857142857142855, 0.588235294117647, 0.5, 0.39999999999999997, 0.5, 0.6153846153846153, 0.5], "auprc": [0.43915053200767484, 0.6137537066108495, 0.41724862439148147, 0.43915053200767484, 0.4470870399441828, 0.431647717362003, 0.41724862439148147, 0.596897150468579, 0.6762931512931513, 0.596897150468579]}]}