{"enet": [{"auroc": [0.4821428571428571, 0.4375, 0.4821428571428571, 0.4375, 0.4375, 0.3839285714285714, 0.3928571428571428, 0.3839285714285714, 0.3839285714285714, 0.3571428571428571], "acc": [0.5333333333333333, 0.5333333333333333, 0.5333333333333333, 0.4666666666666667, 0.4666666666666667, 0.26666666666666666, 0.5333333333333333, 0.26666666666666666, 0.26666666666666666, 0.4666666666666667], "aps": [0.5744588744588746, 0.43160173160173165, 0.5744588744588746, 0.43160173160173165, 0.43160173160173165, 0.4024685631828489, 0.4082199546485261, 0.4024685631828489, 0.4024685631828489, 0.40852916924345495], "f1": [0.0, 0.631578947368421, 0.0, 0.5555555555555556, 0.5555555555555556, 0.15384615384615383, 0.588235294117647, 0.15384615384615383, 0.15384615384615383, 0.5], "auprc": [0.5407592407592408, 0.5955211455211455, 0.5407592407592408, 0.5955211455211455, 0.5955211455211455, 0.4321888429031286, 0.4889868068439497, 0.4321888429031286, 0.4321888429031286, 0.4264430014430014]}]}