{"auroc": [0.5178571428571428, 0.4821428571428571, 0.5, 0.48214285714285715, 0.5, 0.4285714285714286, 0.5714285714285714, 0.625, 0.6607142857142857, 0.5535714285714285], "acc": [0.6, 0.4666666666666667, 0.4666666666666667, 0.5333333333333333, 0.5333333333333333, 0.4, 0.6, 0.7333333333333333, 0.6666666666666666, 0.4], "aps": [0.6564102564102565, 0.5744588744588743, 0.6316017316017316, 0.5780045351473924, 0.5786848072562358, 0.5499690785405071, 0.625170068027211, 0.6894557823129253, 0.7727891156462585, 0.6523500309214594], "f1": [0.5, 0.5, 0.5555555555555556, 0.5333333333333333, 0.588235294117647, 0.39999999999999997, 0.6250000000000001, 0.7142857142857143, 0.6153846153846153, 0.47058823529411764], "auprc": [0.6356417392131677, 0.5405523048380192, 0.6095999238856382, 0.5443659515088086, 0.5447060875632305, 0.5164026449740735, 0.5920983778126635, 0.65876504447933, 0.7599555206698063, 0.6211645497359782]}