{"enet": [{"auroc": [0.5, 0.4464285714285714, 0.4107142857142857, 0.4107142857142857, 0.4464285714285714, 0.4107142857142857, 0.4107142857142857, 0.4464285714285714, 0.4375, 0.3392857142857143], "acc": [0.4666666666666667, 0.4666666666666667, 0.4666666666666667, 0.4666666666666667, 0.4666666666666667, 0.4666666666666667, 0.4666666666666667, 0.4666666666666667, 0.4666666666666667, 0.3333333333333333], "aps": [0.49399529042386187, 0.4706039991754278, 0.4261072261072261, 0.4261072261072261, 0.4706039991754278, 0.4261072261072261, 0.4261072261072261, 0.4706039991754278, 0.4877594627594628, 0.4173160173160173], "f1": [0.5555555555555556, 0.3333333333333333, 0.5555555555555556, 0.5555555555555556, 0.3333333333333333, 0.5555555555555556, 0.5555555555555556, 0.3333333333333333, 0.5, 0.2857142857142857], "auprc": [0.4362833594976452, 0.520405586477015, 0.5877134769991912, 0.5877134769991912, 0.520405586477015, 0.5877134769991912, 0.5877134769991912, 0.520405586477015, 0.4903366474795046, 0.47669830169830174]}]}