{"enet": [{"auroc": [0.4107142857142857, 0.3392857142857143, 0.46428571428571425, 0.49107142857142855, 0.4107142857142857, 0.3392857142857143, 0.375, 0.6964285714285714, 0.5, 0.4464285714285714], "acc": [0.4666666666666667, 0.3333333333333333, 0.4666666666666667, 0.4666666666666667, 0.4666666666666667, 0.3333333333333333, 0.5333333333333333, 0.6, 0.4, 0.6], "aps": [0.4987092272806558, 0.3968864468864469, 0.6391854177568463, 0.4989486703772418, 0.4987092272806558, 0.3968864468864469, 0.468964368964369, 0.5754329004329004, 0.6517006802721088, 0.48741496598639455], "f1": [0.5, 0.375, 0.5, 0.2, 0.5, 0.375, 0.22222222222222224, 0.5, 0.47058823529411764, 0.5], "auprc": [0.42946319553462403, 0.47166999666999665, 0.6187489098203384, 0.5006493506493506, 0.42946319553462403, 0.47166999666999665, 0.40080871509442934, 0.5898423005565863, 0.6309975738547167, 0.5369499548070976]}]}