{"auroc": [0.375, 0.5714285714285715, 0.42857142857142855, 0.48214285714285715, 0.5, 0.39285714285714285, 0.39285714285714285, 0.4107142857142857, 0.375, 0.4642857142857143], "acc": [0.5333333333333333, 0.5333333333333333, 0.5333333333333333, 0.5333333333333333, 0.5333333333333333, 0.5333333333333333, 0.5333333333333333, 0.5333333333333333, 0.5333333333333333, 0.5333333333333333], "aps": [0.4404452690166976, 0.5137755102040817, 0.47304600161743016, 0.48928571428571427, 0.4929181929181929, 0.46355311355311357, 0.4318070818070818, 0.46037851037851035, 0.5256933542647828, 0.47069597069597063], "f1": [0.0, 0.0, 0.0, 0.0, 0.0, 0.0, 0.0, 0.0, 0.0, 0.0], "auprc": [0.3830693116407402, 0.4574568288854003, 0.4036998715570144, 0.43163919413919416, 0.43503837432408865, 0.39431520860092284, 0.3812380080237223, 0.40284695463266895, 0.49236002093144954, 0.4128161521018664]}