{"enet": [{"auroc": [0.42857142857142855, 0.4285714285714286, 0.375, 0.3392857142857143, 0.375, 0.2767857142857143, 0.40178571428571425, 0.3392857142857143, 0.3392857142857143, 0.2767857142857143], "acc": [0.5333333333333333, 0.5333333333333333, 0.4, 0.4666666666666667, 0.26666666666666666, 0.4666666666666667, 0.6, 0.4666666666666667, 0.4666666666666667, 0.4666666666666667], "aps": [0.5342403628117913, 0.5319727891156463, 0.509889713461142, 0.4052970838685125, 0.4166357452071738, 0.40393653965082543, 0.4767256552970839, 0.4052970838685125, 0.4052970838685125, 0.40393653965082543], "f1": [0.588235294117647, 0.588235294117647, 0.47058823529411764, 0.42857142857142855, 0.0, 0.2, 0.4, 0.42857142857142855, 0.42857142857142855, 0.2], "auprc": [0.5015938426652713, 0.49952468166753883, 0.4780806495092209, 0.42230388658960083, 0.3710313496027781, 0.411306154163297, 0.479446743732458, 0.42230388658960083, 0.42230388658960083, 0.411306154163297]}]}