{"enet": [{"auroc": [0.39285714285714285, 0.4285714285714286, 0.3839285714285714, 0.42857142857142855, 0.5357142857142857, 0.5357142857142857, 0.42857142857142855, 0.5178571428571429, 0.5357142857142857, 0.39285714285714285], "acc": [0.5333333333333333, 0.5333333333333333, 0.4, 0.6, 0.5333333333333333, 0.5333333333333333, 0.5333333333333333, 0.5333333333333333, 0.5333333333333333, 0.5333333333333333], "aps": [0.44779347636490496, 0.5295395081109366, 0.4295395081109367, 0.5331890331890332, 0.6094714809000523, 0.6094714809000523, 0.5271585557299843, 0.5310657596371882, 0.6094714809000523, 0.44779347636490496], "f1": [0.0, 0.0, 0.18181818181818182, 0.25, 0.0, 0.0, 0.0, 0.0, 0.0, 0.0], "auprc": [0.3808978719693005, 0.4971802007516293, 0.37575162932305783, 0.4993326118326118, 0.5754273504273504, 0.5754273504273504, 0.49583551369265655, 0.4617128902843189, 0.5754273504273504, 0.3808978719693005]}]}