{"enet": [{"auroc": [0.4821428571428571, 0.4732142857142857, 0.4017857142857143, 0.5089285714285714, 0.5357142857142857, 0.4732142857142857, 0.5, 0.5089285714285714, 0.42857142857142855, 0.5357142857142857], "acc": [0.5333333333333333, 0.4, 0.4, 0.5333333333333333, 0.4666666666666667, 0.4, 0.5333333333333333, 0.5333333333333333, 0.4, 0.4666666666666667], "aps": [0.5125541125541125, 0.456998556998557, 0.42069597069597076, 0.48874458874458876, 0.529560915275201, 0.456998556998557, 0.5703772418058133, 0.48874458874458876, 0.4285405071119357, 0.529560915275201], "f1": [0.0, 0.47058823529411764, 0.47058823529411764, 0.5333333333333333, 0.5, 0.47058823529411764, 0.5333333333333333, 0.5333333333333333, 0.30769230769230765, 0.5], "auprc": [0.44282622139764993, 0.6082195582195582, 0.5847652347652348, 0.624092574092574, 0.6421459492888064, 0.6082195582195582, 0.5363636363636364, 0.624092574092574, 0.45198373055515906, 0.6421459492888064]}]}