{"enet": [{"auroc": [0.46428571428571425, 0.42857142857142855, 0.49999999999999994, 0.42857142857142855, 0.3571428571428571, 0.42857142857142855, 0.46428571428571425, 0.3571428571428571, 0.46428571428571425, 0.4285714285714286], "acc": [0.4666666666666667, 0.4, 0.4, 0.4, 0.4666666666666667, 0.4, 0.4666666666666667, 0.4666666666666667, 0.4666666666666667, 0.4666666666666667], "aps": [0.4604617604617605, 0.44679447536590394, 0.5788291074005361, 0.44679447536590394, 0.43160173160173165, 0.44679447536590394, 0.4604617604617605, 0.43160173160173165, 0.4604617604617605, 0.4365602651316937], "f1": [0.5, 0.30769230769230765, 0.39999999999999997, 0.30769230769230765, 0.5555555555555556, 0.30769230769230765, 0.5, 0.5555555555555556, 0.5, 0.5555555555555556], "auprc": [0.4038725163725163, 0.4608817769532055, 0.5452252112966398, 0.4608817769532055, 0.3657592407592407, 0.4608817769532055, 0.4038725163725163, 0.3657592407592407, 0.4038725163725163, 0.39088371945514805]}]}