{"enet": [{"auroc": [0.4107142857142857, 0.5, 0.7321428571428571, 0.5892857142857142, 0.4107142857142857, 0.4107142857142857, 0.6607142857142857, 0.5, 0.5, 0.5892857142857142], "acc": [0.4, 0.5333333333333333, 0.7333333333333333, 0.6, 0.4, 0.4, 0.6, 0.5333333333333333, 0.5333333333333333, 0.6], "aps": [0.4493978243978244, 0.4683887541030398, 0.6840136054421768, 0.6048229548229549, 0.4493978243978244, 0.4493978243978244, 0.6406204906204906, 0.4683887541030398, 0.4683887541030398, 0.6048229548229549], "f1": [0.47058823529411764, 0.5333333333333333, 0.75, 0.5, 0.47058823529411764, 0.47058823529411764, 0.4, 0.5333333333333333, 0.5333333333333333, 0.5], "auprc": [0.38293175078889363, 0.5758455829884401, 0.7807823129251701, 0.6318332461189603, 0.38293175078889363, 0.38293175078889363, 0.6687534687534686, 0.5758455829884401, 0.5758455829884401, 0.6318332461189603]}]}