{"auroc": [0.5357142857142857, 0.6071428571428572, 0.3392857142857143, 0.39285714285714285, 0.6428571428571428, 0.30357142857142855, 0.49999999999999994, 0.3214285714285714, 0.5178571428571428, 0.2857142857142857], "acc": [0.5333333333333333, 0.4666666666666667, 0.4, 0.5333333333333333, 0.7333333333333333, 0.5333333333333333, 0.5333333333333333, 0.3333333333333333, 0.4, 0.4], "aps": [0.6339216339216339, 0.7052721088435374, 0.42862811791383226, 0.45566893424036276, 0.7370748299319727, 0.39569597069597073, 0.5237571951857666, 0.49217687074829936, 0.5945578231292517, 0.47660791589363016], "f1": [0.36363636363636365, 0.5555555555555556, 0.5263157894736842, 0.4615384615384615, 0.7142857142857143, 0.0, 0.588235294117647, 0.375, 0.5263157894736842, 0.5714285714285714], "auprc": [0.6119283494283494, 0.6848704866562008, 0.3632435025292168, 0.3982027892742178, 0.7182888540031396, 0.34627099091384805, 0.45399877899877894, 0.4610996146710432, 0.560919239490668, 0.4475328243185386]}