{"auroc": [0.30357142857142855, 0.7678571428571428, 0.4464285714285714, 0.4821428571428571, 0.3928571428571428, 0.39285714285714285, 0.4642857142857143, 0.42857142857142855, 0.3928571428571428, 0.5714285714285714], "acc": [0.4666666666666667, 0.6666666666666666, 0.4666666666666667, 0.4666666666666667, 0.4666666666666667, 0.6, 0.4666666666666667, 0.4666666666666667, 0.4, 0.5333333333333333], "aps": [0.4142024642024642, 0.6691403834260977, 0.49152236652236647, 0.4975357975357975, 0.4325087610801897, 0.5821678321678322, 0.47970085470085466, 0.45992063492063495, 0.44996907854050716, 0.5185374149659863], "f1": [0.2, 0.5454545454545454, 0.3333333333333333, 0.5, 0.5555555555555556, 0.4, 0.5, 0.2, 0.47058823529411764, 0.36363636363636365], "auprc": [0.3502723467009181, 0.6022572665429807, 0.42267534053248335, 0.44009442938014365, 0.376357967429396, 0.5619297369297369, 0.4107816786388215, 0.3921919350490779, 0.3821119356833642, 0.46082984475841615]}