{"auroc": [0.3214285714285714, 0.4464285714285714, 0.35714285714285715, 0.5, 0.44642857142857145, 0.26785714285714285, 0.26785714285714285, 0.4464285714285714, 0.4642857142857143, 0.5357142857142857], "acc": [0.4666666666666667, 0.4, 0.3333333333333333, 0.4666666666666667, 0.4666666666666667, 0.4, 0.5333333333333333, 0.4666666666666667, 0.5333333333333333, 0.6], "aps": [0.4193045050187907, 0.5325087610801897, 0.40818903318903316, 0.4926046176046176, 0.47372627372627374, 0.39236002093144956, 0.4702630702630703, 0.5404452690166976, 0.4850340136054422, 0.5857142857142856], "f1": [0.2, 0.39999999999999997, 0.2857142857142857, 0.3333333333333333, 0.5, 0.30769230769230765, 0.0, 0.2, 0.36363636363636365, 0.5], "auprc": [0.3545240473811902, 0.5001413269270412, 0.35958010243724525, 0.42372706658420944, 0.40520431949003377, 0.3375981161695447, 0.4423980781123638, 0.5070857713714856, 0.41557410843125125, 0.5516023658880802]}