{"auroc": [0.6071428571428571, 0.5535714285714286, 0.5714285714285714, 0.46428571428571425, 0.5357142857142857, 0.4464285714285714, 0.6071428571428571, 0.5178571428571428, 0.48214285714285715, 0.46428571428571425], "acc": [0.5333333333333333, 0.5333333333333333, 0.5333333333333333, 0.5333333333333333, 0.5333333333333333, 0.5333333333333333, 0.5333333333333333, 0.5333333333333333, 0.5333333333333333, 0.5333333333333333], "aps": [0.5814935064935065, 0.561965811965812, 0.6085248085248085, 0.49509379509379503, 0.5144300144300143, 0.5635745207173779, 0.6137755102040816, 0.5316017316017316, 0.5135531135531135, 0.5522366522366522], "f1": [0.0, 0.0, 0.0, 0.0, 0.0, 0.0, 0.0, 0.0, 0.0, 0.0], "auprc": [0.5121753246753247, 0.4933717076574219, 0.5748251748251748, 0.4255076272933415, 0.44460380888952317, 0.5300080871509443, 0.5798774638060352, 0.4618476761333904, 0.4437946973661259, 0.5183647701504843]}