{"enet": [{"auroc": [0.4107142857142857, 0.375, 0.39285714285714285, 0.4464285714285714, 0.5535714285714285, 0.39285714285714285, 0.375, 0.5535714285714285, 0.39285714285714285, 0.42857142857142855], "acc": [0.4666666666666667, 0.4666666666666667, 0.4666666666666667, 0.4666666666666667, 0.6, 0.4666666666666667, 0.4666666666666667, 0.5333333333333333, 0.4666666666666667, 0.4], "aps": [0.5192220477934764, 0.5047662654805511, 0.5159031444745731, 0.4485260770975057, 0.5294261294261294, 0.5159031444745731, 0.5047662654805511, 0.5294261294261294, 0.5115689865689865, 0.44679447536590394], "f1": [0.5555555555555556, 0.5555555555555556, 0.5555555555555556, 0.5, 0.6250000000000001, 0.5555555555555556, 0.5555555555555556, 0.588235294117647, 0.5555555555555556, 0.47058823529411764], "auprc": [0.4880407291121577, 0.475030525030525, 0.4838019123733409, 0.5125412286126572, 0.6822300715157859, 0.4838019123733409, 0.475030525030525, 0.6822300715157859, 0.48081283795569507, 0.5957677243391529]}]}