{"enet": [{"auroc": [0.26785714285714285, 0.26785714285714285, 0.26785714285714285, 0.5, 0.5, 0.39285714285714285, 0.3214285714285714, 0.39285714285714285, 0.4107142857142857, 0.4107142857142857], "acc": [0.5333333333333333, 0.5333333333333333, 0.5333333333333333, 0.5333333333333333, 0.5333333333333333, 0.26666666666666666, 0.5333333333333333, 0.26666666666666666, 0.5333333333333333, 0.4], "aps": [0.37922513993942564, 0.37922513993942564, 0.37922513993942564, 0.4666666666666667, 0.4666666666666667, 0.42213025070167925, 0.40348817848817853, 0.42213025070167925, 0.46281179138321993, 0.4427128427128428], "f1": [0.0, 0.0, 0.0, 0.0, 0.0, 0.0, 0.0, 0.0, 0.0, 0.0], "auprc": [0.33765678765678764, 0.33765678765678764, 0.33765678765678764, 0.7333333333333334, 0.7333333333333334, 0.3765258550972837, 0.34919306883592593, 0.3765258550972837, 0.3944509855224141, 0.3862219130076272]}]}