{"enet": [{"auroc": [0.4107142857142857, 0.3214285714285714, 0.3214285714285714, 0.3214285714285714, 0.5535714285714285, 0.3214285714285714, 0.5535714285714285, 0.4107142857142857, 0.2857142857142857, 0.4464285714285714], "acc": [0.4666666666666667, 0.4, 0.4, 0.4, 0.6, 0.4, 0.6, 0.4666666666666667, 0.4, 0.4], "aps": [0.5206650492364778, 0.4193045050187907, 0.4193045050187907, 0.4193045050187907, 0.5294261294261294, 0.4193045050187907, 0.5294261294261294, 0.5206650492364778, 0.384981684981685, 0.4525664811379097], "f1": [0.5555555555555556, 0.5263157894736842, 0.5263157894736842, 0.5263157894736842, 0.6250000000000001, 0.5263157894736842, 0.6250000000000001, 0.5555555555555556, 0.47058823529411764, 0.5263157894736842], "auprc": [0.4894141572713001, 0.3545240473811902, 0.3545240473811902, 0.3545240473811902, 0.6822300715157859, 0.3545240473811902, 0.6822300715157859, 0.4894141572713001, 0.3371461871461871, 0.6415108700822987]}]}