{"enet": [{"auroc": [0.30357142857142855, 0.30357142857142855, 0.30357142857142855, 0.5, 0.375, 0.5, 0.39285714285714285, 0.3839285714285714, 0.375, 0.30357142857142855], "acc": [0.5333333333333333, 0.5333333333333333, 0.5333333333333333, 0.5333333333333333, 0.5333333333333333, 0.5333333333333333, 0.5333333333333333, 0.4666666666666667, 0.3333333333333333, 0.5333333333333333], "aps": [0.3894815501958359, 0.3894815501958359, 0.3894815501958359, 0.4666666666666667, 0.43086913086913087, 0.4666666666666667, 0.4372183372183372, 0.4113636363636364, 0.4077922077922078, 0.3894815501958359], "f1": [0.0, 0.0, 0.0, 0.0, 0.0, 0.0, 0.0, 0.3333333333333333, 0.2857142857142857, 0.0], "auprc": [0.34549062049062046, 0.34549062049062046, 0.34549062049062046, 0.7333333333333334, 0.3746182389039532, 0.7333333333333334, 0.3807690325547468, 0.4331912135483563, 0.4824259074259074, 0.34549062049062046]}]}