{"auroc": [0.33928571428571425, 0.5357142857142857, 0.4107142857142857, 0.5535714285714286, 0.4464285714285714, 0.42857142857142855, 0.4285714285714286, 0.30357142857142855, 0.3571428571428571, 0.6964285714285714], "acc": [0.3333333333333333, 0.5333333333333333, 0.3333333333333333, 0.6, 0.4666666666666667, 0.4, 0.4666666666666667, 0.4666666666666667, 0.4666666666666667, 0.7333333333333333], "aps": [0.4268398268398269, 0.5303030303030303, 0.43308080808080807, 0.5063190777476492, 0.4534322820037106, 0.4399402185116471, 0.4365602651316937, 0.415934065934066, 0.4150226757369615, 0.6713512677798392], "f1": [0.16666666666666666, 0.5333333333333333, 0.2857142857142857, 0.6250000000000001, 0.5, 0.30769230769230765, 0.42857142857142855, 0.2, 0.5555555555555556, 0.7777777777777778], "auprc": [0.36102350030921454, 0.460476824762539, 0.3784473463044892, 0.4483976341119198, 0.39706761492475784, 0.3907184085755514, 0.39088371945514805, 0.3502675895533038, 0.36143578643578644, 0.637603071531643]}