{"enet": [{"auroc": [0.375, 0.4821428571428571, 0.4821428571428571, 0.6785714285714286, 0.4821428571428571, 0.5892857142857142, 0.6785714285714286, 0.6785714285714286, 0.46428571428571425, 0.4821428571428571], "acc": [0.3333333333333333, 0.4666666666666667, 0.4666666666666667, 0.5333333333333333, 0.4666666666666667, 0.6, 0.5333333333333333, 0.5333333333333333, 0.4, 0.4666666666666667], "aps": [0.4375541125541126, 0.4850340136054422, 0.4850340136054422, 0.6273809523809524, 0.48253968253968255, 0.5504844361987219, 0.6273809523809524, 0.6273809523809524, 0.456998556998557, 0.48253968253968255], "f1": [0.2857142857142857, 0.5555555555555556, 0.5555555555555556, 0.36363636363636365, 0.5555555555555556, 0.6250000000000001, 0.36363636363636365, 0.36363636363636365, 0.47058823529411764, 0.5555555555555556], "auprc": [0.3712864516435944, 0.6180620966335252, 0.6180620966335252, 0.65354526425955, 0.42475996225996226, 0.6629973201401773, 0.65354526425955, 0.65354526425955, 0.6058647701504845, 0.42475996225996226]}]}