{"enet": [{"auroc": [0.39285714285714285, 0.25, 0.39285714285714285, 0.2857142857142857, 0.39285714285714285, 0.2857142857142857, 0.39285714285714285, 0.5535714285714285, 0.2678571428571428, 0.4910714285714286], "acc": [0.4666666666666667, 0.4, 0.4666666666666667, 0.4, 0.4666666666666667, 0.4, 0.4666666666666667, 0.4666666666666667, 0.4, 0.4666666666666667], "aps": [0.5127285412999698, 0.3730769230769231, 0.5127285412999698, 0.40944055944055946, 0.40748735391592533, 0.40944055944055946, 0.40748735391592533, 0.5294261294261294, 0.40402930402930404, 0.4850340136054422], "f1": [0.5555555555555556, 0.47058823529411764, 0.5555555555555556, 0.5263157894736842, 0.5, 0.5263157894736842, 0.5, 0.5555555555555556, 0.5263157894736842, 0.5555555555555556], "auprc": [0.4816193726908012, 0.32711217354074495, 0.4816193726908012, 0.34553660625089194, 0.4882696668410954, 0.34553660625089194, 0.4882696668410954, 0.6822300715157859, 0.34023357594786163, 0.6577446363160648]}]}