{"auroc": [0.5178571428571428, 0.5178571428571428, 0.5892857142857142, 0.5892857142857142, 0.5178571428571428, 0.625, 0.5178571428571428, 0.6785714285714285, 0.3214285714285714, 0.75], "acc": [0.5333333333333333, 0.5333333333333333, 0.5333333333333333, 0.5333333333333333, 0.5333333333333333, 0.5333333333333333, 0.5333333333333333, 0.5333333333333333, 0.5333333333333333, 0.5333333333333333], "aps": [0.5054945054945055, 0.6247165532879818, 0.6627293341579055, 0.5715728715728715, 0.5031746031746032, 0.6793650793650794, 0.5945578231292517, 0.6948979591836735, 0.4166916416916417, 0.8134310134310132], "f1": [0.0, 0.0, 0.0, 0.0, 0.0, 0.0, 0.0, 0.0, 0.0, 0.0], "auprc": [0.43566829995401424, 0.602991254776969, 0.6405483405483405, 0.5021129663986806, 0.43463718820861674, 0.6572300715157857, 0.560919239490668, 0.6629818594104306, 0.3603402549831122, 0.8035409035409034]}