{"auroc": [0.46428571428571425, 0.44642857142857145, 0.48214285714285715, 0.46428571428571425, 0.375, 0.48214285714285715, 0.48214285714285715, 0.46428571428571425, 0.42857142857142855, 0.48214285714285715], "acc": [0.5333333333333333, 0.5333333333333333, 0.4666666666666667, 0.5333333333333333, 0.5333333333333333, 0.5333333333333333, 0.5333333333333333, 0.5333333333333333, 0.5333333333333333, 0.5333333333333333], "aps": [0.4839303553589268, 0.5397435897435898, 0.49821606964464105, 0.4839303553589268, 0.4425213675213675, 0.49821606964464105, 0.49821606964464105, 0.4839303553589268, 0.47372627372627374, 0.49821606964464105], "f1": [0.0, 0.0, 0.6363636363636364, 0.0, 0.0, 0.0, 0.0, 0.0, 0.0, 0.0], "auprc": [0.4154084011226868, 0.5070441463298606, 0.4285036392179249, 0.4154084011226868, 0.3750146678718107, 0.4285036392179249, 0.4285036392179249, 0.4154084011226868, 0.4043539793539793, 0.4285036392179249]}