{"auroc": [0.3571428571428571, 0.3571428571428571, 0.3571428571428571, 0.375, 0.3571428571428571, 0.375, 0.6428571428571428, 0.3571428571428571, 0.3571428571428571, 0.3571428571428571], "acc": [0.5333333333333333, 0.5333333333333333, 0.5333333333333333, 0.5333333333333333, 0.5333333333333333, 0.5333333333333333, 0.5333333333333333, 0.5333333333333333, 0.5333333333333333, 0.5333333333333333], "aps": [0.4976234083376941, 0.4976234083376941, 0.4976234083376941, 0.5044261294261294, 0.4976234083376941, 0.5044261294261294, 0.6066326530612245, 0.4976234083376941, 0.4976234083376941, 0.4976234083376941], "f1": [0.0, 0.0, 0.0, 0.0, 0.0, 0.0, 0.0, 0.0, 0.0, 0.0], "auprc": [0.46804187875616443, 0.46804187875616443, 0.46804187875616443, 0.4738241916813345, 0.46804187875616443, 0.4738241916813345, 0.5384353741496598, 0.46804187875616443, 0.46804187875616443, 0.46804187875616443]}