{"auroc": [0.3571428571428571, 0.3214285714285714, 0.3571428571428571, 0.3571428571428571, 0.3571428571428571, 0.3571428571428571, 0.3571428571428571, 0.3571428571428571, 0.3571428571428571, 0.3571428571428571], "acc": [0.5333333333333333, 0.5333333333333333, 0.5333333333333333, 0.5333333333333333, 0.5333333333333333, 0.5333333333333333, 0.5333333333333333, 0.5333333333333333, 0.5333333333333333, 0.5333333333333333], "aps": [0.4976234083376941, 0.4198456305599163, 0.4976234083376941, 0.4976234083376941, 0.4976234083376941, 0.4976234083376941, 0.4976234083376941, 0.4976234083376941, 0.4976234083376941, 0.4976234083376941], "f1": [0.0, 0.0, 0.0, 0.0, 0.0, 0.0, 0.0, 0.0, 0.0, 0.0], "auprc": [0.46804187875616443, 0.35474822796251365, 0.46804187875616443, 0.46804187875616443, 0.46804187875616443, 0.46804187875616443, 0.46804187875616443, 0.46804187875616443, 0.46804187875616443, 0.46804187875616443]}