{"enet": [{"auroc": [0.5297297297297296, 0.5, 0.5656019656019656, 0.5, 0.5, 0.5, 0.5656019656019656, 0.5, 0.5, 0.5326781326781327], "acc": [0.5978260869565217, 0.5978260869565217, 0.5978260869565217, 0.5978260869565217, 0.5978260869565217, 0.5978260869565217, 0.5978260869565217, 0.5978260869565217, 0.5978260869565217, 0.5978260869565217], "aps": [0.4475666518808592, 0.40217391304347827, 0.42123709701807055, 0.40217391304347827, 0.40217391304347827, 0.40217391304347827, 0.42123709701807055, 0.40217391304347827, 0.40217391304347827, 0.4686192993796692], "f1": [0.0, 0.0, 0.0, 0.0, 0.0, 0.0, 0.0, 0.0, 0.0, 0.0], "auprc": [0.4289742542867001, 0.7010869565217391, 0.4087486450765025, 0.7010869565217391, 0.7010869565217391, 0.7010869565217391, 0.4087486450765025, 0.7010869565217391, 0.7010869565217391, 0.4507087913650874]}]}