{"auroc": [0.5336609336609337, 0.51007371007371, 0.5400491400491402, 0.49828009828009834, 0.431941031941032, 0.5002457002457003, 0.5036855036855037, 0.5277641277641277, 0.5058968058968059, 0.48550368550368556], "acc": [0.5978260869565217, 0.5978260869565217, 0.5978260869565217, 0.5978260869565217, 0.5978260869565217, 0.5978260869565217, 0.5978260869565217, 0.532608695652174, 0.5978260869565217, 0.5978260869565217], "aps": [0.4052544670789544, 0.4109397864198891, 0.4425358576954993, 0.4021877117474895, 0.3659109307663086, 0.40334458259416395, 0.4015355439838537, 0.46832092941507225, 0.4086229475836731, 0.3840242758377364], "f1": [0.0, 0.0, 0.0, 0.0, 0.0, 0.0, 0.0, 0.5904761904761905, 0.0, 0.0], "auprc": [0.39223382951081764, 0.39662894562975054, 0.42434990767173275, 0.3870105616401761, 0.35281177940924613, 0.39014602828119793, 0.384257588842625, 0.4597230058068071, 0.39289315737855873, 0.37062607614854104]}