{"enet": [{"auroc": [0.48206388206388207, 0.5, 0.5, 0.5, 0.5, 0.5, 0.5, 0.48206388206388207, 0.5, 0.46093366093366095], "acc": [0.5978260869565217, 0.5978260869565217, 0.5978260869565217, 0.40217391304347827, 0.40217391304347827, 0.5978260869565217, 0.5978260869565217, 0.5978260869565217, 0.40217391304347827, 0.40217391304347827], "aps": [0.3973739795380662, 0.40217391304347827, 0.40217391304347827, 0.40217391304347827, 0.40217391304347827, 0.40217391304347827, 0.40217391304347827, 0.3973739795380662, 0.40217391304347827, 0.38295733271380616], "f1": [0.0, 0.0, 0.0, 0.5736434108527132, 0.5736434108527132, 0.0, 0.0, 0.0, 0.5736434108527132, 0.5736434108527132], "auprc": [0.37960732037755657, 0.7010869565217391, 0.7010869565217391, 0.7010869565217391, 0.7010869565217391, 0.7010869565217391, 0.7010869565217391, 0.37960732037755657, 0.7010869565217391, 0.6336631282825158]}]}