{"auroc": [0.5518427518427519, 0.5754299754299754, 0.5331695331695332, 0.5592137592137592, 0.5257985257985258, 0.5356265356265356, 0.5361179361179362, 0.5621621621621622, 0.542997542997543, 0.4776412776412777], "acc": [0.40217391304347827, 0.41304347826086957, 0.45652173913043476, 0.40217391304347827, 0.40217391304347827, 0.40217391304347827, 0.40217391304347827, 0.40217391304347827, 0.40217391304347827, 0.40217391304347827], "aps": [0.4337909929703528, 0.44403541676693736, 0.4205960335738492, 0.42789112107788385, 0.4604981669467207, 0.4119894352208009, 0.4298340274740949, 0.45314839029092646, 0.43928077449365655, 0.43511670031347144], "f1": [0.5736434108527132, 0.578125, 0.5454545454545454, 0.5736434108527132, 0.5736434108527132, 0.5736434108527132, 0.5736434108527132, 0.5736434108527132, 0.5736434108527132, 0.5736434108527132], "auprc": [0.4177378024842592, 0.42785518821636126, 0.4067659774355976, 0.4127605001798648, 0.44862820853608915, 0.39687481800861574, 0.41950503462219446, 0.4367397238567002, 0.42093865787651136, 0.4233036774941415]}