{"enet": [{"auroc": [0.4864864864864865, 0.405896805896806, 0.4864864864864865, 0.5, 0.46240786240786247, 0.405896805896806, 0.46240786240786247, 0.43194103194103195, 0.405896805896806, 0.5], "acc": [0.5978260869565217, 0.5978260869565217, 0.5978260869565217, 0.40217391304347827, 0.40217391304347827, 0.5978260869565217, 0.40217391304347827, 0.5978260869565217, 0.5978260869565217, 0.5978260869565217], "aps": [0.39406298034102455, 0.36287209435229983, 0.39406298034102455, 0.40217391304347827, 0.38508758417215005, 0.36287209435229983, 0.38508758417215005, 0.37426494130095855, 0.36287209435229983, 0.40217391304347827], "f1": [0.0, 0.0, 0.0, 0.5736434108527132, 0.5736434108527132, 0.0, 0.5736434108527132, 0.13953488372093023, 0.0, 0.0], "auprc": [0.3784734482799097, 0.3474783939250729, 0.3784734482799097, 0.7010869565217391, 0.6174429497063181, 0.3474783939250729, 0.6174429497063181, 0.35666556533218724, 0.3474783939250729, 0.7010869565217391]}]}