{"auroc": [0.5601965601965602, 0.514987714987715, 0.46044226044226044, 0.5724815724815725, 0.5307125307125308, 0.5169533169533169, 0.5262899262899263, 0.5085995085995086, 0.4796068796068797, 0.5012285012285012], "acc": [0.5978260869565217, 0.5978260869565217, 0.40217391304347827, 0.5978260869565217, 0.5978260869565217, 0.5978260869565217, 0.5978260869565217, 0.5978260869565217, 0.5978260869565217, 0.5978260869565217], "aps": [0.4592698308783457, 0.44486254141834947, 0.4119584461161046, 0.5056697732122188, 0.45852079816826696, 0.4347681624170806, 0.44732246826343136, 0.42757915224398957, 0.4040214916323768, 0.4403875023157303], "f1": [0.0, 0.0, 0.5736434108527132, 0.0, 0.0, 0.0, 0.0, 0.0, 0.0, 0.0], "auprc": [0.44594085250722626, 0.4264417454192044, 0.40343762184752646, 0.4873654323148425, 0.4400682432004124, 0.41620735235104883, 0.4291174764302767, 0.40912452485260103, 0.38787952923937646, 0.4242808770787765]}