{"auroc": [0.4815724815724816, 0.4972972972972973, 0.5085995085995086, 0.5277641277641277, 0.5223587223587224, 0.491891891891892, 0.5700245700245701, 0.5164619164619165, 0.5464373464373464, 0.5196560196560196], "acc": [0.40217391304347827, 0.40217391304347827, 0.40217391304347827, 0.40217391304347827, 0.40217391304347827, 0.40217391304347827, 0.40217391304347827, 0.40217391304347827, 0.40217391304347827, 0.40217391304347827], "aps": [0.4030899572021498, 0.3959999242324149, 0.41149170259450685, 0.39884192764137694, 0.40566920235691545, 0.4033384262423816, 0.45545742718564963, 0.3962293046656115, 0.40208342234914957, 0.39556599314725427], "f1": [0.5736434108527132, 0.5736434108527132, 0.5736434108527132, 0.5736434108527132, 0.5736434108527132, 0.5736434108527132, 0.5736434108527132, 0.5736434108527132, 0.5736434108527132, 0.5736434108527132], "auprc": [0.38498952503795714, 0.38252625449590444, 0.39362311534082034, 0.3866467989759369, 0.39040252688508, 0.38734001521911776, 0.4403280351392119, 0.3837289536188586, 0.3899688267158139, 0.3797749365751199]}