{"enet": [{"auroc": [0.47420147420147424, 0.43832923832923837, 0.47420147420147424, 0.41425061425061427, 0.4186732186732187, 0.47420147420147424, 0.43832923832923837, 0.4186732186732187, 0.4491400491400491, 0.5], "acc": [0.5978260869565217, 0.5978260869565217, 0.5978260869565217, 0.5978260869565217, 0.5978260869565217, 0.5978260869565217, 0.5978260869565217, 0.5978260869565217, 0.5978260869565217, 0.5978260869565217], "aps": [0.40364977289342713, 0.3704853708440554, 0.40364977289342713, 0.3704250416475706, 0.3684756529881935, 0.40364977289342713, 0.3704853708440554, 0.3684756529881935, 0.38476098059677066, 0.40217391304347827], "f1": [0.0, 0.0, 0.0, 0.0, 0.0, 0.0, 0.0, 0.0, 0.0, 0.0], "auprc": [0.38801985618258905, 0.35626598272025634, 0.38801985618258905, 0.3604227899211269, 0.3509590606242113, 0.38801985618258905, 0.35626598272025634, 0.3509590606242113, 0.36715828302543485, 0.7010869565217391]}]}