{"enet": [{"auroc": [0.44963144963144963, 0.5, 0.5, 0.5, 0.5277641277641277, 0.5, 0.5, 0.5, 0.5, 0.5], "acc": [0.5978260869565217, 0.5978260869565217, 0.5978260869565217, 0.40217391304347827, 0.5978260869565217, 0.5978260869565217, 0.5978260869565217, 0.40217391304347827, 0.5978260869565217, 0.5978260869565217], "aps": [0.3830571629704289, 0.40217391304347827, 0.40217391304347827, 0.40217391304347827, 0.4519005219069886, 0.40217391304347827, 0.40217391304347827, 0.40217391304347827, 0.40217391304347827, 0.40217391304347827], "f1": [0.0, 0.0, 0.0, 0.5736434108527132, 0.0, 0.0, 0.0, 0.5736434108527132, 0.0, 0.0], "auprc": [0.3655867506006095, 0.7010869565217391, 0.7010869565217391, 0.7010869565217391, 0.4401987146343987, 0.7010869565217391, 0.7010869565217391, 0.7010869565217391, 0.7010869565217391, 0.7010869565217391]}]}