{"auroc": [0.47002457002457004, 0.4928746928746929, 0.5031941031941032, 0.4874692874692875, 0.4540540540540541, 0.462899262899263, 0.3896805896805897, 0.4958230958230959, 0.5375921375921376, 0.47862407862407863], "acc": [0.5978260869565217, 0.5978260869565217, 0.5434782608695652, 0.40217391304347827, 0.5869565217391305, 0.41304347826086957, 0.42391304347826086, 0.40217391304347827, 0.40217391304347827, 0.5869565217391305], "aps": [0.3913743333273711, 0.41964083923175843, 0.42001238129109963, 0.4044933964773386, 0.3918275543308497, 0.3722336923885884, 0.3583314429334069, 0.41110003206345036, 0.44187418099179754, 0.3847841310806105], "f1": [0.0, 0.0, 0.36363636363636365, 0.5736434108527132, 0.09523809523809523, 0.578125, 0.5760000000000001, 0.5736434108527132, 0.5736434108527132, 0.0], "auprc": [0.3767422033158988, 0.40126743782981616, 0.40380811599316907, 0.38652364886141316, 0.37384629984251067, 0.359271468252902, 0.3408448059819165, 0.39501205104377785, 0.4233098387333299, 0.37280740713134586]}