{"enet": [{"auroc": [0.572972972972973, 0.6039312039312038, 0.6039312039312038, 0.572972972972973, 0.6039312039312038, 0.6039312039312038, 0.49090909090909096, 0.572972972972973, 0.6039312039312038, 0.6039312039312038], "acc": [0.5978260869565217, 0.5978260869565217, 0.5978260869565217, 0.5978260869565217, 0.5978260869565217, 0.5978260869565217, 0.5652173913043478, 0.5978260869565217, 0.5978260869565217, 0.5978260869565217], "aps": [0.4540425223608934, 0.5124011780384744, 0.5124011780384744, 0.4540425223608934, 0.5124011780384744, 0.5124011780384744, 0.44427781662212273, 0.4540425223608934, 0.5124011780384744, 0.5124011780384744], "f1": [0.0, 0.0, 0.0, 0.0, 0.0, 0.0, 0.411764705882353, 0.0, 0.0, 0.0], "auprc": [0.435486366895537, 0.5005409018884823, 0.5005409018884823, 0.435486366895537, 0.5005409018884823, 0.5005409018884823, 0.4348605642689085, 0.435486366895537, 0.5005409018884823, 0.5005409018884823]}]}