{"enet": [{"auroc": [0.5135135135135136, 0.5, 0.4594594594594595, 0.513022113022113, 0.5135135135135136, 0.49778869778869783, 0.5, 0.5, 0.513022113022113, 0.513022113022113], "acc": [0.5108695652173914, 0.5978260869565217, 0.5978260869565217, 0.5978260869565217, 0.5108695652173914, 0.5978260869565217, 0.40217391304347827, 0.40217391304347827, 0.5978260869565217, 0.5978260869565217], "aps": [0.4391348524247197, 0.40217391304347827, 0.4104477881458806, 0.430273091476518, 0.4391348524247197, 0.42419505048407113, 0.40217391304347827, 0.40217391304347827, 0.430273091476518, 0.430273091476518], "f1": [0.47058823529411764, 0.0, 0.0, 0.0, 0.47058823529411764, 0.0, 0.5736434108527132, 0.5736434108527132, 0.0, 0.0], "auprc": [0.4277086736925207, 0.7010869565217391, 0.39914347141204504, 0.4189376274709668, 0.4277086736925207, 0.40574704719134236, 0.7010869565217391, 0.7010869565217391, 0.4189376274709668, 0.4189376274709668]}]}