{"auroc": [0.4525798525798526, 0.5090909090909091, 0.5361179361179362, 0.5641277641277642, 0.4963144963144963, 0.5238329238329239, 0.5027027027027028, 0.514987714987715, 0.49828009828009834, 0.5611793611793612], "acc": [0.5978260869565217, 0.40217391304347827, 0.5978260869565217, 0.40217391304347827, 0.5978260869565217, 0.40217391304347827, 0.40217391304347827, 0.40217391304347827, 0.40217391304347827, 0.40217391304347827], "aps": [0.36904757155137424, 0.4045806238312894, 0.4423252702616985, 0.42847861358715944, 0.39090166415053973, 0.41034443483937855, 0.3979126524451696, 0.4160435789903082, 0.4025804899897829, 0.4429429099590195], "f1": [0.0, 0.5736434108527132, 0.0, 0.5736434108527132, 0.0, 0.5736434108527132, 0.5736434108527132, 0.5736434108527132, 0.5736434108527132, 0.5736434108527132], "auprc": [0.3579201559729401, 0.38994671053339836, 0.4312447871798761, 0.4111117995812776, 0.3760964359153616, 0.3975652373065428, 0.382554111019308, 0.4000483243177214, 0.3879941157918024, 0.4288939565807647]}