{"auroc": [0.4648648648648649, 0.4825552825552826, 0.4972972972972973, 0.4835380835380836, 0.5316953316953317, 0.4230958230958231, 0.4683046683046683, 0.43734643734643736, 0.46240786240786247, 0.43587223587223584], "acc": [0.5978260869565217, 0.5978260869565217, 0.5978260869565217, 0.5978260869565217, 0.5978260869565217, 0.5978260869565217, 0.5978260869565217, 0.5978260869565217, 0.5869565217391305, 0.5978260869565217], "aps": [0.4158493954284067, 0.3919943277614436, 0.4279347137996598, 0.41534302670681067, 0.43777189467109195, 0.3748299985622179, 0.3927447457942703, 0.37602180025858034, 0.397433173066155, 0.37498705640677843], "f1": [0.0, 0.0, 0.0, 0.0, 0.0, 0.0, 0.0, 0.0, 0.0, 0.0], "auprc": [0.39983800090953664, 0.3790901357631549, 0.41181751920928145, 0.3972320223846758, 0.4227450824372716, 0.3590112818512898, 0.3767409398315289, 0.3605465275721915, 0.38142498878242276, 0.35942111606831134]}