{"auroc": [0.4658476658476658, 0.5194103194103195, 0.4938574938574939, 0.5442260442260441, 0.5675675675675675, 0.5415233415233416, 0.4555282555282556, 0.5410319410319411, 0.5125307125307126, 0.5464373464373464], "acc": [0.5978260869565217, 0.5869565217391305, 0.5978260869565217, 0.5978260869565217, 0.40217391304347827, 0.5978260869565217, 0.5978260869565217, 0.5869565217391305, 0.5978260869565217, 0.5978260869565217], "aps": [0.38423542229575103, 0.40859949402072343, 0.3982411420659988, 0.41655581876365044, 0.42735472187936835, 0.41900347548371164, 0.3883554324217333, 0.4192238670486508, 0.39588480595802833, 0.4291296946504395], "f1": [0.0, 0.0, 0.0, 0.0, 0.5736434108527132, 0.0, 0.0, 0.24, 0.0, 0.0], "auprc": [0.3727600038605966, 0.39449399793856305, 0.38371502188857004, 0.4037082658627889, 0.4143321365303224, 0.40372840301475676, 0.3729822436354995, 0.4059472647744321, 0.3828784941096823, 0.4138255227608195]}