{"auroc": [0.5685503685503686, 0.566093366093366, 0.515970515970516, 0.5341523341523342, 0.5105651105651106, 0.49484029484029485, 0.5302211302211303, 0.5710073710073711, 0.5135135135135136, 0.6125307125307125], "acc": [0.5434782608695652, 0.5978260869565217, 0.5978260869565217, 0.5978260869565217, 0.5978260869565217, 0.5978260869565217, 0.5978260869565217, 0.5978260869565217, 0.5978260869565217, 0.5978260869565217], "aps": [0.4318514529611315, 0.46140422806048953, 0.4269033889073989, 0.4413368064248254, 0.430687301898114, 0.40242607118534995, 0.4218598731470595, 0.44533139992360304, 0.4429724722549473, 0.467542578995791], "f1": [0.045454545454545456, 0.0, 0.0, 0.0, 0.0, 0.0, 0.0, 0.0, 0.0, 0.0], "auprc": [0.41446853012882473, 0.4427354204629636, 0.40841236447880724, 0.42269231422817277, 0.41245276105810746, 0.3878309396758024, 0.40582786938456544, 0.42677882103046966, 0.42494593830756333, 0.4514754657941122]}