{"auroc": [0.5203931203931204, 0.5292383292383293, 0.5046683046683047, 0.44176904176904175, 0.47616707616707615, 0.48894348894348894, 0.5395577395577396, 0.5410319410319411, 0.5533169533169533, 0.5321867321867322], "acc": [0.40217391304347827, 0.40217391304347827, 0.40217391304347827, 0.5978260869565217, 0.40217391304347827, 0.40217391304347827, 0.40217391304347827, 0.40217391304347827, 0.40217391304347827, 0.40217391304347827], "aps": [0.4056392104986428, 0.41348920922457, 0.43681296892501376, 0.38340293311797574, 0.3972142315525292, 0.39244844581481886, 0.4226460936731397, 0.42541315748397057, 0.42852583207120776, 0.41580968755868364], "f1": [0.5736434108527132, 0.5736434108527132, 0.5736434108527132, 0.0, 0.5736434108527132, 0.5736434108527132, 0.5736434108527132, 0.5736434108527132, 0.5736434108527132, 0.5736434108527132], "auprc": [0.3922329557032195, 0.3999252256210307, 0.4204040510725258, 0.3734677465499316, 0.38418103654876806, 0.3779086709164741, 0.4091355604294465, 0.4116115223544477, 0.414931300907303, 0.40301285055355696]}