{"auroc": [0.5184275184275184, 0.548894348894349, 0.5341523341523342, 0.5066339066339066, 0.4830466830466831, 0.5090909090909091, 0.5503685503685504, 0.547911547911548, 0.5125307125307126, 0.5611793611793612], "acc": [0.5978260869565217, 0.5978260869565217, 0.5978260869565217, 0.5978260869565217, 0.5978260869565217, 0.5978260869565217, 0.5978260869565217, 0.5978260869565217, 0.5978260869565217, 0.5978260869565217], "aps": [0.42441447195924437, 0.44901709607193163, 0.4160003672592244, 0.42007007986198813, 0.40505521278861667, 0.4394997806366934, 0.458435428437121, 0.43670021175515, 0.47313067981838436, 0.45824340988219453], "f1": [0.0, 0.0, 0.0, 0.0, 0.0, 0.0, 0.0, 0.0, 0.0, 0.0], "auprc": [0.4133817422794129, 0.4376807110729739, 0.39930630596122296, 0.4091288374350865, 0.3868979034624968, 0.42780011262754586, 0.447092251336082, 0.4261371963697093, 0.46490526763442996, 0.4469846698493776]}