{"enet": [{"auroc": [0.491891891891892, 0.491891891891892, 0.491891891891892, 0.491891891891892, 0.4093366093366093, 0.4511056511056511, 0.4825552825552826, 0.491891891891892, 0.4565110565110565, 0.5095823095823095], "acc": [0.5978260869565217, 0.5978260869565217, 0.5978260869565217, 0.5978260869565217, 0.5978260869565217, 0.5978260869565217, 0.5978260869565217, 0.5978260869565217, 0.5760869565217391, 0.5978260869565217], "aps": [0.4348699891933009, 0.4348699891933009, 0.4348699891933009, 0.4348699891933009, 0.3838448320661031, 0.4011982464861875, 0.42788899432297023, 0.4348699891933009, 0.3796033843652098, 0.45242506903370916], "f1": [0.0, 0.0, 0.0, 0.0, 0.0, 0.0, 0.0, 0.0, 0.04878048780487805, 0.0], "auprc": [0.4186991055354341, 0.4186991055354341, 0.4186991055354341, 0.4186991055354341, 0.3679932296862628, 0.38283254668392686, 0.41174265101655044, 0.4186991055354341, 0.3658342239959272, 0.43383467835163114]}]}