{"auroc": [0.48845208845208843, 0.5351351351351352, 0.5385749385749387, 0.45110565110565115, 0.5356265356265356, 0.4901719901719902, 0.4815724815724816, 0.539066339066339, 0.5144963144963146, 0.5415233415233415], "acc": [0.5978260869565217, 0.40217391304347827, 0.5978260869565217, 0.5978260869565217, 0.5978260869565217, 0.40217391304347827, 0.5978260869565217, 0.40217391304347827, 0.5978260869565217, 0.5978260869565217], "aps": [0.39731011571797076, 0.4264948681491071, 0.41826889309412274, 0.3891157346874491, 0.4126687861705123, 0.3943692743084562, 0.39208352226361753, 0.42227564324397193, 0.4054000476793506, 0.429224192031575], "f1": [0.0, 0.5736434108527132, 0.0, 0.0, 0.0, 0.5736434108527132, 0.0, 0.5736434108527132, 0.0, 0.0], "auprc": [0.38278469916839825, 0.412002831422985, 0.4027548948853459, 0.373098001447312, 0.3976653813929646, 0.3798569334928043, 0.3752259754361181, 0.4085399365152581, 0.39008918548636107, 0.4158586245969717]}