{"auroc": [0.5066339066339067, 0.4958230958230959, 0.5002457002457003, 0.5336609336609336, 0.5041769041769042, 0.5066339066339066, 0.4476658476658477, 0.5641277641277642, 0.5076167076167076, 0.49828009828009834], "acc": [0.5978260869565217, 0.5978260869565217, 0.5978260869565217, 0.5978260869565217, 0.5978260869565217, 0.5978260869565217, 0.5978260869565217, 0.5978260869565217, 0.5978260869565217, 0.5978260869565217], "aps": [0.41723099318334267, 0.39392546401983736, 0.3885710437961513, 0.4183225852571151, 0.40191118532114634, 0.4015683240000282, 0.38185003692990543, 0.44077947634854586, 0.3970262080049089, 0.3945660894503997], "f1": [0.0, 0.0, 0.0, 0.0, 0.0, 0.0, 0.0, 0.0, 0.0, 0.0], "auprc": [0.40629002685336235, 0.37701067234619035, 0.3752692350044785, 0.40470369086871333, 0.38494356557946424, 0.38786588818098955, 0.3662186375120568, 0.42268138217332557, 0.3841431558210208, 0.37969567716148256]}