{"auroc": [0.539066339066339, 0.5641277641277642, 0.5031941031941032, 0.5690417690417691, 0.5936117936117936, 0.5326781326781327, 0.6, 0.5513513513513514, 0.4334152334152334, 0.5557739557739558], "acc": [0.5978260869565217, 0.5978260869565217, 0.5978260869565217, 0.5978260869565217, 0.5978260869565217, 0.5978260869565217, 0.5978260869565217, 0.5978260869565217, 0.40217391304347827, 0.5978260869565217], "aps": [0.40813139962465805, 0.4167932646302259, 0.3879208329123689, 0.42268093658676414, 0.4385304224658143, 0.4032422018313877, 0.44241941290131415, 0.4163640702945899, 0.3593154953424942, 0.42606990206003603], "f1": [0.0, 0.0, 0.0, 0.0, 0.0, 0.0, 0.0, 0.0, 0.5736434108527132, 0.0], "auprc": [0.39341959472397403, 0.4053892542001106, 0.3760070164904863, 0.4100580625362277, 0.4265044042218201, 0.3910757674968326, 0.4298560511756512, 0.40435131401754115, 0.344859857119283, 0.4134204706858099]}