{"auroc": [0.49041769041769046, 0.5213759213759215, 0.5361179361179362, 0.5523341523341523, 0.5405405405405406, 0.4383292383292383, 0.49287469287469293, 0.514987714987715, 0.5248157248157248, 0.548894348894349], "acc": [0.45652173913043476, 0.40217391304347827, 0.40217391304347827, 0.5543478260869565, 0.40217391304347827, 0.40217391304347827, 0.40217391304347827, 0.40217391304347827, 0.40217391304347827, 0.40217391304347827], "aps": [0.38903817263476903, 0.403979417767541, 0.41003418847832085, 0.4250704998548018, 0.41448827258862875, 0.36541570223641706, 0.3920767159612536, 0.4038547484465236, 0.4055809255250198, 0.41701819819168595], "f1": [0.5454545454545454, 0.5736434108527132, 0.5736434108527132, 0.08888888888888889, 0.5736434108527132, 0.5736434108527132, 0.5736434108527132, 0.5736434108527132, 0.5736434108527132, 0.5736434108527132], "auprc": [0.37538447702787436, 0.3890470008546429, 0.3971911990612266, 0.40983395688864915, 0.4015504113711702, 0.3522537124239546, 0.3795535296445376, 0.39133337378803845, 0.3928229544706672, 0.40445802439923095]}