{"auroc": [0.5041769041769042, 0.5437346437346438, 0.5002457002457003, 0.47714987714987717, 0.5194103194103195, 0.4589680589680589, 0.5257985257985258, 0.45552825552825554, 0.4727272727272728, 0.44471744471744473], "acc": [0.5978260869565217, 0.40217391304347827, 0.5978260869565217, 0.5978260869565217, 0.5978260869565217, 0.5978260869565217, 0.5978260869565217, 0.5978260869565217, 0.5978260869565217, 0.5978260869565217], "aps": [0.3959479052298287, 0.4368144883255384, 0.4147196175785475, 0.41031911334193377, 0.4311938147528893, 0.39772183225564267, 0.43361668113849666, 0.40968371715865304, 0.40962150095624306, 0.3854401523234956], "f1": [0.0, 0.5736434108527132, 0.0, 0.0, 0.0, 0.0, 0.0, 0.0, 0.0, 0.0], "auprc": [0.38147262213793004, 0.4205146857610809, 0.396474704991621, 0.39918552151861897, 0.4125584832544503, 0.38671506213692786, 0.42233544389413413, 0.39833262199108643, 0.3912546711863766, 0.3675247488960768]}