{"auroc": [0.5331695331695331, 0.4982800982800983, 0.6186732186732187, 0.5621621621621622, 0.5326781326781327, 0.5832923832923833, 0.5624078624078624, 0.5562653562653563, 0.5395577395577396, 0.5302211302211303], "acc": [0.40217391304347827, 0.40217391304347827, 0.40217391304347827, 0.40217391304347827, 0.5978260869565217, 0.40217391304347827, 0.5978260869565217, 0.40217391304347827, 0.40217391304347827, 0.40217391304347827], "aps": [0.4206480267125786, 0.42223384623491067, 0.4990602699342783, 0.42432624762346133, 0.41344457165598014, 0.47501430147807666, 0.4371106112031294, 0.44539249915673995, 0.41907141809213744, 0.4145795443311658], "f1": [0.5736434108527132, 0.5736434108527132, 0.5736434108527132, 0.5736434108527132, 0.0, 0.5736434108527132, 0.0, 0.5736434108527132, 0.5736434108527132, 0.5736434108527132], "auprc": [0.40486708732350213, 0.4066397271064889, 0.48026123615097593, 0.4113716241516317, 0.3993842557935065, 0.45656566849221203, 0.4221939286074694, 0.4269662605699948, 0.404358721550804, 0.39944764597393273]}