{"enet": [{"auroc": [0.454054054054054, 0.454054054054054, 0.5, 0.42162162162162165, 0.4535626535626536, 0.5, 0.44864864864864873, 0.454054054054054, 0.454054054054054, 0.5], "acc": [0.5978260869565217, 0.5978260869565217, 0.5978260869565217, 0.43478260869565216, 0.5978260869565217, 0.5978260869565217, 0.5978260869565217, 0.5978260869565217, 0.5978260869565217, 0.5978260869565217], "aps": [0.3810835962193344, 0.3810835962193344, 0.40217391304347827, 0.42787372229374776, 0.4412993779461527, 0.40217391304347827, 0.41792316717853656, 0.3810835962193344, 0.3810835962193344, 0.40217391304347827], "f1": [0.0, 0.0, 0.0, 0.36585365853658536, 0.0, 0.0, 0.0, 0.0, 0.0, 0.0], "auprc": [0.3672915536431851, 0.3672915536431851, 0.7010869565217391, 0.4188408140992115, 0.42956356317125793, 0.7010869565217391, 0.399490580036754, 0.3672915536431851, 0.3672915536431851, 0.7010869565217391]}]}