{"auroc": [0.5395577395577396, 0.5115479115479116, 0.5017199017199017, 0.5331695331695332, 0.5115479115479116, 0.5297297297297298, 0.48550368550368556, 0.5257985257985258, 0.49582309582309586, 0.49828009828009834], "acc": [0.40217391304347827, 0.5978260869565217, 0.40217391304347827, 0.5978260869565217, 0.5978260869565217, 0.5978260869565217, 0.5978260869565217, 0.532608695652174, 0.5978260869565217, 0.5543478260869565], "aps": [0.440656606366055, 0.4174003239704678, 0.4022048978567888, 0.406148049320202, 0.40602107141245125, 0.42229248057064783, 0.393039284395326, 0.41727920907898763, 0.3935922033448364, 0.3966505563718349], "f1": [0.56, 0.0, 0.5736434108527132, 0.0, 0.0, 0.0, 0.0, 0.044444444444444446, 0.0, 0.4225352112676056], "auprc": [0.42972186419946284, 0.39992196460364443, 0.3879047220784613, 0.3930512048143091, 0.3889952895476048, 0.4048557443061254, 0.37756394583231906, 0.40005623576286836, 0.3783823907150653, 0.3826093786151442]}