{"enet": [{"auroc": [0.49041769041769046, 0.5513513513513514, 0.5513513513513514, 0.5, 0.5, 0.5, 0.5287469287469287, 0.5, 0.5, 0.5272727272727273], "acc": [0.5978260869565217, 0.5978260869565217, 0.5978260869565217, 0.5978260869565217, 0.5978260869565217, 0.5978260869565217, 0.5978260869565217, 0.5978260869565217, 0.5978260869565217, 0.5978260869565217], "aps": [0.38270601609016897, 0.41863006146816206, 0.41863006146816206, 0.40217391304347827, 0.40217391304347827, 0.40217391304347827, 0.4168807144637988, 0.40217391304347827, 0.40217391304347827, 0.42991240809507314], "f1": [0.0, 0.0, 0.0, 0.0, 0.0, 0.0, 0.0, 0.0, 0.0, 0.0], "auprc": [0.3712499575057845, 0.4061036374488267, 0.4061036374488267, 0.7010869565217391, 0.7010869565217391, 0.7010869565217391, 0.39896026913108273, 0.7010869565217391, 0.7010869565217391, 0.41873309929322944]}]}