{"enet": [{"auroc": [0.5454545454545454, 0.5321867321867322, 0.5375921375921376, 0.5454545454545454, 0.5321867321867322, 0.509090909090909, 0.509090909090909, 0.5454545454545454, 0.5454545454545454, 0.5326781326781327], "acc": [0.5652173913043478, 0.42391304347826086, 0.5978260869565217, 0.5652173913043478, 0.42391304347826086, 0.40217391304347827, 0.40217391304347827, 0.5652173913043478, 0.5652173913043478, 0.43478260869565216], "aps": [0.4883370737451652, 0.46123894502782903, 0.47555450695168444, 0.4883370737451652, 0.46123894502782903, 0.4065934065934066, 0.4065934065934066, 0.4883370737451652, 0.4883370737451652, 0.4268493236247275], "f1": [0.3333333333333333, 0.5826771653543308, 0.0, 0.3333333333333333, 0.5826771653543308, 0.5736434108527132, 0.5736434108527132, 0.3333333333333333, 0.3333333333333333, 0.5873015873015873], "auprc": [0.4707239767042496, 0.4427785512721219, 0.4573462442806412, 0.4707239767042496, 0.4427785512721219, 0.7032967032967032, 0.7032967032967032, 0.4707239767042496, 0.4707239767042496, 0.6086409761882177]}]}