{"auroc": [0.45012285012285014, 0.5238329238329239, 0.48255528255528257, 0.5400491400491401, 0.5110565110565111, 0.4707616707616708, 0.5095823095823095, 0.47960687960687964, 0.4776412776412777, 0.49631449631449637], "acc": [0.5978260869565217, 0.5978260869565217, 0.5978260869565217, 0.40217391304347827, 0.5978260869565217, 0.5978260869565217, 0.5978260869565217, 0.5978260869565217, 0.40217391304347827, 0.40217391304347827], "aps": [0.3982581606353244, 0.4138013652831425, 0.4134528451034531, 0.4220041370619668, 0.46846639198805284, 0.4135108316304126, 0.40870782037160125, 0.39526418345268893, 0.38558260520887333, 0.4224440509098578], "f1": [0.0, 0.0, 0.0, 0.5736434108527132, 0.0, 0.0, 0.0, 0.0, 0.5736434108527132, 0.5736434108527132], "auprc": [0.38006133597246566, 0.39650225897444036, 0.3973010402715233, 0.40758836751098304, 0.4591402670458139, 0.40234791320472263, 0.3926613619045959, 0.3806136558175978, 0.370455969727345, 0.40690327599480847]}