{"auroc": [0.4968058968058968, 0.4840294840294841, 0.544963144963145, 0.5095823095823095, 0.47518427518427514, 0.42457002457002463, 0.4565110565110565, 0.4746928746928747, 0.44766584766584766, 0.49140049140049147], "acc": [0.5978260869565217, 0.5978260869565217, 0.5978260869565217, 0.5978260869565217, 0.5978260869565217, 0.5978260869565217, 0.5978260869565217, 0.5978260869565217, 0.5978260869565217, 0.5978260869565217], "aps": [0.39284575203064215, 0.39761976636615476, 0.4736406353438033, 0.42229374385511675, 0.38436834214981064, 0.3948709933347182, 0.3936120443332307, 0.41287266611157, 0.38233861010572534, 0.3948684345121225], "f1": [0.0, 0.0, 0.0, 0.0, 0.0, 0.0, 0.0, 0.0, 0.0, 0.0], "auprc": [0.37865364895670006, 0.37957795578084685, 0.4551467233472069, 0.4039648898596038, 0.36926754547841717, 0.3837033581299471, 0.3756092603045954, 0.4015679134582372, 0.3649651459685994, 0.38047373641777266]}