{"auroc": [0.43783783783783786, 0.46879606879606883, 0.4343980343980344, 0.509090909090909, 0.4432432432432433, 0.4511056511056511, 0.44619164619164614, 0.42702702702702705, 0.41818181818181827, 0.44471744471744473], "acc": [0.5978260869565217, 0.5978260869565217, 0.5978260869565217, 0.40217391304347827, 0.5978260869565217, 0.5978260869565217, 0.5978260869565217, 0.5978260869565217, 0.5978260869565217, 0.40217391304347827], "aps": [0.3629269006355219, 0.36751589047048805, 0.3596827975961966, 0.3885770201275067, 0.3628808959055563, 0.37518813247346605, 0.3562488183225201, 0.35748445210739854, 0.35215702316331576, 0.3654860537872869], "f1": [0.0, 0.0, 0.0, 0.5736434108527132, 0.0, 0.0, 0.0, 0.0, 0.0, 0.5736434108527132], "auprc": [0.3515421924582832, 0.3557010416124604, 0.343665015595241, 0.3751925219682018, 0.3486376378343115, 0.35829279797257224, 0.34489470039222603, 0.3418903357490165, 0.3395640118998514, 0.35308115948982377]}