{"enet": [{"auroc": [0.45159705159705166, 0.45995085995085994, 0.45159705159705166, 0.45159705159705166, 0.5, 0.4348894348894349, 0.4348894348894349, 0.45159705159705166, 0.4348894348894349, 0.4348894348894349], "acc": [0.5978260869565217, 0.5978260869565217, 0.5978260869565217, 0.5978260869565217, 0.5978260869565217, 0.5978260869565217, 0.5978260869565217, 0.5978260869565217, 0.5978260869565217, 0.5978260869565217], "aps": [0.3924173796331534, 0.39329688005254937, 0.3924173796331534, 0.3924173796331534, 0.40217391304347827, 0.38230319825093795, 0.38230319825093795, 0.3924173796331534, 0.38230319825093795, 0.38230319825093795], "f1": [0.0, 0.0, 0.0, 0.0, 0.0, 0.0, 0.0, 0.0, 0.0, 0.0], "auprc": [0.3744332069339165, 0.37745271613760195, 0.3744332069339165, 0.3744332069339165, 0.7010869565217391, 0.3666818654388685, 0.3666818654388685, 0.3744332069339165, 0.3666818654388685, 0.3666818654388685]}]}