{"auroc": [0.5321867321867322, 0.4972972972972973, 0.5773955773955775, 0.5272727272727273, 0.5484029484029485, 0.4864864864864865, 0.5115479115479116, 0.5316953316953317, 0.5287469287469287, 0.5233415233415234], "acc": [0.5978260869565217, 0.5978260869565217, 0.5978260869565217, 0.5978260869565217, 0.5978260869565217, 0.5978260869565217, 0.5978260869565217, 0.5978260869565217, 0.5978260869565217, 0.5978260869565217], "aps": [0.41291602560484436, 0.42575680277054884, 0.4648871519230937, 0.4426632711785722, 0.4306716710290637, 0.41534883799126654, 0.44778540751540596, 0.4376831292136783, 0.4361992966457939, 0.4258434694111629], "f1": [0.0, 0.0, 0.0, 0.0, 0.0, 0.0, 0.0, 0.0, 0.0, 0.0], "auprc": [0.3974047820644076, 0.40736280980252115, 0.44626177913825427, 0.4241498684484531, 0.4123405452963064, 0.3970275165355243, 0.4383334385594694, 0.426390558927346, 0.4245707399173947, 0.4097054486811742]}