{"auroc": [0.5243243243243243, 0.4879606879606879, 0.4732186732186732, 0.5346437346437347, 0.5282555282555284, 0.5282555282555282, 0.48894348894348905, 0.4732186732186732, 0.46928746928746934, 0.45601965601965605], "acc": [0.5978260869565217, 0.5978260869565217, 0.5978260869565217, 0.5978260869565217, 0.5978260869565217, 0.5978260869565217, 0.5978260869565217, 0.5978260869565217, 0.5978260869565217, 0.5978260869565217], "aps": [0.406435243152296, 0.3976901218477749, 0.38751460823424455, 0.4288485147579681, 0.4269300651846003, 0.42454162253239336, 0.39883907929550433, 0.38849867822086914, 0.39400687609431373, 0.37117245755876965], "f1": [0.0, 0.0, 0.0, 0.0, 0.0, 0.0, 0.0, 0.0, 0.0, 0.0], "auprc": [0.39379143302630715, 0.3827882503369428, 0.37581380085204574, 0.41543116223403165, 0.4085124006464189, 0.41084663136115473, 0.3852820955878356, 0.3749301453955445, 0.37614653003965903, 0.35850789403845684]}