{"auroc": [0.5842751842751843, 0.571990171990172, 0.5577395577395577, 0.5587223587223588, 0.5513513513513514, 0.5592137592137593, 0.5410319410319411, 0.5454545454545455, 0.5331695331695332, 0.48550368550368556], "acc": [0.40217391304347827, 0.5869565217391305, 0.40217391304347827, 0.40217391304347827, 0.40217391304347827, 0.40217391304347827, 0.5978260869565217, 0.40217391304347827, 0.40217391304347827, 0.5978260869565217], "aps": [0.44657283862720987, 0.449369593618845, 0.4307599227757477, 0.42757448822406385, 0.4247622969044081, 0.4287584125021453, 0.4474861371806438, 0.421332100487807, 0.41864305589617323, 0.40091677743007165], "f1": [0.5736434108527132, 0.05, 0.5736434108527132, 0.5736434108527132, 0.5736434108527132, 0.5736434108527132, 0.0, 0.5736434108527132, 0.5736434108527132, 0.0], "auprc": [0.4290812159241531, 0.43119783358401514, 0.41309840195346154, 0.4104159566082864, 0.40970331160105594, 0.4128854447779936, 0.4310405844940741, 0.40396094856677284, 0.4006936702461017, 0.38504028122894246]}