{"enet": [{"auroc": [0.5071253071253072, 0.5, 0.5071253071253072, 0.5071253071253072, 0.5, 0.5, 0.5, 0.5071253071253072, 0.5071253071253072, 0.5], "acc": [0.5978260869565217, 0.5978260869565217, 0.5978260869565217, 0.5978260869565217, 0.5978260869565217, 0.5978260869565217, 0.40217391304347827, 0.5978260869565217, 0.5978260869565217, 0.5978260869565217], "aps": [0.4217591370787711, 0.40217391304347827, 0.4217591370787711, 0.4217591370787711, 0.40217391304347827, 0.40217391304347827, 0.40217391304347827, 0.4217591370787711, 0.4217591370787711, 0.40217391304347827], "f1": [0.0, 0.0, 0.0, 0.0, 0.0, 0.0, 0.5736434108527132, 0.0, 0.0, 0.0], "auprc": [0.4057123076826295, 0.7010869565217391, 0.4057123076826295, 0.4057123076826295, 0.7010869565217391, 0.7010869565217391, 0.7010869565217391, 0.4057123076826295, 0.4057123076826295, 0.7010869565217391]}]}