{"enet": [{"auroc": [0.5282555282555282, 0.5538083538083539, 0.5469287469287469, 0.5282555282555282, 0.5469287469287469, 0.5282555282555282, 0.5, 0.5282555282555282, 0.5297297297297296, 0.5], "acc": [0.5978260869565217, 0.5978260869565217, 0.5978260869565217, 0.5978260869565217, 0.5978260869565217, 0.5978260869565217, 0.40217391304347827, 0.5978260869565217, 0.5978260869565217, 0.40217391304347827], "aps": [0.4147509250911121, 0.43367214107799124, 0.4379034406664419, 0.4147509250911121, 0.4379034406664419, 0.4147509250911121, 0.40217391304347827, 0.4147509250911121, 0.41232456593755423, 0.40217391304347827], "f1": [0.0, 0.0, 0.0, 0.0, 0.0, 0.0, 0.5736434108527132, 0.0, 0.0, 0.5736434108527132], "auprc": [0.40204361917081655, 0.41775240110814704, 0.42229193957544797, 0.40204361917081655, 0.42229193957544797, 0.40204361917081655, 0.7010869565217391, 0.40204361917081655, 0.39992956276090674, 0.7010869565217391]}]}