{"enet": [{"auroc": [0.5041769041769042, 0.5, 0.5, 0.4520884520884521, 0.49090909090909096, 0.45847665847665847, 0.5, 0.45847665847665847, 0.5, 0.5], "acc": [0.5978260869565217, 0.5978260869565217, 0.5978260869565217, 0.5978260869565217, 0.5978260869565217, 0.5978260869565217, 0.5978260869565217, 0.5978260869565217, 0.5978260869565217, 0.5978260869565217], "aps": [0.4429433830326799, 0.40217391304347827, 0.40217391304347827, 0.3881132984073742, 0.43492105447784146, 0.3931444141028597, 0.40217391304347827, 0.3931444141028597, 0.40217391304347827, 0.40217391304347827], "f1": [0.0, 0.0, 0.0, 0.0, 0.0, 0.0, 0.0, 0.0, 0.0, 0.0], "auprc": [0.4279960216920762, 0.7010869565217391, 0.7010869565217391, 0.37067778615094427, 0.4190591959934102, 0.3773013635329105, 0.7010869565217391, 0.3773013635329105, 0.7010869565217391, 0.7010869565217391]}]}