{"auroc": [0.4643734643734644, 0.6098280098280099, 0.4535626535626535, 0.4800982800982801, 0.46240786240786247, 0.4663390663390663, 0.5272727272727273, 0.43243243243243246, 0.5022113022113023, 0.5474201474201474], "acc": [0.5978260869565217, 0.5978260869565217, 0.40217391304347827, 0.5978260869565217, 0.5978260869565217, 0.5978260869565217, 0.5978260869565217, 0.5978260869565217, 0.5978260869565217, 0.40217391304347827], "aps": [0.41201813664857867, 0.4983528139953859, 0.38210326849784354, 0.39899750296792, 0.40520207886134246, 0.4143714790213742, 0.4335029492403847, 0.3699465683856442, 0.39487473416434626, 0.4300732957926659], "f1": [0.0, 0.0, 0.5736434108527132, 0.0, 0.0, 0.0, 0.0, 0.0, 0.0, 0.5736434108527132], "auprc": [0.3958850494127489, 0.4819463961811426, 0.36637314771982205, 0.3830119277435137, 0.38897562556456416, 0.3983320462855542, 0.4171137026588608, 0.35296611038390446, 0.37755421672076994, 0.4143051731868355]}