{"auroc": [0.5518427518427519, 0.4958230958230958, 0.5769041769041768, 0.5282555282555282, 0.514987714987715, 0.5056511056511057, 0.51007371007371, 0.49975429975429975, 0.4756756756756757, 0.5115479115479116], "acc": [0.5978260869565217, 0.5978260869565217, 0.5978260869565217, 0.5978260869565217, 0.5978260869565217, 0.5978260869565217, 0.5978260869565217, 0.5978260869565217, 0.5978260869565217, 0.5978260869565217], "aps": [0.4384924598166899, 0.40539230361452994, 0.45997983317499014, 0.48468937333597295, 0.4217879618496137, 0.43978731539515087, 0.4181326635300945, 0.4070350843404944, 0.3853281913661505, 0.44127414654906033], "f1": [0.0, 0.0, 0.0, 0.0, 0.0, 0.0, 0.0, 0.0, 0.0, 0.0], "auprc": [0.42771927251673336, 0.3874951980943192, 0.4413693232947777, 0.4764103969770807, 0.4112346563360498, 0.42804079931230116, 0.4078645871822679, 0.39695075217707193, 0.370263233279236, 0.429518194983041]}