{"auroc": [0.5002457002457004, 0.4914004914004914, 0.4914004914004914, 0.48894348894348894, 0.4909090909090909, 0.4540540540540541, 0.48402948402948404, 0.49950859950859955, 0.47223587223587227, 0.520884520884521], "acc": [0.5978260869565217, 0.5978260869565217, 0.5978260869565217, 0.40217391304347827, 0.5978260869565217, 0.40217391304347827, 0.5978260869565217, 0.5978260869565217, 0.5978260869565217, 0.40217391304347827], "aps": [0.41804884310852164, 0.4117547420084413, 0.4121208656971119, 0.39037349071324284, 0.4134328824034773, 0.3772824677463564, 0.40838507458924966, 0.42591224216767926, 0.4193874540620832, 0.44156448906056955], "f1": [0.0, 0.0, 0.0, 0.5736434108527132, 0.0, 0.5736434108527132, 0.0, 0.05128205128205129, 0.0, 0.5736434108527132], "auprc": [0.40175742687813815, 0.3935376895730617, 0.39378574547904344, 0.3751123728533161, 0.3950841120841021, 0.36317543460882035, 0.39244980140781993, 0.4145741947325589, 0.4011535910475035, 0.42293579428078687]}