{"enet": [{"auroc": [0.5041769041769042, 0.5, 0.485995085995086, 0.485995085995086, 0.49582309582309586, 0.49582309582309586, 0.485995085995086, 0.5, 0.485995085995086, 0.485995085995086], "acc": [0.5978260869565217, 0.5978260869565217, 0.5978260869565217, 0.5978260869565217, 0.5978260869565217, 0.5978260869565217, 0.5978260869565217, 0.40217391304347827, 0.5978260869565217, 0.5978260869565217], "aps": [0.4473259384920701, 0.40217391304347827, 0.4221589990631275, 0.4221589990631275, 0.42821302413147566, 0.42821302413147566, 0.4221589990631275, 0.40217391304347827, 0.4221589990631275, 0.4221589990631275], "f1": [0.0, 0.0, 0.0, 0.0, 0.0, 0.0, 0.0, 0.5736434108527132, 0.0, 0.0], "auprc": [0.435522050211843, 0.7010869565217391, 0.4036386405203628, 0.4036386405203628, 0.4166139039234408, 0.4166139039234408, 0.4036386405203628, 0.7010869565217391, 0.4036386405203628, 0.4036386405203628]}]}