{"enet": [{"auroc": [0.483046683046683, 0.483046683046683, 0.4535626535626536, 0.4535626535626536, 0.483046683046683, 0.483046683046683, 0.4314496314496315, 0.483046683046683, 0.483046683046683, 0.5], "acc": [0.5978260869565217, 0.5978260869565217, 0.5978260869565217, 0.5978260869565217, 0.5978260869565217, 0.5978260869565217, 0.5978260869565217, 0.5978260869565217, 0.5978260869565217, 0.5978260869565217], "aps": [0.4085899015117458, 0.4085899015117458, 0.3700115786381434, 0.3700115786381434, 0.4085899015117458, 0.4085899015117458, 0.3728420451848198, 0.4085899015117458, 0.4085899015117458, 0.40217391304347827], "f1": [0.0, 0.0, 0.0, 0.0, 0.0, 0.0, 0.0, 0.0, 0.0, 0.0], "auprc": [0.3908937677813313, 0.3908937677813313, 0.35737078145611534, 0.35737078145611534, 0.3908937677813313, 0.3908937677813313, 0.3571873582042993, 0.3908937677813313, 0.3908937677813313, 0.7010869565217391]}]}