{"auroc": [0.516953316953317, 0.537100737100737, 0.49238329238329237, 0.43194103194103206, 0.4638820638820639, 0.5425061425061425, 0.45307125307125307, 0.4535626535626536, 0.48894348894348905, 0.5336609336609337], "acc": [0.40217391304347827, 0.40217391304347827, 0.5978260869565217, 0.5978260869565217, 0.5978260869565217, 0.40217391304347827, 0.40217391304347827, 0.5978260869565217, 0.5978260869565217, 0.40217391304347827], "aps": [0.39253150706152445, 0.41781938284045034, 0.421548060922705, 0.3906037330565936, 0.43762526624367787, 0.46371615164847646, 0.3775354316814226, 0.39410139229308283, 0.39976152410033916, 0.4232982857386416], "f1": [0.5736434108527132, 0.5736434108527132, 0.0, 0.0, 0.0, 0.5736434108527132, 0.5736434108527132, 0.0, 0.0, 0.5736434108527132], "auprc": [0.37931237818409735, 0.40319285056119014, 0.4054650439283758, 0.3799907107780715, 0.4297204566578685, 0.4450096546800604, 0.36242326006628106, 0.3795298541350871, 0.38525704501644287, 0.40548346930495577]}