{"enet": [{"auroc": [0.4633906633906634, 0.4633906633906634, 0.4633906633906634, 0.4633906633906634, 0.5, 0.4717444717444718, 0.4633906633906634, 0.4633906633906634, 0.4717444717444718, 0.5459459459459459], "acc": [0.5978260869565217, 0.5978260869565217, 0.5978260869565217, 0.5978260869565217, 0.5978260869565217, 0.5543478260869565, 0.5978260869565217, 0.5978260869565217, 0.5543478260869565, 0.5978260869565217], "aps": [0.4172034463766481, 0.4172034463766481, 0.4172034463766481, 0.4172034463766481, 0.40217391304347827, 0.38225679893322073, 0.4172034463766481, 0.4172034463766481, 0.38225679893322073, 0.45073301539316024], "f1": [0.0, 0.0, 0.0, 0.0, 0.0, 0.046511627906976744, 0.0, 0.0, 0.046511627906976744, 0.0], "auprc": [0.40112310170221327, 0.40112310170221327, 0.40112310170221327, 0.40112310170221327, 0.7010869565217391, 0.36917084764990504, 0.40112310170221327, 0.40112310170221327, 0.36917084764990504, 0.432063678303071]}]}