{"auroc": [0.5587223587223588, 0.5439803439803441, 0.5547911547911548, 0.5243243243243243, 0.5754299754299754, 0.539066339066339, 0.485995085995086, 0.4766584766584767, 0.5660933660933661, 0.520884520884521], "acc": [0.5978260869565217, 0.5978260869565217, 0.5978260869565217, 0.5978260869565217, 0.5978260869565217, 0.5978260869565217, 0.40217391304347827, 0.5978260869565217, 0.5978260869565217, 0.5978260869565217], "aps": [0.4220133363725339, 0.41392374560267614, 0.42112514150519326, 0.4177273753376502, 0.43404535286683077, 0.41088194829454666, 0.38215986749175607, 0.3775526724934085, 0.43882930154863536, 0.4074486533435445], "f1": [0.0, 0.0, 0.0, 0.0, 0.0, 0.0, 0.5736434108527132, 0.0, 0.0, 0.0], "auprc": [0.4084382863506646, 0.39988307096189135, 0.407645334305793, 0.40378236839242043, 0.4208042729471484, 0.39751949703544054, 0.36863841321157775, 0.3645176559240756, 0.4232873812244915, 0.3936876325565923]}