{"auroc": [0.508108108108108, 0.45995085995086, 0.41277641277641275, 0.48648648648648646, 0.5017199017199018, 0.458968058968059, 0.46928746928746934, 0.47223587223587227, 0.4594594594594595, 0.4358722358722359], "acc": [0.40217391304347827, 0.5978260869565217, 0.5978260869565217, 0.5652173913043478, 0.5978260869565217, 0.5978260869565217, 0.5978260869565217, 0.5978260869565217, 0.5978260869565217, 0.5978260869565217], "aps": [0.43113237736430676, 0.377571986868956, 0.3483336005064218, 0.3872462076641625, 0.3904065363756105, 0.3749954287778498, 0.4313244665256541, 0.3818035211407925, 0.3890306694933057, 0.3640121516247218], "f1": [0.5736434108527132, 0.0, 0.0, 0.047619047619047616, 0.0, 0.0, 0.0, 0.0, 0.0, 0.0], "auprc": [0.41607611811783174, 0.360924481023245, 0.3351831518028244, 0.3708300013581876, 0.377511287190343, 0.36079631608029034, 0.4195360776454417, 0.36777964906634003, 0.37931420183956355, 0.3505217318316638]}