{"enet": [{"auroc": [0.5444717444717446, 0.5, 0.5444717444717446, 0.5444717444717446, 0.5444717444717446, 0.5, 0.5, 0.5444717444717446, 0.44275184275184276, 0.5444717444717446], "acc": [0.5978260869565217, 0.5978260869565217, 0.5978260869565217, 0.5978260869565217, 0.5978260869565217, 0.5978260869565217, 0.5978260869565217, 0.5978260869565217, 0.5978260869565217, 0.5978260869565217], "aps": [0.44816531438797735, 0.40217391304347827, 0.44816531438797735, 0.44816531438797735, 0.44816531438797735, 0.40217391304347827, 0.40217391304347827, 0.44816531438797735, 0.40382072453134527, 0.44816531438797735], "f1": [0.0, 0.0, 0.0, 0.0, 0.0, 0.0, 0.0, 0.0, 0.0, 0.0], "auprc": [0.42967051149764535, 0.7010869565217391, 0.42967051149764535, 0.42967051149764535, 0.42967051149764535, 0.7010869565217391, 0.7010869565217391, 0.42967051149764535, 0.3923133525130328, 0.42967051149764535]}]}