{"auroc": [0.5646191646191646, 0.5208845208845209, 0.4614250614250614, 0.4638820638820639, 0.4579852579852581, 0.5076167076167076, 0.5307125307125308, 0.5110565110565111, 0.5356265356265357, 0.4673218673218673], "acc": [0.5978260869565217, 0.5978260869565217, 0.5978260869565217, 0.5978260869565217, 0.5978260869565217, 0.5978260869565217, 0.5978260869565217, 0.5978260869565217, 0.5978260869565217, 0.5978260869565217], "aps": [0.45085836964106796, 0.48840909160208906, 0.45168782090714915, 0.4408222961688574, 0.40257612047041, 0.41622584312296185, 0.46513674806580396, 0.42280632397076773, 0.42797355938340664, 0.4177610559861519], "f1": [0.0, 0.0, 0.0, 0.0, 0.0, 0.0, 0.0, 0.0, 0.0, 0.0], "auprc": [0.43609212216851423, 0.48010853314049323, 0.44377151277965077, 0.4311260478804599, 0.3842389381337185, 0.4021730731465617, 0.44890986194403676, 0.40777028833612516, 0.41456745943081136, 0.3994496525762643]}