{"auroc": [0.5208845208845209, 0.5331695331695332, 0.5356265356265356, 0.49533169533169535, 0.5213759213759214, 0.47420147420147424, 0.5179361179361179, 0.5022113022113022, 0.5095823095823095, 0.49877149877149884], "acc": [0.5978260869565217, 0.5978260869565217, 0.5978260869565217, 0.5978260869565217, 0.5978260869565217, 0.5978260869565217, 0.40217391304347827, 0.5978260869565217, 0.5978260869565217, 0.5978260869565217], "aps": [0.4200771565494384, 0.4172615708719829, 0.43423427619507704, 0.424735415951796, 0.4275169086440749, 0.3945602909157, 0.4067047914436216, 0.3991767263970055, 0.44840424175183025, 0.40769994361228057], "f1": [0.0, 0.0, 0.0, 0.0, 0.0, 0.0, 0.5736434108527132, 0.0, 0.0, 0.0], "auprc": [0.40960335444249213, 0.39971478728317206, 0.41572176759706175, 0.4065511624915918, 0.4089894886434958, 0.3786176233211358, 0.3923208514950939, 0.3821204053452755, 0.4299579412630548, 0.3898187906664047]}