{"auroc": [0.44029484029484034, 0.5007371007371008, 0.51990171990172, 0.48550368550368556, 0.4402948402948403, 0.4776412776412777, 0.4771498771498772, 0.49484029484029485, 0.4781326781326781, 0.46633906633906635], "acc": [0.5978260869565217, 0.5978260869565217, 0.5978260869565217, 0.40217391304347827, 0.5978260869565217, 0.5978260869565217, 0.5978260869565217, 0.5978260869565217, 0.3695652173913043, 0.5978260869565217], "aps": [0.36249672066639804, 0.4102441983796965, 0.43207930263172223, 0.40169174951232756, 0.3634654708169536, 0.39107728752707605, 0.39062472214508037, 0.3964818987510874, 0.4110054259588373, 0.38759996055104606], "f1": [0.0, 0.0, 0.0, 0.5736434108527132, 0.0, 0.0, 0.0, 0.0, 0.5166666666666666, 0.0], "auprc": [0.35000270898252456, 0.4004783248810742, 0.4137478169603411, 0.3916528388821749, 0.34723850574741133, 0.3764604851320587, 0.37381281979729747, 0.3799027177591073, 0.4002460471271042, 0.3701503777213251]}