{"enet": [{"auroc": [0.4884520884520885, 0.514004914004914, 0.5705159705159706, 0.5, 0.5, 0.5, 0.5513513513513514, 0.5, 0.5705159705159706, 0.5572481572481572], "acc": [0.5978260869565217, 0.5978260869565217, 0.5978260869565217, 0.5978260869565217, 0.5978260869565217, 0.5978260869565217, 0.5978260869565217, 0.5978260869565217, 0.5978260869565217, 0.5978260869565217], "aps": [0.3825176503208987, 0.39828707454671225, 0.4286219799354794, 0.40217391304347827, 0.40217391304347827, 0.40217391304347827, 0.42866770714642527, 0.40217391304347827, 0.4286219799354794, 0.4435644899925849], "f1": [0.0, 0.0, 0.0, 0.0, 0.0, 0.0, 0.0, 0.0, 0.0, 0.0], "auprc": [0.3719020283195588, 0.38570628899262965, 0.4160989266292604, 0.7010869565217391, 0.7010869565217391, 0.7010869565217391, 0.41394156329811216, 0.7010869565217391, 0.4160989266292604, 0.4251337318489408]}]}