{"enet": [{"auroc": [0.46486486486486495, 0.5, 0.5076167076167076, 0.5272727272727273, 0.5, 0.5076167076167076, 0.5184275184275184, 0.5272727272727273, 0.4648648648648649, 0.5], "acc": [0.5978260869565217, 0.5978260869565217, 0.5978260869565217, 0.5978260869565217, 0.5978260869565217, 0.5978260869565217, 0.5978260869565217, 0.5978260869565217, 0.5978260869565217, 0.5978260869565217], "aps": [0.38858937866920507, 0.40217391304347827, 0.44084712153397204, 0.4337529579803248, 0.40217391304347827, 0.44084712153397204, 0.43696716086020937, 0.4337529579803248, 0.37621382949418014, 0.40217391304347827], "f1": [0.0, 0.0, 0.0, 0.0, 0.0, 0.0, 0.0, 0.0, 0.0, 0.0], "auprc": [0.3711400326658079, 0.7010869565217391, 0.43155121882000136, 0.4222806916885714, 0.7010869565217391, 0.43155121882000136, 0.4253684599315558, 0.4222806916885714, 0.3636955911340069, 0.7010869565217391]}]}