{"enet": [{"auroc": [0.4855036855036855, 0.5090909090909091, 0.5, 0.4855036855036855, 0.49926289926289935, 0.5, 0.4855036855036855, 0.4855036855036855, 0.4855036855036855, 0.45110565110565115], "acc": [0.5978260869565217, 0.5978260869565217, 0.5978260869565217, 0.5978260869565217, 0.5978260869565217, 0.40217391304347827, 0.5978260869565217, 0.5978260869565217, 0.5978260869565217, 0.5978260869565217], "aps": [0.41467135905159713, 0.42548096356746157, 0.40217391304347827, 0.41467135905159713, 0.41662304211042306, 0.40217391304347827, 0.41467135905159713, 0.41467135905159713, 0.41467135905159713, 0.3692119498099339], "f1": [0.0, 0.0, 0.0, 0.0, 0.0, 0.5736434108527132, 0.0, 0.0, 0.0, 0.0], "auprc": [0.3996974525597078, 0.4071060950127319, 0.7010869565217391, 0.3996974525597078, 0.40050212958344383, 0.7010869565217391, 0.3996974525597078, 0.3996974525597078, 0.3996974525597078, 0.3553015298269748]}]}