{"auroc": [0.5125307125307126, 0.5341523341523342, 0.4982800982800983, 0.5228501228501229, 0.4742014742014742, 0.5130221130221131, 0.5031941031941032, 0.5223587223587224, 0.5351351351351351, 0.5385749385749385], "acc": [0.5978260869565217, 0.5978260869565217, 0.5978260869565217, 0.5978260869565217, 0.5978260869565217, 0.5978260869565217, 0.44565217391304346, 0.5978260869565217, 0.5978260869565217, 0.5978260869565217], "aps": [0.400512289143111, 0.41817658608028746, 0.4014859655917852, 0.4155333632432873, 0.3879889624873478, 0.4016204855041306, 0.41443955446449554, 0.40567742863719103, 0.41760935798472254, 0.4167758938214235], "f1": [0.0, 0.0, 0.0, 0.0, 0.0, 0.0, 0.5142857142857142, 0.0, 0.0, 0.0], "auprc": [0.3854087700368843, 0.403023506123765, 0.385693125845401, 0.40037708850143877, 0.372438442615613, 0.3896598120347776, 0.3964924938222871, 0.39273924279677946, 0.40369383296421835, 0.4032729308946203]}