{"enet": [{"auroc": [0.46977886977886985, 0.46977886977886985, 0.46977886977886985, 0.4535626535626536, 0.44963144963144963, 0.46977886977886985, 0.46191646191646196, 0.46977886977886985, 0.45110565110565115, 0.48894348894348894], "acc": [0.5978260869565217, 0.5978260869565217, 0.5978260869565217, 0.5978260869565217, 0.5978260869565217, 0.5978260869565217, 0.5978260869565217, 0.5978260869565217, 0.5978260869565217, 0.5978260869565217], "aps": [0.40611404105005455, 0.40611404105005455, 0.40611404105005455, 0.4423857952721331, 0.39671156576397437, 0.40611404105005455, 0.4122505108289397, 0.40611404105005455, 0.4004471130312993, 0.4359958777970798], "f1": [0.0, 0.0, 0.0, 0.0, 0.0, 0.0, 0.0, 0.0, 0.0, 0.0], "auprc": [0.38999959873062745, 0.38999959873062745, 0.38999959873062745, 0.4315652254293208, 0.37888197320564104, 0.38999959873062745, 0.3881369368810723, 0.38999959873062745, 0.3894427376636569, 0.4242487921153496]}]}